State,Start,End,Sequence,charge,Peptide mass (Da),Exposure,Uptake
WT-Apo,1,14,MAQTPAFNKPKVEL,2,1572.833323,0,0
WT-Apo,1,14,MAQTPAFNKPKVEL,2,1572.833323,10,4.660131948
WT-Apo,1,14,MAQTPAFNKPKVEL,2,1572.833323,30,4.941027302
WT-Apo,1,14,MAQTPAFNKPKVEL,2,1572.833323,45,4.644247985
WT-Apo,1,14,MAQTPAFNKPKVEL,2,1572.833323,60,4.583498791
WT-Apo,1,14,MAQTPAFNKPKVEL,2,1572.833323,180,5.026299106
WT-Apo,1,14,MAQTPAFNKPKVEL,2,1572.833323,600,4.733699779
WT-Apo,1,14,MAQTPAFNKPKVEL,2,1572.833323,1200,5.168976111
WT-Apo,1,14,MAQTPAFNKPKVEL,2,1572.833323,1800,4.868574136
WT-Apo,1,14,MAQTPAFNKPKVEL,2,1572.833323,2700,5.215792004
WT-Apo,1,14,MAQTPAFNKPKVEL,2,1572.833323,3600,5.009300479
WT-Apo,1,14,MAQTPAFNKPKVEL,2,1572.833323,7200,5.068656342
WT-Apo,1,14,MAQTPAFNKPKVEL,2,1572.833323,10800,4.978925882
WT-Apo,1,14,MAQTPAFNKPKVEL,2,1572.833323,14400,4.895047408
,,,,,,,
WT-Apo,15,28,HVHLDGAIKPETIL,2,1541.856502,0,0
WT-Apo,15,28,HVHLDGAIKPETIL,2,1541.856502,10,1.395199334
WT-Apo,15,28,HVHLDGAIKPETIL,2,1541.856502,30,1.610558061
WT-Apo,15,28,HVHLDGAIKPETIL,2,1541.856502,45,1.584465432
WT-Apo,15,28,HVHLDGAIKPETIL,2,1541.856502,60,1.82194617
WT-Apo,15,28,HVHLDGAIKPETIL,2,1541.856502,180,1.588057895
WT-Apo,15,28,HVHLDGAIKPETIL,2,1541.856502,600,1.71852104
WT-Apo,15,28,HVHLDGAIKPETIL,2,1541.856502,1200,1.792450155
WT-Apo,15,28,HVHLDGAIKPETIL,2,1541.856502,1800,1.746126285
WT-Apo,15,28,HVHLDGAIKPETIL,2,1541.856502,2700,1.928396532
WT-Apo,15,28,HVHLDGAIKPETIL,2,1541.856502,3600,1.903438366
WT-Apo,15,28,HVHLDGAIKPETIL,2,1541.856502,7200,2.002703801
WT-Apo,15,28,HVHLDGAIKPETIL,2,1541.856502,10800,2.16776804
WT-Apo,15,28,HVHLDGAIKPETIL,2,1541.856502,14400,2.284239485
,,,,,,,
WT-Apo,29,45,YFGKKRGIALPADTVEE,2,1892.999523,0,0
WT-Apo,29,45,YFGKKRGIALPADTVEE,2,1892.999523,10,6.325665375
WT-Apo,29,45,YFGKKRGIALPADTVEE,2,1892.999523,30,6.808369616
WT-Apo,29,45,YFGKKRGIALPADTVEE,2,1892.999523,45,6.928360017
WT-Apo,29,45,YFGKKRGIALPADTVEE,2,1892.999523,60,7.048578971
WT-Apo,29,45,YFGKKRGIALPADTVEE,2,1892.999523,180,7.547510485
WT-Apo,29,45,YFGKKRGIALPADTVEE,2,1892.999523,600,8.330990664
WT-Apo,29,45,YFGKKRGIALPADTVEE,2,1892.999523,1200,8.599769161
WT-Apo,29,45,YFGKKRGIALPADTVEE,2,1892.999523,1800,8.953797982
WT-Apo,29,45,YFGKKRGIALPADTVEE,2,1892.999523,2700,9.113785183
WT-Apo,29,45,YFGKKRGIALPADTVEE,2,1892.999523,3600,9.302798633
WT-Apo,29,45,YFGKKRGIALPADTVEE,2,1892.999523,7200,10.1692436
WT-Apo,29,45,YFGKKRGIALPADTVEE,2,1892.999523,10800,10.35939982
WT-Apo,29,45,YFGKKRGIALPADTVEE,2,1892.999523,14400,10.4419075
,,,,,,,
WT-Apo,46,62,LRNIIGMDKPLSLPGFL,2,1883.070182,0,0
WT-Apo,46,62,LRNIIGMDKPLSLPGFL,2,1883.070182,10,4.559486458
WT-Apo,46,62,LRNIIGMDKPLSLPGFL,2,1883.070182,30,5.006311082
WT-Apo,46,62,LRNIIGMDKPLSLPGFL,2,1883.070182,45,5.205200332
WT-Apo,46,62,LRNIIGMDKPLSLPGFL,2,1883.070182,60,5.358469472
WT-Apo,46,62,LRNIIGMDKPLSLPGFL,2,1883.070182,180,5.887518482
WT-Apo,46,62,LRNIIGMDKPLSLPGFL,2,1883.070182,600,6.916765841
WT-Apo,46,62,LRNIIGMDKPLSLPGFL,2,1883.070182,1200,7.448880234
WT-Apo,46,62,LRNIIGMDKPLSLPGFL,2,1883.070182,1800,7.996501857
WT-Apo,46,62,LRNIIGMDKPLSLPGFL,2,1883.070182,2700,8.278336759
WT-Apo,46,62,LRNIIGMDKPLSLPGFL,2,1883.070182,3600,8.56990876
WT-Apo,46,62,LRNIIGMDKPLSLPGFL,2,1883.070182,7200,9.303256518
WT-Apo,46,62,LRNIIGMDKPLSLPGFL,2,1883.070182,10800,9.461574525
WT-Apo,46,62,LRNIIGMDKPLSLPGFL,2,1883.070182,14400,9.588156803
,,,,,,,
WT-Apo,63,74,AKFDYYMPVIAG,2,1373.668898,0,0
WT-Apo,63,74,AKFDYYMPVIAG,2,1373.668898,10,0.963491035
WT-Apo,63,74,AKFDYYMPVIAG,2,1373.668898,30,1.017930439
WT-Apo,63,74,AKFDYYMPVIAG,2,1373.668898,45,0.883416145
WT-Apo,63,74,AKFDYYMPVIAG,2,1373.668898,60,1.254698639
WT-Apo,63,74,AKFDYYMPVIAG,2,1373.668898,180,0.924029668
WT-Apo,63,74,AKFDYYMPVIAG,2,1373.668898,600,1.343414704
WT-Apo,63,74,AKFDYYMPVIAG,2,1373.668898,1200,1.788723266
WT-Apo,63,74,AKFDYYMPVIAG,2,1373.668898,1800,1.983725787
WT-Apo,63,74,AKFDYYMPVIAG,2,1373.668898,2700,2.319867502
WT-Apo,63,74,AKFDYYMPVIAG,2,1373.668898,3600,2.557211781
WT-Apo,63,74,AKFDYYMPVIAG,2,1373.668898,7200,3.096709152
WT-Apo,63,74,AKFDYYMPVIAG,2,1373.668898,10800,3.304961475
WT-Apo,63,74,AKFDYYMPVIAG,2,1373.668898,14400,3.454165767
,,,,,,,
WT-Apo,76,85,REAIKRIAYE,3,1247.698558,0,0
WT-Apo,76,85,REAIKRIAYE,3,1247.698558,10,0.460255649
WT-Apo,76,85,REAIKRIAYE,3,1247.698558,30,0.513277451
WT-Apo,76,85,REAIKRIAYE,3,1247.698558,45,0.429894616
WT-Apo,76,85,REAIKRIAYE,3,1247.698558,60,0.627901349
WT-Apo,76,85,REAIKRIAYE,3,1247.698558,180,0.386553143
WT-Apo,76,85,REAIKRIAYE,3,1247.698558,600,0.465315821
WT-Apo,76,85,REAIKRIAYE,3,1247.698558,1200,0.52383781
WT-Apo,76,85,REAIKRIAYE,3,1247.698558,1800,0.432754714
WT-Apo,76,85,REAIKRIAYE,3,1247.698558,2700,0.576859613
WT-Apo,76,85,REAIKRIAYE,3,1247.698558,3600,0.502717092
WT-Apo,76,85,REAIKRIAYE,3,1247.698558,7200,0.398873562
WT-Apo,76,85,REAIKRIAYE,3,1247.698558,10800,0.429894616
WT-Apo,76,85,REAIKRIAYE,3,1247.698558,14400,0.516357556
,,,,,,,
WT-Apo,86,97,FVEMKAKEGVVY,2,1398.721658,0,0
WT-Apo,86,97,FVEMKAKEGVVY,2,1398.721658,10,2.530300725
WT-Apo,86,97,FVEMKAKEGVVY,2,1398.721658,30,2.812515848
WT-Apo,86,97,FVEMKAKEGVVY,2,1398.721658,45,2.646178812
WT-Apo,86,97,FVEMKAKEGVVY,2,1398.721658,60,3.172574674
WT-Apo,86,97,FVEMKAKEGVVY,2,1398.721658,180,3.293777575
WT-Apo,86,97,FVEMKAKEGVVY,2,1398.721658,600,3.772757239
WT-Apo,86,97,FVEMKAKEGVVY,2,1398.721658,1200,4.081089305
WT-Apo,86,97,FVEMKAKEGVVY,2,1398.721658,1800,4.067143364
WT-Apo,86,97,FVEMKAKEGVVY,2,1398.721658,2700,4.361783052
WT-Apo,86,97,FVEMKAKEGVVY,2,1398.721658,3600,4.851919469
WT-Apo,86,97,FVEMKAKEGVVY,2,1398.721658,7200,5.190171915
WT-Apo,86,97,FVEMKAKEGVVY,2,1398.721658,10800,5.325067194
WT-Apo,86,97,FVEMKAKEGVVY,2,1398.721658,14400,5.409503525
,,,,,,,
WT-Apo,98,108,VEVRYSPHLLA,3,1282.703309,0,0
WT-Apo,98,108,VEVRYSPHLLA,3,1282.703309,10,1.430092804
WT-Apo,98,108,VEVRYSPHLLA,3,1282.703309,30,1.463563061
WT-Apo,98,108,VEVRYSPHLLA,3,1282.703309,45,1.354024038
WT-Apo,98,108,VEVRYSPHLLA,3,1282.703309,60,1.574369897
WT-Apo,98,108,VEVRYSPHLLA,3,1282.703309,180,1.300775901
WT-Apo,98,108,VEVRYSPHLLA,3,1282.703309,600,1.375576855
WT-Apo,98,108,VEVRYSPHLLA,3,1282.703309,1200,1.436178305
WT-Apo,98,108,VEVRYSPHLLA,3,1282.703309,1800,1.326639282
WT-Apo,98,108,VEVRYSPHLLA,3,1282.703309,2700,1.513768447
WT-Apo,98,108,VEVRYSPHLLA,3,1282.703309,3600,1.439221056
WT-Apo,98,108,VEVRYSPHLLA,3,1282.703309,7200,1.310664841
WT-Apo,98,108,VEVRYSPHLLA,3,1282.703309,10800,1.333485471
WT-Apo,98,108,VEVRYSPHLLA,3,1282.703309,14400,1.401440235
,,,,,,,
WT-Apo,109,131,NSKVDPMPWNQTEGDVTPDDVVD,2,2557.127746,0,0
WT-Apo,109,131,NSKVDPMPWNQTEGDVTPDDVVD,2,2557.127746,10,7.888644778
WT-Apo,109,131,NSKVDPMPWNQTEGDVTPDDVVD,2,2557.127746,30,8.303226331
WT-Apo,109,131,NSKVDPMPWNQTEGDVTPDDVVD,2,2557.127746,45,8.515806176
WT-Apo,109,131,NSKVDPMPWNQTEGDVTPDDVVD,2,2557.127746,60,8.658814435
WT-Apo,109,131,NSKVDPMPWNQTEGDVTPDDVVD,2,2557.127746,180,9.151714879
WT-Apo,109,131,NSKVDPMPWNQTEGDVTPDDVVD,2,2557.127746,600,9.692013507
WT-Apo,109,131,NSKVDPMPWNQTEGDVTPDDVVD,2,2557.127746,1200,9.66922983
WT-Apo,109,131,NSKVDPMPWNQTEGDVTPDDVVD,2,2557.127746,1800,9.954025794
WT-Apo,109,131,NSKVDPMPWNQTEGDVTPDDVVD,2,2557.127746,2700,10.02074942
WT-Apo,109,131,NSKVDPMPWNQTEGDVTPDDVVD,2,2557.127746,3600,10.20932503
WT-Apo,109,131,NSKVDPMPWNQTEGDVTPDDVVD,2,2557.127746,7200,10.72907767
WT-Apo,109,131,NSKVDPMPWNQTEGDVTPDDVVD,2,2557.127746,10800,10.75328532
WT-Apo,109,131,NSKVDPMPWNQTEGDVTPDDVVD,2,2557.127746,14400,10.87635787
,,,,,,,
WT-Apo,132,144,LVNQGLQEGEQAF,2,1431.699341,0,0
WT-Apo,132,144,LVNQGLQEGEQAF,2,1431.699341,10,1.379134721
WT-Apo,132,144,LVNQGLQEGEQAF,2,1431.699341,30,1.598137386
WT-Apo,132,144,LVNQGLQEGEQAF,2,1431.699341,45,1.329113348
WT-Apo,132,144,LVNQGLQEGEQAF,2,1431.699341,60,1.933917219
WT-Apo,132,144,LVNQGLQEGEQAF,2,1431.699341,180,1.227797332
WT-Apo,132,144,LVNQGLQEGEQAF,2,1431.699341,600,1.794039271
WT-Apo,132,144,LVNQGLQEGEQAF,2,1431.699341,1200,2.289887497
WT-Apo,132,144,LVNQGLQEGEQAF,2,1431.699341,1800,2.346093331
WT-Apo,132,144,LVNQGLQEGEQAF,2,1431.699341,2700,2.951988577
WT-Apo,132,144,LVNQGLQEGEQAF,2,1431.699341,3600,3.052395114
WT-Apo,132,144,LVNQGLQEGEQAF,2,1431.699341,7200,3.284312388
WT-Apo,132,144,LVNQGLQEGEQAF,2,1431.699341,10800,3.568433785
WT-Apo,132,144,LVNQGLQEGEQAF,2,1431.699341,14400,3.703400544
,,,,,,,
WT-Apo,145,152,GIKVRSIL,2,884.580689,0,0
WT-Apo,145,152,GIKVRSIL,2,884.580689,10,0.221475827
WT-Apo,145,152,GIKVRSIL,2,884.580689,30,0.276709075
WT-Apo,145,152,GIKVRSIL,2,884.580689,45,0.197455471
WT-Apo,145,152,GIKVRSIL,2,884.580689,60,0.361119593
WT-Apo,145,152,GIKVRSIL,2,884.580689,180,0.15389313
WT-Apo,145,152,GIKVRSIL,2,884.580689,600,0.222425785
WT-Apo,145,152,GIKVRSIL,2,884.580689,1200,0.293672604
WT-Apo,145,152,GIKVRSIL,2,884.580689,1800,0.207905004
WT-Apo,145,152,GIKVRSIL,2,884.580689,2700,0.365055131
WT-Apo,145,152,GIKVRSIL,2,884.580689,3600,0.302765055
WT-Apo,145,152,GIKVRSIL,2,884.580689,7200,0.27793045
WT-Apo,145,152,GIKVRSIL,2,884.580689,10800,0.353927057
WT-Apo,145,152,GIKVRSIL,2,884.580689,14400,0.387039864
,,,,,,,
WT-Apo,155,163,MRHQPSWSL,2,1140.549794,0,0
WT-Apo,155,163,MRHQPSWSL,2,1140.549794,10,1.463439827
WT-Apo,155,163,MRHQPSWSL,2,1140.549794,30,1.714232593
WT-Apo,155,163,MRHQPSWSL,2,1140.549794,45,1.800584632
WT-Apo,155,163,MRHQPSWSL,2,1140.549794,60,1.920609835
WT-Apo,155,163,MRHQPSWSL,2,1140.549794,180,1.90036462
WT-Apo,155,163,MRHQPSWSL,2,1140.549794,600,2.085257145
WT-Apo,155,163,MRHQPSWSL,2,1140.549794,1200,2.170576266
WT-Apo,155,163,MRHQPSWSL,2,1140.549794,1800,2.331091899
WT-Apo,155,163,MRHQPSWSL,2,1140.549794,2700,2.472395236
WT-Apo,155,163,MRHQPSWSL,2,1140.549794,3600,2.672161796
WT-Apo,155,163,MRHQPSWSL,2,1140.549794,7200,3.029964984
WT-Apo,155,163,MRHQPSWSL,2,1140.549794,10800,3.257413777
WT-Apo,155,163,MRHQPSWSL,2,1140.549794,14400,3.362358361
,,,,,,,
WT-Apo,167,179,ELCKKYNQKTVVA,2,1522.817674,0,0
WT-Apo,167,179,ELCKKYNQKTVVA,2,1522.817674,10,2.460729917
WT-Apo,167,179,ELCKKYNQKTVVA,2,1522.817674,30,2.710116911
WT-Apo,167,179,ELCKKYNQKTVVA,2,1522.817674,45,2.812884437
WT-Apo,167,179,ELCKKYNQKTVVA,2,1522.817674,60,3.018084741
WT-Apo,167,179,ELCKKYNQKTVVA,2,1522.817674,180,3.2830375
WT-Apo,167,179,ELCKKYNQKTVVA,2,1522.817674,600,3.627827571
WT-Apo,167,179,ELCKKYNQKTVVA,2,1522.817674,1200,3.979647343
WT-Apo,167,179,ELCKKYNQKTVVA,2,1522.817674,1800,4.289791034
WT-Apo,167,179,ELCKKYNQKTVVA,2,1522.817674,2700,4.546207728
WT-Apo,167,179,ELCKKYNQKTVVA,2,1522.817674,3600,4.734168529
WT-Apo,167,179,ELCKKYNQKTVVA,2,1522.817674,7200,5.477977789
WT-Apo,167,179,ELCKKYNQKTVVA,2,1522.817674,10800,5.506598713
WT-Apo,167,179,ELCKKYNQKTVVA,2,1522.817674,14400,5.802515629
,,,,,,,
WT-Apo,180,200,MDLAGDETIEGSSLFPGHVEA,2,2173.983665,0,0
WT-Apo,180,200,MDLAGDETIEGSSLFPGHVEA,2,2173.983665,10,5.151801908
WT-Apo,180,200,MDLAGDETIEGSSLFPGHVEA,2,2173.983665,30,5.386207712
WT-Apo,180,200,MDLAGDETIEGSSLFPGHVEA,2,2173.983665,45,5.332978472
WT-Apo,180,200,MDLAGDETIEGSSLFPGHVEA,2,2173.983665,60,5.81697027
WT-Apo,180,200,MDLAGDETIEGSSLFPGHVEA,2,2173.983665,180,5.932694582
WT-Apo,180,200,MDLAGDETIEGSSLFPGHVEA,2,2173.983665,600,7.154207081
WT-Apo,180,200,MDLAGDETIEGSSLFPGHVEA,2,2173.983665,1200,7.808926741
WT-Apo,180,200,MDLAGDETIEGSSLFPGHVEA,2,2173.983665,1800,8.23456352
WT-Apo,180,200,MDLAGDETIEGSSLFPGHVEA,2,2173.983665,2700,8.732552638
WT-Apo,180,200,MDLAGDETIEGSSLFPGHVEA,2,2173.983665,3600,8.964001262
WT-Apo,180,200,MDLAGDETIEGSSLFPGHVEA,2,2173.983665,7200,9.521528271
WT-Apo,180,200,MDLAGDETIEGSSLFPGHVEA,2,2173.983665,10800,9.67076729
WT-Apo,180,200,MDLAGDETIEGSSLFPGHVEA,2,2173.983665,14400,9.779985806
,,,,,,,
WT-Apo,201,229,YEGAVKNGIHRTVHAGEVGSPEVVREAVD,4,3074.553212,0,0
WT-Apo,201,229,YEGAVKNGIHRTVHAGEVGSPEVVREAVD,4,3074.553212,10,9.477275829
WT-Apo,201,229,YEGAVKNGIHRTVHAGEVGSPEVVREAVD,4,3074.553212,30,10.36288916
WT-Apo,201,229,YEGAVKNGIHRTVHAGEVGSPEVVREAVD,4,3074.553212,45,10.36713525
WT-Apo,201,229,YEGAVKNGIHRTVHAGEVGSPEVVREAVD,4,3074.553212,60,11.36617988
WT-Apo,201,229,YEGAVKNGIHRTVHAGEVGSPEVVREAVD,4,3074.553212,180,11.6233717
WT-Apo,201,229,YEGAVKNGIHRTVHAGEVGSPEVVREAVD,4,3074.553212,600,13.463749
WT-Apo,201,229,YEGAVKNGIHRTVHAGEVGSPEVVREAVD,4,3074.553212,1200,14.61504633
WT-Apo,201,229,YEGAVKNGIHRTVHAGEVGSPEVVREAVD,4,3074.553212,1800,15.15369334
WT-Apo,201,229,YEGAVKNGIHRTVHAGEVGSPEVVREAVD,4,3074.553212,2700,16.09875195
WT-Apo,201,229,YEGAVKNGIHRTVHAGEVGSPEVVREAVD,4,3074.553212,3600,16.23038078
WT-Apo,201,229,YEGAVKNGIHRTVHAGEVGSPEVVREAVD,4,3074.553212,7200,17.10022292
WT-Apo,201,229,YEGAVKNGIHRTVHAGEVGSPEVVREAVD,4,3074.553212,10800,17.17361964
WT-Apo,201,229,YEGAVKNGIHRTVHAGEVGSPEVVREAVD,4,3074.553212,14400,17.73713662
,,,,,,,
WT-Apo,230,248,ILKTERVGHGYHTIEDEAL,3,2180.122477,0,0
WT-Apo,230,248,ILKTERVGHGYHTIEDEAL,3,2180.122477,10,4.088148264
WT-Apo,230,248,ILKTERVGHGYHTIEDEAL,3,2180.122477,30,4.141618647
WT-Apo,230,248,ILKTERVGHGYHTIEDEAL,3,2180.122477,45,4.060115247
WT-Apo,230,248,ILKTERVGHGYHTIEDEAL,3,2180.122477,60,4.323314126
WT-Apo,230,248,ILKTERVGHGYHTIEDEAL,3,2180.122477,180,4.143695167
WT-Apo,230,248,ILKTERVGHGYHTIEDEAL,3,2180.122477,600,4.415200125
WT-Apo,230,248,ILKTERVGHGYHTIEDEAL,3,2180.122477,1200,4.890204018
WT-Apo,230,248,ILKTERVGHGYHTIEDEAL,3,2180.122477,1800,5.133675959
WT-Apo,230,248,ILKTERVGHGYHTIEDEAL,3,2180.122477,2700,5.457613041
WT-Apo,230,248,ILKTERVGHGYHTIEDEAL,3,2180.122477,3600,5.750921456
WT-Apo,230,248,ILKTERVGHGYHTIEDEAL,3,2180.122477,7200,6.881067331
WT-Apo,230,248,ILKTERVGHGYHTIEDEAL,3,2180.122477,10800,7.216944401
WT-Apo,230,248,ILKTERVGHGYHTIEDEAL,3,2180.122477,14400,7.64886051
,,,,,,,
WT-Apo,253,259,LKENMHF,2,917.4428801,0,0
WT-Apo,253,259,LKENMHF,2,917.4428801,10,0.692470552
WT-Apo,253,259,LKENMHF,2,917.4428801,30,0.78908891
WT-Apo,253,259,LKENMHF,2,917.4428801,45,0.673053304
WT-Apo,253,259,LKENMHF,2,917.4428801,60,0.923372051
WT-Apo,253,259,LKENMHF,2,917.4428801,180,0.735282076
WT-Apo,253,259,LKENMHF,2,917.4428801,600,0.975541285
WT-Apo,253,259,LKENMHF,2,917.4428801,1200,1.064439532
WT-Apo,253,259,LKENMHF,2,917.4428801,1800,1.033793031
WT-Apo,253,259,LKENMHF,2,917.4428801,2700,1.220947234
WT-Apo,253,259,LKENMHF,2,917.4428801,3600,1.162227603
WT-Apo,253,259,LKENMHF,2,917.4428801,7200,1.31569405
WT-Apo,253,259,LKENMHF,2,917.4428801,10800,1.420266461
WT-Apo,253,259,LKENMHF,2,917.4428801,14400,1.591044671
,,,,,,,
WT-Apo,260,267,EVCPWSSY,1,969.3901776,0,0
WT-Apo,260,267,EVCPWSSY,1,969.3901776,10,0.419552564
WT-Apo,260,267,EVCPWSSY,1,969.3901776,30,0.483936527
WT-Apo,260,267,EVCPWSSY,1,969.3901776,45,0.496536923
WT-Apo,260,267,EVCPWSSY,1,969.3901776,60,0.62254089
WT-Apo,260,267,EVCPWSSY,1,969.3901776,180,0.622134426
WT-Apo,260,267,EVCPWSSY,1,969.3901776,600,0.867801515
WT-Apo,260,267,EVCPWSSY,1,969.3901776,1200,1.184518584
WT-Apo,260,267,EVCPWSSY,1,969.3901776,1800,1.285240464
WT-Apo,260,267,EVCPWSSY,1,969.3901776,2700,1.55505154
WT-Apo,260,267,EVCPWSSY,1,969.3901776,3600,1.568546158
WT-Apo,260,267,EVCPWSSY,1,969.3901776,7200,1.59342178
WT-Apo,260,267,EVCPWSSY,1,969.3901776,10800,1.673007511
WT-Apo,260,267,EVCPWSSY,1,969.3901776,14400,1.751699021
,,,,,,,
WT-Apo,268,290,LTGAWDPKTTHAVVRFKNDKANY,4,2631.355645,0,0
WT-Apo,268,290,LTGAWDPKTTHAVVRFKNDKANY,4,2631.355645,10,3.906891542
WT-Apo,268,290,LTGAWDPKTTHAVVRFKNDKANY,4,2631.355645,30,4.406544122
WT-Apo,268,290,LTGAWDPKTTHAVVRFKNDKANY,4,2631.355645,45,4.632682711
WT-Apo,268,290,LTGAWDPKTTHAVVRFKNDKANY,4,2631.355645,60,5.189185775
WT-Apo,268,290,LTGAWDPKTTHAVVRFKNDKANY,4,2631.355645,180,4.855031268
WT-Apo,268,290,LTGAWDPKTTHAVVRFKNDKANY,4,2631.355645,600,6.11837534
WT-Apo,268,290,LTGAWDPKTTHAVVRFKNDKANY,4,2631.355645,1200,6.72035879
WT-Apo,268,290,LTGAWDPKTTHAVVRFKNDKANY,4,2631.355645,1800,6.772787569
WT-Apo,268,290,LTGAWDPKTTHAVVRFKNDKANY,4,2631.355645,2700,7.475206873
WT-Apo,268,290,LTGAWDPKTTHAVVRFKNDKANY,4,2631.355645,3600,7.380456067
WT-Apo,268,290,LTGAWDPKTTHAVVRFKNDKANY,4,2631.355645,7200,7.92748405
WT-Apo,268,290,LTGAWDPKTTHAVVRFKNDKANY,4,2631.355645,10800,8.405659781
WT-Apo,268,290,LTGAWDPKTTHAVVRFKNDKANY,4,2631.355645,14400,8.819404965
,,,,,,,
WT-Apo,291,300,SLNTDDPLIF,1,1133.560402,0,0
WT-Apo,291,300,SLNTDDPLIF,1,1133.560402,10,0.626829946
WT-Apo,291,300,SLNTDDPLIF,1,1133.560402,30,0.560150456
WT-Apo,291,300,SLNTDDPLIF,1,1133.560402,45,0.607916052
WT-Apo,291,300,SLNTDDPLIF,1,1133.560402,60,0.785728025
WT-Apo,291,300,SLNTDDPLIF,1,1133.560402,180,0.439828172
WT-Apo,291,300,SLNTDDPLIF,1,1133.560402,600,0.553097818
WT-Apo,291,300,SLNTDDPLIF,1,1133.560402,1200,0.747686521
WT-Apo,291,300,SLNTDDPLIF,1,1133.560402,1800,0.588147293
WT-Apo,291,300,SLNTDDPLIF,1,1133.560402,2700,0.79181894
WT-Apo,291,300,SLNTDDPLIF,1,1133.560402,3600,0.864055053
WT-Apo,291,300,SLNTDDPLIF,1,1133.560402,7200,0.476053087
WT-Apo,291,300,SLNTDDPLIF,1,1133.560402,10800,0.576392896
WT-Apo,291,300,SLNTDDPLIF,1,1133.560402,14400,0.505332222
,,,,,,,
WT-Apo,301,320,KSTLDTDYQMTKKDMGFTEE,3,2367.060919,0,0
WT-Apo,301,320,KSTLDTDYQMTKKDMGFTEE,3,2367.060919,10,4.900920028
WT-Apo,301,320,KSTLDTDYQMTKKDMGFTEE,3,2367.060919,30,5.373673036
WT-Apo,301,320,KSTLDTDYQMTKKDMGFTEE,3,2367.060919,45,5.5678226
WT-Apo,301,320,KSTLDTDYQMTKKDMGFTEE,3,2367.060919,60,5.932531257
WT-Apo,301,320,KSTLDTDYQMTKKDMGFTEE,3,2367.060919,180,6.848077377
WT-Apo,301,320,KSTLDTDYQMTKKDMGFTEE,3,2367.060919,600,8.430997877
WT-Apo,301,320,KSTLDTDYQMTKKDMGFTEE,3,2367.060919,1200,8.503420618
WT-Apo,301,320,KSTLDTDYQMTKKDMGFTEE,3,2367.060919,1800,8.574192026
WT-Apo,301,320,KSTLDTDYQMTKKDMGFTEE,3,2367.060919,2700,8.545175749
WT-Apo,301,320,KSTLDTDYQMTKKDMGFTEE,3,2367.060919,3600,8.507666903
WT-Apo,301,320,KSTLDTDYQMTKKDMGFTEE,3,2367.060919,7200,9.056381222
WT-Apo,301,320,KSTLDTDYQMTKKDMGFTEE,3,2367.060919,10800,8.942439255
WT-Apo,301,320,KSTLDTDYQMTKKDMGFTEE,3,2367.060919,14400,9.390658174
,,,,,,,
WT-Apo,321,344,EFKRLNI AKSSFLPEEEKKELL,4,2832.538407,0,0
WT-Apo,321,344,EFKRLNI AKSSFLPEEEKKELL,4,2832.538407,10,2.17148793
WT-Apo,321,344,EFKRLNI AKSSFLPEEEKKELL,4,2832.538407,30,2.301560418
WT-Apo,321,344,EFKRLNI AKSSFLPEEEKKELL,4,2832.538407,45,2.235319799
WT-Apo,321,344,EFKRLNI AKSSFLPEEEKKELL,4,2832.538407,60,2.662571792
WT-Apo,321,344,EFKRLNI AKSSFLPEEEKKELL,4,2832.538407,180,2.498174619
WT-Apo,321,344,EFKRLNI AKSSFLPEEEKKELL,4,2832.538407,600,2.996484731
WT-Apo,321,344,EFKRLNI AKSSFLPEEEKKELL,4,2832.538407,1200,3.21477768
WT-Apo,321,344,EFKRLNI AKSSFLPEEEKKELL,4,2832.538407,1800,3.194303307
WT-Apo,321,344,EFKRLNI AKSSFLPEEEKKELL,4,2832.538407,2700,3.524302027
WT-Apo,321,344,EFKRLNI AKSSFLPEEEKKELL,4,2832.538407,3600,3.410789694
WT-Apo,321,344,EFKRLNI AKSSFLPEEEKKELL,4,2832.538407,7200,3.592650302
WT-Apo,321,344,EFKRLNI AKSSFLPEEEKKELL,4,2832.538407,10800,3.701044042
WT-Apo,321,344,EFKRLNI AKSSFLPEEEKKELL,4,2832.538407,14400,3.846472311
,,,,,,,
WT-Apo,348,352,YREYQ,1,757.3394701,0,0
WT-Apo,348,352,YREYQ,1,757.3394701,10,0.810944444
WT-Apo,348,352,YREYQ,1,757.3394701,30,0.905166667
WT-Apo,348,352,YREYQ,1,757.3394701,45,0.927611111
WT-Apo,348,352,YREYQ,1,757.3394701,60,1.0305
WT-Apo,348,352,YREYQ,1,757.3394701,180,1.058
WT-Apo,348,352,YREYQ,1,757.3394701,600,1.4475
WT-Apo,348,352,YREYQ,1,757.3394701,1200,1.622555556
WT-Apo,348,352,YREYQ,1,757.3394701,1800,1.800166667
WT-Apo,348,352,YREYQ,1,757.3394701,2700,2.036611111
WT-Apo,348,352,YREYQ,1,757.3394701,3600,2.069333333
WT-Apo,348,352,YREYQ,1,757.3394701,7200,2.189666667
WT-Apo,348,352,YREYQ,1,757.3394701,10800,2.165333333
WT-Apo,348,352,YREYQ,1,757.3394701,14400,2.179277778