Protein state,Start,End,Sequence,Peptide mass (Da),Retention time (min),HDX time (sec),Uptake (D),Uptake SD (D)
Alone,14,30,PNRSHAPDHDVENLYFQGTQQRDE,2853.2935,4.606545,10,10.1996995,0.165674412
Alone,14,30,PNRSHAPDHDVENLYFQGTQQRDE,2853.2935,4.625032,100.000008,9.8245475,0.045918807
Alone,14,30,PNRSHAPDHDVENLYFQGTQQRDE,2853.2935,4.607523,1000.000061,9.45097,0.163327524
Alone,14,30,PNRSHAPDHDVENLYFQGTQQRDE,2853.2935,4.611472,10000,9.592379,0.291919135
GoA bound,14,30,PNRSHAPDHDVENLYFQGTQQRDE,2853.2935,4.602562,10,9.0891805,0.099053639
GoA bound,14,30,PNRSHAPDHDVENLYFQGTQQRDE,2853.2935,4.603331,100.000008,9.4033505,0.502681504
GoA bound,14,30,PNRSHAPDHDVENLYFQGTQQRDE,2853.2935,4.59288,1000.000061,9.4740385,0.486558055
GoA bound,14,30,PNRSHAPDHDVENLYFQGTQQRDE,2853.2935,4.597886,10000,9.260812,0.003848075
Alone,25,34,TQQRDEVWVV,1259.6379,7.05048,10,1.60404,1.578352301
Alone,25,34,TQQRDEVWVV,1259.6379,7.068713,100.000008,1.845137667,1.464895314
Alone,25,34,TQQRDEVWVV,1259.6379,7.047232,1000.000061,1.65003,1.491163853
Alone,25,34,TQQRDEVWVV,1259.6379,7.0487,10000,1.57498,1.602145462
GoA bound,25,34,TQQRDEVWVV,1259.6379,7.031396,10,-0.1762085,0.075563552
GoA bound,25,34,TQQRDEVWVV,1259.6379,7.028019,100.000008,-0.247761,0.065141505
GoA bound,25,34,TQQRDEVWVV,1259.6379,7.042459,1000.000061,-0.294964,0.049826986
GoA bound,25,34,TQQRDEVWVV,1259.6379,7.029837,10000,-0.243431,0.014458919
Alone,62,75,ERLQTVTNYFITSL,1684.8905,3.149282,10,3.3595345,0.090565529
Alone,62,75,ERLQTVTNYFITSL,1684.8905,3.154522,100.000008,3.4244385,0.152611321
Alone,62,75,ERLQTVTNYFITSL,1684.8905,3.145663,1000.000061,3.3700295,0.031963348
Alone,62,75,ERLQTVTNYFITSL,1684.8905,3.142933,10000,3.29843,0.153737742
GoA bound,62,75,ERLQTVTNYFITSL,1684.8905,3.133883,10,3.157711,0.121572869
GoA bound,62,75,ERLQTVTNYFITSL,1684.8905,3.152382,100.000008,3.0447945,0.106148749
GoA bound,62,75,ERLQTVTNYFITSL,1684.8905,3.14353,1000.000061,3.062343,0.033263717
GoA bound,62,75,ERLQTVTNYFITSL,1684.8905,3.132905,10000,3.088448,0.196970251
Alone,67,86,VTNYFITSLACADLVMGLAV,2101.0708,4.134126,10,4.021252,0.143047177
Alone,67,86,VTNYFITSLACADLVMGLAV,2101.0708,4.143766,100.000008,3.974733667,0.081664253
Alone,67,86,VTNYFITSLACADLVMGLAV,2101.0708,4.130301,1000.000061,3.924287333,0.021984744
Alone,67,86,VTNYFITSLACADLVMGLAV,2101.0708,4.122362,10000,3.989886667,0.237661939
GoA bound,67,86,VTNYFITSLACADLVMGLAV,2101.0708,4.087649,10,3.800192667,0.026110452
GoA bound,67,86,VTNYFITSLACADLVMGLAV,2101.0708,4.090086,100.000008,3.761534333,0.073600264
GoA bound,67,86,VTNYFITSLACADLVMGLAV,2101.0708,4.090107,1000.000061,3.809276667,0.037337193
GoA bound,67,86,VTNYFITSLACADLVMGLAV,2101.0708,4.082115,10000,3.897703667,0.29857765
Alone,84,92,LAVVPFGAA,844.4927,5.921771,10,0.061124,0.015556349
Alone,84,92,LAVVPFGAA,844.4927,5.925294,100.000008,0.0303745,0.081028073
Alone,84,92,LAVVPFGAA,844.4927,5.91857,1000.000061,0.0767795,0.079420112
Alone,84,92,LAVVPFGAA,844.4927,5.910811,10000,0.039891,0.066603802
GoA bound,84,92,LAVVPFGAA,844.4927,5.88438,10,-0.060661,0.190037776
GoA bound,84,92,LAVVPFGAA,844.4927,5.887917,100.000008,-0.045689,0.136799706
GoA bound,84,92,LAVVPFGAA,844.4927,5.885811,1000.000061,-0.0198315,0.187638563
GoA bound,84,92,LAVVPFGAA,844.4927,5.878697,10000,-0.064196,0.162010891
Alone,91,113,AAHILTKTWTFGNFWCEFWTSID,2774.3072,4.021813,10,4.445159,0.035069668
Alone,91,113,AAHILTKTWTFGNFWCEFWTSID,2774.3072,4.029952,100.000008,4.4586285,0.02677177
Alone,91,113,AAHILTKTWTFGNFWCEFWTSID,2774.3072,4.015225,1000.000061,4.4251925,0.037944057
Alone,91,113,AAHILTKTWTFGNFWCEFWTSID,2774.3072,4.010862,10000,4.4522645,0.053730923
GoA bound,91,113,AAHILTKTWTFGNFWCEFWTSID,2774.3072,3.965446,10,4.4279705,0.027099867
GoA bound,91,113,AAHILTKTWTFGNFWCEFWTSID,2774.3072,3.970242,100.000008,4.319793,0.061222719
GoA bound,91,113,AAHILTKTWTFGNFWCEFWTSID,2774.3072,3.970697,1000.000061,4.368191,0.194137581
GoA bound,91,113,AAHILTKTWTFGNFWCEFWTSID,2774.3072,3.963487,10000,4.2998155,0.148846685
Alone,103,125,NFWCEFWTSIDVLCVTASIETLC,2680.2132,4.798604,10,9.2334935,0.102095613
Alone,103,125,NFWCEFWTSIDVLCVTASIETLC,2680.2132,4.805786,100.000008,9.302389,0.072634009
Alone,103,125,NFWCEFWTSIDVLCVTASIETLC,2680.2132,4.792999,1000.000061,9.1256805,0.072872304
Alone,103,125,NFWCEFWTSIDVLCVTASIETLC,2680.2132,4.788936,10000,9.103813,0.086044996
GoA bound,103,125,NFWCEFWTSIDVLCVTASIETLC,2680.2132,4.721515,10,8.99564,0.11363206
GoA bound,103,125,NFWCEFWTSIDVLCVTASIETLC,2680.2132,4.727097,100.000008,9.0121265,0.062773404
GoA bound,103,125,NFWCEFWTSIDVLCVTASIETLC,2680.2132,4.721045,1000.000061,9.1245785,0.272953824
GoA bound,103,125,NFWCEFWTSIDVLCVTASIETLC,2680.2132,4.721498,10000,8.9680705,0.092638767
Alone,133,144,FAITSPFKYQSL,1401.7413,6.255023,10,3.152478,0.412700289
Alone,133,144,FAITSPFKYQSL,1401.7413,6.259656,100.000008,3.876125,0.171182452
Alone,133,144,FAITSPFKYQSL,1401.7413,6.249841,1000.000061,4.139927,0.271910203
Alone,133,144,FAITSPFKYQSL,1401.7413,6.245802,10000,4.411942667,0.276499493
GoA bound,133,144,FAITSPFKYQSL,1401.7413,6.240839,10,3.031879333,0.294274891
GoA bound,133,144,FAITSPFKYQSL,1401.7413,6.24464,100.000008,3.765024667,0.15284612
GoA bound,133,144,FAITSPFKYQSL,1401.7413,6.241151,1000.000061,4.142779,0.126870898
GoA bound,133,144,FAITSPFKYQSL,1401.7413,6.233293,10000,4.37016,0.275383037
Alone,135,146,ITSPFKYQSLLT,1397.7675,3.260772,10,2.0063635,0.052541569
Alone,135,146,ITSPFKYQSLLT,1397.7675,3.26754,100.000008,2.9338515,0.017713732
Alone,135,146,ITSPFKYQSLLT,1397.7675,3.254447,1000.000061,3.4832145,0.012782369
Alone,135,146,ITSPFKYQSLLT,1397.7675,3.251354,10000,3.833528,0.021925967
GoA bound,135,146,ITSPFKYQSLLT,1397.7675,3.240746,10,2.0301915,0.059017253
GoA bound,135,146,ITSPFKYQSLLT,1397.7675,3.245989,100.000008,2.94567,0.020559837
GoA bound,135,146,ITSPFKYQSLLT,1397.7675,3.240262,1000.000061,3.6677855,0.061296966
GoA bound,135,146,ITSPFKYQSLLT,1397.7675,3.234467,10000,3.947437,0.03726877
Alone,145,155,LTKNKARVIIL,1268.8413,4.620891,10,0.3575305,0.023108957
Alone,145,155,LTKNKARVIIL,1268.8413,4.63542,100.000008,0.500032,0.04441762
Alone,145,155,LTKNKARVIIL,1268.8413,4.618606,1000.000061,0.818367,0.008147284
Alone,145,155,LTKNKARVIIL,1268.8413,4.616164,10000,1.4315805,0.040629649
GoA bound,145,155,LTKNKARVIIL,1268.8413,1268.8413,10,0.385539,0.002234457
GoA bound,145,155,LTKNKARVIIL,1268.8413,1268.8413,100.000008,0.5162325,0.002749938
GoA bound,145,155,LTKNKARVIIL,1268.8413,1268.8413,1000.000061,0.893618,0.02371919
GoA bound,145,155,LTKNKARVIIL,1268.8413,1268.8413,10000,1.5947775,0.114315832
Alone,157,163,VWIVSGL,773.4556,6.923782,10,0.025826667,0.010954959
Alone,157,163,VWIVSGL,773.4556,6.929442,100.000008,0.024217667,0.022788888
Alone,157,163,VWIVSGL,773.4556,6.919529,1000.000061,0.014948667,0.022551464
Alone,157,163,VWIVSGL,773.4556,6.91558,10000,0.014329667,0.022291804
GoA bound,157,163,VWIVSGL,773.4556,6.914753,10,0.007599333,0.013577284
GoA bound,157,163,VWIVSGL,773.4556,6.918514,100.000008,0.007805667,0.006484536
GoA bound,157,163,VWIVSGL,773.4556,6.916885,1000.000061,0.01872,0.01804853
GoA bound,157,163,VWIVSGL,773.4556,6.911306,10000,0.007916,0.015662649
Alone,159,167,IVSGLTSFL,936.5401,7.015274,10,0.030599,0.040879257
Alone,159,167,IVSGLTSFL,936.5401,7.018165,100.000008,-0.130266,0.106118343
Alone,159,167,IVSGLTSFL,936.5401,7.011124,1000.000061,0.006493,0.012367298
Alone,159,167,IVSGLTSFL,936.5401,7.002936,10000,-0.028538,0.003582203
GoA bound,159,167,IVSGLTSFL,936.5401,7.005208,10,-0.093952,0.140483733
GoA bound,159,167,IVSGLTSFL,936.5401,7.009038,100.000008,-0.088332,0.076766341
GoA bound,159,167,IVSGLTSFL,936.5401,7.011845,1000.000061,-0.188209,0.029211995
GoA bound,159,167,IVSGLTSFL,936.5401,6.997928,10000,-0.051383,0.137825011
Alone,159,173,IVSGLTSFLPIQMHW,1728.9142,7.36987,10,0.038054,0.002139705
Alone,159,173,IVSGLTSFLPIQMHW,1728.9142,7.376205,100.000008,0.051075,0.0372419
Alone,159,173,IVSGLTSFLPIQMHW,1728.9142,7.372102,1000.000061,0.09049,0.016341238
Alone,159,173,IVSGLTSFLPIQMHW,1728.9142,7.364391,10000,0.190698,0.002737917
GoA bound,159,173,IVSGLTSFLPIQMHW,1728.9142,7.367618,10,0.17151,0.082748464
GoA bound,159,173,IVSGLTSFLPIQMHW,1728.9142,7.364161,100.000008,0.022234,0.210323255
GoA bound,159,173,IVSGLTSFLPIQMHW,1728.9142,7.364182,1000.000061,0.0465205,0.022517815
GoA bound,159,173,IVSGLTSFLPIQMHW,1728.9142,7.360227,10000,0.1951415,0.07009196
Alone,164,173,TSFLPIQMHW,1259.6241,6.819192,10,-0.171836,0.012866515
Alone,164,173,TSFLPIQMHW,1259.6241,6.826259,100.000008,-0.1795365,0.004352242
Alone,164,173,TSFLPIQMHW,1259.6241,6.81426,1000.000061,-0.156057,0.033296244
Alone,164,173,TSFLPIQMHW,1259.6241,6.812263,10000,-0.1721175,0.007759083
GoA bound,164,173,TSFLPIQMHW,1259.6241,6.809804,10,-0.1780375,0.091532852
GoA bound,164,173,TSFLPIQMHW,1259.6241,6.816875,100.000008,-0.197668,0.068829774
GoA bound,164,173,TSFLPIQMHW,1259.6241,6.812953,1000.000061,-0.181724,0.107668321
GoA bound,164,173,TSFLPIQMHW,1259.6241,6.811096,10000,-0.1081475,0.04445651
Alone,174,183,YRATHQEAIN,1202.5913,3.087318,10,1.3368985,0.033613735
Alone,174,183,YRATHQEAIN,1202.5913,3.086266,100.000008,1.621251,0.009002884
Alone,174,183,YRATHQEAIN,1202.5913,3.082812,1000.000061,2.010603,0.002545584
Alone,174,183,YRATHQEAIN,1202.5913,3.078263,10000,2.916965,0.101633872
GoA bound,174,183,YRATHQEAIN,1202.5913,3.062149,10,1.311958,0.033101083
GoA bound,174,183,YRATHQEAIN,1202.5913,3.075258,100.000008,1.499012,0.100535028
GoA bound,174,183,YRATHQEAIN,1202.5913,3.061353,1000.000061,2.006811,0.028789145
GoA bound,174,183,YRATHQEAIN,1202.5913,3.038574,10000,2.842383,0.160361918
Alone,174,184,YRATHQEAINC,1305.6004,3.754933,10,1.3958095,0.088295717
Alone,174,184,YRATHQEAINC,1305.6004,3.762203,100.000008,1.7146335,0.082510169
Alone,174,184,YRATHQEAINC,1305.6004,3.752207,1000.000061,2.3371365,0.019429173
Alone,174,184,YRATHQEAINC,1305.6004,3.743121,10000,3.397462,0.066524606
GoA bound,174,184,YRATHQEAINC,1305.6004,3.702507,10,1.432817,0.097444971
GoA bound,174,184,YRATHQEAINC,1305.6004,3.708576,100.000008,1.679073,0.015508266
GoA bound,174,184,YRATHQEAINC,1305.6004,3.706244,1000.000061,2.4870535,0.025323615
GoA bound,174,184,YRATHQEAINC,1305.6004,3.700619,10000,3.5915805,0.013943439
Alone,198,205,AYAIASSI,795.4247,6.926823,10,-0.0074395,0.051926386
Alone,198,205,AYAIASSI,795.4247,6.93176,100.000008,0.009564,0.059518592
Alone,198,205,AYAIASSI,795.4247,6.921885,1000.000061,-0.0097795,0.035445142
Alone,198,205,AYAIASSI,795.4247,6.918443,10000,-0.0222415,0.059219486
GoA bound,198,205,AYAIASSI,795.4247,6.918965,10,0.0966695,0.109986924
GoA bound,198,205,AYAIASSI,795.4247,6.926117,100.000008,0.1209865,0.202378911
GoA bound,198,205,AYAIASSI,795.4247,6.921675,1000.000061,0.133306,0.152322114
GoA bound,198,205,AYAIASSI,795.4247,6.916842,10000,0.184713,0.301822873
Alone,203,216,SSIVSFYVPLVIMV,1553.8648,9.806947,10,0.293869,0.109796713
Alone,203,216,SSIVSFYVPLVIMV,1553.8648,9.53581,100.000008,0.3368665,0.110931619
Alone,203,216,SSIVSFYVPLVIMV,1553.8648,9.816427,1000.000061,0.1387185,0.015459476
Alone,203,216,SSIVSFYVPLVIMV,1553.8648,9.532024,10000,0.175425,0.006025964
GoA bound,203,216,SSIVSFYVPLVIMV,1553.8648,9.494947,10,0.138988,0.012003845
GoA bound,203,216,SSIVSFYVPLVIMV,1553.8648,9.506177,100.000008,0.0655485,0.065597589
GoA bound,203,216,SSIVSFYVPLVIMV,1553.8648,9.492289,1000,0.056346,
GoA bound,203,216,SSIVSFYVPLVIMV,1553.8648,9.505133,10000,0.1407255,0.032844403
Alone,209,215,YVPLVIM,834.4794,6.935943,10,0.012992667,0.041176422
Alone,209,215,YVPLVIM,834.4794,6.939626,100.000008,0.011659333,0.00837169
Alone,209,215,YVPLVIM,834.4794,6.931081,1000.000061,0.030089333,0.019806063
Alone,209,215,YVPLVIM,834.4794,6.926354,10000,0.075287667,0.044156361
GoA bound,209,215,YVPLVIM,834.4794,6.919852,10,-0.051008333,0.032098478
GoA bound,209,215,YVPLVIM,834.4794,6.925708,100.000008,-0.009004667,0.062356339
GoA bound,209,215,YVPLVIM,834.4794,6.920583,1000.000061,0.009744667,0.080333661
GoA bound,209,215,YVPLVIM,834.4794,6.91253,10000,0.001455,0.068462443
Alone,215,224,MVFVYSRVFQ,1275.6554,6.985291,10,0.0860175,0.085375366
Alone,215,224,MVFVYSRVFQ,1275.6554,6.989515,100.000008,0.0117445,0.032017088
Alone,215,224,MVFVYSRVFQ,1275.6554,6.979296,1000.000061,0.263896,0.010274262
Alone,215,224,MVFVYSRVFQ,1275.6554,6.975224,10000,0.4743905,0.086602903
GoA bound,215,224,MVFVYSRVFQ,1275.6554,6.974365,10,0.009777,0.13249484
GoA bound,215,224,MVFVYSRVFQ,1275.6554,6.977283,100.000008,0.0916815,0.001474318
GoA bound,215,224,MVFVYSRVFQ,1275.6554,6.978109,1000.000061,0.171778,0.052089728
GoA bound,215,224,MVFVYSRVFQ,1275.6554,6.965716,10000,0.024089,0.275637294
Alone,223,240,FQEAKRQLQKIDKSEGRF,2208.1884,4.023349,10,8.198180667,0.73630806
Alone,223,240,FQEAKRQLQKIDKSEGRF,2208.1884,4.026471,100.000008,8.818012,0.246901259
Alone,223,240,FQEAKRQLQKIDKSEGRF,2208.1884,4.012444,1000.000061,8.790771667,0.255368911
Alone,223,240,FQEAKRQLQKIDKSEGRF,2208.1884,4.010432,10000,8.849864333,0.302861566
GoA bound,223,240,FQEAKRQLQKIDKSEGRF,2208.1884,3.984908,10,8.187139,0.560567325
GoA bound,223,240,FQEAKRQLQKIDKSEGRF,2208.1884,3.982965,100.000008,8.864316333,0.229311432
GoA bound,223,240,FQEAKRQLQKIDKSEGRF,2208.1884,3.977266,1000.000061,8.879822333,0.163942992
GoA bound,223,240,FQEAKRQLQKIDKSEGRF,2208.1884,3.974319,10000,8.933424333,0.371672438
Alone,227,240,KRQLQKIDKSEGRF,1732.9817,3.473948,10,5.265891,0.383198884
Alone,227,240,KRQLQKIDKSEGRF,1732.9817,3.471671,100.000008,5.175943333,0.274716817
Alone,227,240,KRQLQKIDKSEGRF,1732.9817,3.465763,1000.000061,5.093797333,0.262257179
Alone,227,240,KRQLQKIDKSEGRF,1732.9817,3.461972,10000,5.138267333,0.365606732
GoA bound,227,240,KRQLQKIDKSEGRF,1732.9817,3.444764,10,4.971804667,0.243527415
GoA bound,227,240,KRQLQKIDKSEGRF,1732.9817,3.448193,100.000008,4.999308667,0.312456201
GoA bound,227,240,KRQLQKIDKSEGRF,1732.9817,3.445885,1000.000061,5.032864333,0.264743168
GoA bound,227,240,KRQLQKIDKSEGRF,1732.9817,3.439451,10000,5.150464667,0.516273628
Alone,246,264,SQVEQDGRTGHGLRRSSKF,2145.0908,3.278179,10,6.225436667,0.504106372
Alone,246,264,SQVEQDGRTGHGLRRSSKF,2145.0908,3.284007,100.000008,6.176462667,0.388907366
Alone,246,264,SQVEQDGRTGHGLRRSSKF,2145.0908,3.273987,1000.000061,6.103003333,0.420343431
Alone,246,264,SQVEQDGRTGHGLRRSSKF,2145.0908,3.270981,10000,6.211855333,0.566358123
GoA bound,246,264,SQVEQDGRTGHGLRRSSKF,2145.0908,3.257843,10,6.066481667,0.194996703
GoA bound,246,264,SQVEQDGRTGHGLRRSSKF,2145.0908,3.261201,100.000008,6.06591,0.307129939
GoA bound,246,264,SQVEQDGRTGHGLRRSSKF,2145.0908,3.25722,1000.000061,6.089347667,0.245388694
GoA bound,246,264,SQVEQDGRTGHGLRRSSKF,2145.0908,3.254472,10000,6.189608333,0.638988994
Alone,248,264,VEQDGRTGHGLRRSSKF,1930.0002,3.152998,10,4.186849,0.046831682
Alone,248,264,VEQDGRTGHGLRRSSKF,1930.0002,3.159043,100.000008,4.1778865,0.010822269
Alone,248,264,VEQDGRTGHGLRRSSKF,1930.0002,3.150787,1000.000061,4.1234375,0.026141031
Alone,248,264,VEQDGRTGHGLRRSSKF,1930.0002,3.145525,10000,4.1744405,0.061605264
GoA bound,248,264,VEQDGRTGHGLRRSSKF,1930.0002,3.139672,10,4.240253,0.095971361
GoA bound,248,264,VEQDGRTGHGLRRSSKF,1930.0002,3.146637,100.000008,4.1988925,0.015295427
GoA bound,248,264,VEQDGRTGHGLRRSSKF,1930.0002,3.141504,1000.000061,4.279284,0.173631484
GoA bound,248,264,VEQDGRTGHGLRRSSKF,1930.0002,3.125693,10000,4.073124,0.009248957
Alone,250,264,QDGRTGHGLRRSSKF,1701.8892,3.151877,10,3.711175,0.070904425
Alone,250,264,QDGRTGHGLRRSSKF,1701.8892,3.1574,100.000008,3.766288,0.136491408
Alone,250,264,QDGRTGHGLRRSSKF,1701.8892,3.147083,1000.000061,3.7706655,0.04742353
Alone,250,264,QDGRTGHGLRRSSKF,1701.8892,3.141486,10000,3.8248865,0.165870987
GoA bound,250,264,QDGRTGHGLRRSSKF,1701.8892,3.137302,10,3.9887295,0.037509893
GoA bound,250,264,QDGRTGHGLRRSSKF,1701.8892,3.145355,100.000008,3.7255485,0.180491127
GoA bound,250,264,QDGRTGHGLRRSSKF,1701.8892,3.14048,1000.000061,3.7306545,0.085308898
GoA bound,250,264,QDGRTGHGLRRSSKF,1701.8892,3.123191,10000,3.6831715,0.449084224
Alone,265,276,CLKEHKALKTLG,1340.7719,3.263541,10,1.812162,0.108818077
Alone,265,276,CLKEHKALKTLG,1340.7719,3.269519,100.000008,2.726047,0.285331728
Alone,265,276,CLKEHKALKTLG,1340.7719,3.258014,1000.000061,3.323283,0.20448821
Alone,265,276,CLKEHKALKTLG,1340.7719,3.255166,10000,3.6634825,0.024197901
GoA bound,265,276,CLKEHKALKTLG,1340.7719,3.241044,10,1.698868,0.040689753
GoA bound,265,276,CLKEHKALKTLG,1340.7719,3.255805,100.000008,2.9292575,0.262471673
GoA bound,265,276,CLKEHKALKTLG,1340.7719,3.240276,1000.000061,3.371256,0.220921372
GoA bound,265,276,CLKEHKALKTLG,1340.7719,3.235219,10000,3.4555035,0.23735524
Alone,273,283,KTLGIIMGTFT,1181.6599,5.88764,10,0.053833,0.022676914
Alone,273,283,KTLGIIMGTFT,1181.6599,5.899336,100.000008,0.0706045,0.025431095
Alone,273,283,KTLGIIMGTFT,1181.6599,5.886686,1000.000061,0.04984,0.038541562
Alone,273,283,KTLGIIMGTFT,1181.6599,5.882012,10000,0.1610955,0.007177841
GoA bound,273,283,KTLGIIMGTFT,1181.6599,5.838154,10,-0.00095,0.141189425
GoA bound,273,283,KTLGIIMGTFT,1181.6599,5.840437,100.000008,-0.0609535,0.000348604
GoA bound,273,283,KTLGIIMGTFT,1181.6599,5.837398,1000.000061,0.10184,
GoA bound,273,283,KTLGIIMGTFT,1181.6599,5.835914,10000,0.040936,0.117109611
Alone,291,302,IVNIVHVIQDNL,1376.7896,6.63626,10,1.222571,0.016547713
Alone,291,302,IVNIVHVIQDNL,1376.7896,6.640124,100.000008,1.7688795,0.026302251
Alone,291,302,IVNIVHVIQDNL,1376.7896,6.617332,1000.000061,2.9391845,0.329075475
Alone,291,302,IVNIVHVIQDNL,1376.7896,6.607008,10000,3.73858,0.640816935
GoA bound,291,302,IVNIVHVIQDNL,1376.7896,6.631606,10,1.212471,0.155447526
GoA bound,291,302,IVNIVHVIQDNL,1376.7896,6.630262,100.000008,1.9186575,0.148094323
GoA bound,291,302,IVNIVHVIQDNL,1376.7896,6.615571,1000.000061,3.545431,0.185755537
GoA bound,291,302,IVNIVHVIQDNL,1376.7896,6.602686,10000,4.152317,0.161791688
Alone,316,326,YVNSGFNPLIY,1286.6416,6.714669,10,0.047164333,0.08740608
Alone,316,326,YVNSGFNPLIY,1286.6416,6.719882,100.000008,-0.014014333,0.110008467
Alone,316,326,YVNSGFNPLIY,1286.6416,6.708557,1000.000061,0.134505333,0.091452949
Alone,316,326,YVNSGFNPLIY,1286.6416,6.700611,10000,0.450278667,0.139755091
GoA bound,316,326,YVNSGFNPLIY,1286.6416,6.702994,10,-0.013029,0.162848909
GoA bound,316,326,YVNSGFNPLIY,1286.6416,6.704109,100.000008,0.050518667,0.118338646
GoA bound,316,326,YVNSGFNPLIY,1286.6416,6.699242,1000.000061,0.165369333,0.154035489
GoA bound,316,326,YVNSGFNPLIY,1286.6416,6.691829,10000,0.381767,0.233064139
Alone,333,339,RIAFQEL,876.4938,5.623644,10,0.214732,0.05865814
Alone,333,339,RIAFQEL,876.4938,5.631177,100.000008,0.982685,0.33535297
Alone,333,339,RIAFQEL,876.4938,5.618129,1000.000061,2.48494,0.331779986
Alone,333,339,RIAFQEL,876.4938,5.611795,10000,2.904808667,0.15024188
GoA bound,333,339,RIAFQEL,876.4938,5.559811,10,0.239179,0.128144789
GoA bound,333,339,RIAFQEL,876.4938,5.565515,100.000008,1.014811667,0.563722987
GoA bound,333,339,RIAFQEL,876.4938,5.557928,1000.000061,2.442088667,0.387049757
GoA bound,333,339,RIAFQEL,876.4938,5.553999,10000,2.829740333,0.188389185
Alone,354,366,YSSNGNTGEQSGL,1313.5604,4.226768,10,4.118445333,0.206399395
Alone,354,366,YSSNGNTGEQSGL,1313.5604,4.233768,100.000008,4.200611,0.07327156
Alone,354,366,YSSNGNTGEQSGL,1313.5604,4.2233,1000.000061,4.1792,0.270821355
Alone,354,366,YSSNGNTGEQSGL,1313.5604,4.21781,10000,4.160939333,0.449749648
GoA bound,354,366,YSSNGNTGEQSGL,1313.5604,4.189317,10,3.904764667,0.172250237
GoA bound,354,366,YSSNGNTGEQSGL,1313.5604,4.192032,100.000008,3.830799333,0.128474865
GoA bound,354,366,YSSNGNTGEQSGL,1313.5604,4.189487,1000.000061,4.068095667,0.378088695
GoA bound,354,366,YSSNGNTGEQSGL,1313.5604,4.184488,10000,3.941014333,0.424704468
Alone,369,388,EQEKENKLLAEDLPGTEDFV,2304.1242,4.029206,10,3.904768333,0.145930362
Alone,369,388,EQEKENKLLAEDLPGTEDFV,2304.1242,4.035652,100.000008,3.922262333,0.178851028
Alone,369,388,EQEKENKLLAEDLPGTEDFV,2304.1242,4.023087,1000.000061,3.862198333,0.059031914
Alone,369,388,EQEKENKLLAEDLPGTEDFV,2304.1242,4.021014,10000,3.957312333,0.241665694
GoA bound,369,388,EQEKENKLLAEDLPGTEDFV,2304.1242,3.973223,10,3.478679333,0.207895257
GoA bound,369,388,EQEKENKLLAEDLPGTEDFV,2304.1242,3.978419,100.000008,3.484741333,0.174306592
GoA bound,369,388,EQEKENKLLAEDLPGTEDFV,2304.1242,3.977634,1000.000061,3.578312333,0.37186068
GoA bound,369,388,EQEKENKLLAEDLPGTEDFV,2304.1242,3.970215,10000,4.044984,0.246137288
Alone,373,395,ENKLLAEDLPGTEDFVGHQGTVP,2466.2147,4.028186,10,4.110986,0.064718655
Alone,373,395,ENKLLAEDLPGTEDFVGHQGTVP,2466.2147,4.033589,100.000008,4.1274265,0.075187371
Alone,373,395,ENKLLAEDLPGTEDFVGHQGTVP,2466.2147,4.020809,1000.000061,4.0925605,0.067164538
Alone,373,395,ENKLLAEDLPGTEDFVGHQGTVP,2466.2147,4.016752,10000,4.0927245,0.097476791
GoA bound,373,395,ENKLLAEDLPGTEDFVGHQGTVP,2466.2147,3.968476,10,3.935098,0.070634311
GoA bound,373,395,ENKLLAEDLPGTEDFVGHQGTVP,2466.2147,3.973364,100.000008,3.920157,0.050456311
GoA bound,373,395,ENKLLAEDLPGTEDFVGHQGTVP,2466.2147,3.97362,1000.000061,3.9940335,0.011392197
GoA bound,373,395,ENKLLAEDLPGTEDFVGHQGTVP,2466.2147,3.968269,10000,3.857072,0.076654618
Alone,376,393,LLAEDLPGTEDFVGHQGT,1898.913,4.336985,10,3.0906485,0.003509371
Alone,376,393,LLAEDLPGTEDFVGHQGT,1898.913,4.343765,100.000008,3.21975,0.053690618
Alone,376,393,LLAEDLPGTEDFVGHQGT,1898.913,4.333579,1000.000061,3.1683895,0.018661255
Alone,376,393,LLAEDLPGTEDFVGHQGT,1898.913,4.327134,10000,3.2116085,0.014356389
GoA bound,376,393,LLAEDLPGTEDFVGHQGT,1898.913,4.292643,10,3.3409105,0.047911434
GoA bound,376,393,LLAEDLPGTEDFVGHQGT,1898.913,4.295752,100.000008,3.42588,0.011477757
GoA bound,376,393,LLAEDLPGTEDFVGHQGT,1898.913,4.294906,1000.000061,3.4615215,0.085439005
GoA bound,376,393,LLAEDLPGTEDFVGHQGT,1898.913,4.288138,10000,3.3610735,0.035275436
Alone,378,387,AEDLPGTEDF,1093.4684,5.69558,10,2.579446,0.106548264
Alone,378,387,AEDLPGTEDF,1093.4684,5.705409,100.000008,2.6363425,0.00725138
Alone,378,387,AEDLPGTEDF,1093.4684,5.69613,1000.000061,2.529217,0.009380479
Alone,378,387,AEDLPGTEDF,1093.4684,5.685962,10000,2.586174,0.074261768
GoA bound,378,387,AEDLPGTEDF,1093.4684,5.654948,10,2.583858,0.037585554
GoA bound,378,387,AEDLPGTEDF,1093.4684,5.665516,100.000008,2.498751,0.100362494
GoA bound,378,387,AEDLPGTEDF,1093.4684,5.661283,1000.000061,2.4798065,0.011844746
GoA bound,378,387,AEDLPGTEDF,1093.4684,5.656101,10000,2.4049325,0.130447766
Alone,378,402,AEDLPGTEDFVGHQGTVPSDNIDSQ,2628.1696,4.017333,10,4.2452875,0.125117595
Alone,378,402,AEDLPGTEDFVGHQGTVPSDNIDSQ,2628.1696,4.031497,100.000008,4.2940975,0.013086425
Alone,378,402,AEDLPGTEDFVGHQGTVPSDNIDSQ,2628.1696,4.011272,1000.000061,4.4345125,0.109363256
Alone,378,402,AEDLPGTEDFVGHQGTVPSDNIDSQ,2628.1696,4.009942,10000,4.3298105,0.138051992
GoA bound,378,402,AEDLPGTEDFVGHQGTVPSDNIDSQ,2628.1696,3.96534,10,4.5485335,0.181059641
GoA bound,378,402,AEDLPGTEDFVGHQGTVPSDNIDSQ,2628.1696,3.971929,100.000008,4.474723,0.01497935
GoA bound,378,402,AEDLPGTEDFVGHQGTVPSDNIDSQ,2628.1696,3.971783,1000.000061,4.3807915,0.132600199
GoA bound,378,402,AEDLPGTEDFVGHQGTVPSDNIDSQ,2628.1696,3.962324,10000,4.0878705,0.005496341
Alone,379,387,EDLPGTEDF,1022.4313,5.709219,10,2.4858975,0.031196844
Alone,379,387,EDLPGTEDF,1022.4313,5.721039,100.000008,2.530158,0.027496554
Alone,379,387,EDLPGTEDF,1022.4313,5.707322,1000.000061,2.420717,0.068503091
Alone,379,387,EDLPGTEDF,1022.4313,5.703112,10000,2.465924,0.028306899
GoA bound,379,387,EDLPGTEDF,1022.4313,5.677979,10,2.5133735,0.302694735
GoA bound,379,387,EDLPGTEDF,1022.4313,5.679006,100.000008,2.310203,0.145922798
GoA bound,379,387,EDLPGTEDF,1022.4313,5.674736,1000.000061,2.401368,0.167358033
GoA bound,379,387,EDLPGTEDF,1022.4313,5.675189,10000,2.31825,0.124340485
Alone,387,405,FVGHQGTVPSDNIDSQGRN,2027.953,3.798847,10,5.929529,0.007223803
Alone,387,405,FVGHQGTVPSDNIDSQGRN,2027.953,3.806241,100.000008,5.9804735,0.068351063
Alone,387,405,FVGHQGTVPSDNIDSQGRN,2027.953,3.793595,1000.000061,5.8886405,0.152923862
Alone,387,405,FVGHQGTVPSDNIDSQGRN,2027.953,3.789059,10000,5.913691,0.095203443
GoA bound,387,405,FVGHQGTVPSDNIDSQGRN,2027.953,3.765161,10,5.9390495,0.095809433
GoA bound,387,405,FVGHQGTVPSDNIDSQGRN,2027.953,3.766502,100.000008,6.1040235,0.079536078
GoA bound,387,405,FVGHQGTVPSDNIDSQGRN,2027.953,3.767065,1000.000061,6.159919,0.115626101
GoA bound,387,405,FVGHQGTVPSDNIDSQGRN,2027.953,3.760815,10000,6.0090795,0.174400109
Alone,387,410,FVGHQGTVPSDNIDSQGRNASTND,2516.1396,3.823741,10,8.274834333,0.091162434
Alone,387,410,FVGHQGTVPSDNIDSQGRNASTND,2516.1396,3.828698,100.000008,8.323640667,0.037472958
Alone,387,410,FVGHQGTVPSDNIDSQGRNASTND,2516.1396,3.817441,1000.000061,8.158967,0.091193868
Alone,387,410,FVGHQGTVPSDNIDSQGRNASTND,2516.1396,3.815329,10000,8.456582333,0.535175082
GoA bound,387,410,FVGHQGTVPSDNIDSQGRNASTND,2516.1396,3.790782,10,8.1095965,0.111412452
GoA bound,387,410,FVGHQGTVPSDNIDSQGRNASTND,2516.1396,3.795395,100.000008,8.0203805,0.04355
GoA bound,387,410,FVGHQGTVPSDNIDSQGRNASTND,2516.1396,3.795459,1000.000061,8.107204,0.368450716
GoA bound,387,410,FVGHQGTVPSDNIDSQGRNASTND,2516.1396,3.790714,10000,7.961462,0.096518661
Alone,388,410,VGHQGTVPSDNIDSQGRNASTND,2369.0712,3.538546,10,8.107035,0.106983842
Alone,388,410,VGHQGTVPSDNIDSQGRNASTND,2369.0712,3.54289,100.000008,8.184735,0.010456695
Alone,388,410,VGHQGTVPSDNIDSQGRNASTND,2369.0712,3.537586,1000.000061,8.0698405,0.034094568
Alone,388,410,VGHQGTVPSDNIDSQGRNASTND,2369.0712,3.530359,10000,8.0662275,0.100189253
GoA bound,388,410,VGHQGTVPSDNIDSQGRNASTND,2369.0712,3.510982,10,7.8993045,0.140845064
GoA bound,388,410,VGHQGTVPSDNIDSQGRNASTND,2369.0712,3.516402,100.000008,7.881287,0.030811471
GoA bound,388,410,VGHQGTVPSDNIDSQGRNASTND,2369.0712,3.515251,1000.000061,7.9900385,0.306599379
GoA bound,388,410,VGHQGTVPSDNIDSQGRNASTND,2369.0712,3.503771,10000,7.793468,0.151279839