Sequence ,Start,End,Retention Time (min),MH+,Deuterium Uptake,10 sec,1 min,10 min,1 hour,4 hours
LKRSQQKKKTSPLNF,11,25,2.72,1803.06,13,6.82,6.88,6.33,6.79,6.61
LTVHKLSY,32,39,3.39,960.55,7,0.75,1.37,1.64,1.86,2.07
TVHKLSY,33,39,3.39,847.47,6,0.62,1.23,1.58,1.70,1.89
FERGRRGSKKGSIDVE,44,59,2.16,1820.97,15,4.68,5.71,6.44,6.99,7.61
ERGRRGSKKGSIDVEKIT,45,62,3.93,2016.13,17,9.78,9.83,9.86,9.93,10.04
VETVIPEKNPPPERQIPRRGEE,64,85,2.90,2570.37,16,8.37,9.10,9.13,10.03,10.74
VETVIPEKNPPPERQIPRRGEES,64,86,2.86,2657.40,17,8.85,9.67,9.95,10.77,
VETVIPEKNPPPERQIPRRGEESSE,64,88,2.89,2873.48,19,9.69,10.58,10.72,11.70,12.31
TVIPEKNPPPERQIPRRGEE,66,85,2.65,2342.26,14,8.01,8.47,8.50,9.20,9.62
TVIPEKNPPPERQIPRRGEESSE,66,88,2.66,2645.36,17,9.58,10.12,10.05,10.72,11.18
IPEKNPPPER,68,77,3.33,1176.64,5,0.19,0.07,0.72,1.11,
IIERFPYPFQ,94,103,5.41,1309.69,7,2.15,2.38,2.23,2.52,2.46
IERFPYPFQ,95,103,5.46,1196.61,6,1.22,1.67,1.54,1.63,1.69
YPFQVVYD,100,107,4.07,1030.49,6,4.43,4.69,4.79,4.75,4.84
VVYDEGPL,104,111,4.53,891.45,6,1.35,1.72,2.31,2.39,2.60
VVYDEGPLY,104,112,4.91,1054.51,7,1.32,2.15,2.85,3.32,3.76
VVYDEGPLYV,104,113,5.41,1153.58,8,1.32,2.32,3.13,3.41,3.63
VVYDEGPLYVFSPTEE,104,119,6.17,1843.86,13,2.69,3.49,4.62,5.50,
YVFSPTEE,112,119,4.48,971.44,6,1.27,1.36,1.76,2.10,1.96
VFSPTEE,113,119,3.55,808.37,5,1.30,1.53,2.07,2.36,2.06
VFSPTEEL,113,120,4.87,921.46,6,1.85,2.28,2.53,2.89,2.68
VIRYNSDL,131,138,3.77,979.52,7,4.17,4.19,4.11,4.36,4.44
IRYNSDLVQKYH,132,143,3.71,1535.80,11,3.22,4.27,4.82,5.82,5.80
VQKYHPCF,139,146,3.65,1021.49,6,0.50,0.77,0.91,1.56,2.19
QKYHPCF,140,146,3.65,922.42,5,0.34,0.54,0.73,1.32,1.68
LCCSQTAKNAMGCQ,153,166,3.51,1457.60,13,5.07,6.04,6.62,7.10,7.55
SQTAKNAMGCQ,156,166,2.34,1138.50,10,4.38,5.20,5.49,5.80,6.30
ILENRNGSLKPGSS,167,180,2.62,1471.79,12,7.36,7.44,7.39,7.50,7.56
ILENRNGSLKPGSSHRKTKKPLPPTPEE,167,194,2.37,3110.71,22,11.06,10.62,10.58,10.91,10.59
DQILKKPLPPEPTAA,195,209,3.35,1617.92,10,7.45,7.55,7.36,7.39,7.23
DQILKKPLPPEPTAAPIST,195,213,3.67,2016.14,13,9.95,9.83,9.74,9.92,10.06
DQILKKPLPPEPTAAPISTTE,195,215,3.69,2246.23,15,11.31,11.37,11.22,11.38,11.53
QILKKPLPPEPTAAPIST,196,213,3.45,1901.11,12,9.17,9.11,8.96,9.10,9.21
QILKKPLPPEPTAAPISTTE,196,215,3.48,2131.20,14,10.51,10.36,10.36,10.50,10.55
ILKKPLPPEPTAAPIST,197,213,3.31,1773.05,11,8.21,8.12,8.04,8.28,8.33
ILKKPLPPEPTAAPISTTE,197,215,3.34,2003.14,13,9.78,9.52,9.62,9.65,10.00
TELKKVVAL,214,222,3.46,1000.64,8,1.56,2.37,2.92,4.32,5.53
LKKVVAL,216,222,2.97,770.55,6,0.34,0.80,1.33,2.66,3.81
YDYMPMN,223,229,4.60,933.35,5,1.74,2.24,2.24,2.58,2.89
YDYMPMNA,223,230,4.81,1004.39,6,2.56,2.91,3.05,3.27,3.64
YDYMPMNAND,223,232,4.56,1233.46,8,3.26,3.65,3.90,4.40,4.73
LQLRKGEE,233,240,2.36,972.55,7,0.67,0.83,1.60,3.23,4.29
LQLRKGEEYF,233,242,4.16,1282.68,9,0.33,0.51,1.62,3.44,4.94
QLRKGEEY,234,241,3.08,1022.53,7,0.85,0.66,1.75,3.38,4.57
RKGEEYF,236,242,3.48,928.45,6,0.23,0.42,1.16,1.96,2.79
EESNLPWWRARDKNGQEGYIPSN,245,267,4.54,2746.30,20,4.02,4.94,7.27,10.01,11.68
EESNLPWWRARDKNGQEGYIPSNY,245,268,4.83,2909.36,21,3.71,4.71,7.05,10.08,12.12
ESNLPWWRARDKNGQE,246,261,4.18,1985.96,14,2.85,3.48,5.50,6.79,7.60
ESNLPWWRARDKNGQEGYIPSN,246,267,4.51,2617.25,19,3.36,4.38,6.81,9.47,11.16
ESNLPWWRARDKNGQEGYIPSNY,246,268,4.81,2780.32,20,3.35,4.34,6.70,9.74,11.65
SNLPWWRARDKNGQEGYIPSN,247,267,4.47,2488.21,18,2.46,3.85,6.51,9.27,10.44
RARDKNGQEGYIP,253,265,4.92,1503.77,11,2.30,3.62,4.69,5.74,6.50
GYIPSNY,262,268,4.29,813.38,5,0.54,0.62,1.07,2.14,2.93
AEDSIEM,272,278,4.07,794.32,6,2.47,3.00,3.15,3.26,3.21
WYSKHMTRSQAEQL,281,294,3.36,1764.85,13,3.32,3.77,4.27,5.69,6.78
YSKHMTRSQAEQL,282,294,2.63,1578.77,12,3.28,3.60,4.08,5.30,6.36
QLLKQEGKEGG,293,303,4.70,1186.64,10,1.32,2.06,2.91,2.96,2.81
LKQEGKEGGF,295,304,2.61,1092.57,9,2.20,2.76,4.00,4.95,5.17
IVRDSSKAGKYTVSV,305,319,3.06,1609.89,14,4.28,4.74,5.43,7.20,8.33
IVRDSSKAGKYTVSVF,305,320,3.91,1756.96,15,3.99,4.44,5.31,7.33,8.74
FAKSTGEPQGVIRH,320,333,2.56,1526.81,12,6.11,6.84,7.14,7.67,7.96
FAKSTGEPQGVIRHYVV,320,336,3.80,1888.01,15,5.86,6.72,7.20,8.09,8.95
FAKSTGEPQGVIRHYVVC,320,337,4.00,1991.02,16,5.82,6.85,7.33,8.77,9.60
AKSTGEPQGVIRH,321,333,2.08,1379.74,11,5.51,6.15,6.59,6.93,7.41
AKSTGEPQGVIRHYVVC,321,337,3.80,1843.95,15,5.22,5.83,6.76,8.06,8.94
CSTPQSQY,337,344,2.94,913.37,6,1.66,2.32,3.41,3.82,4.01
YLAEKHLFSTIPEL,345,358,5.32,1660.89,12,3.02,3.91,5.03,5.90,6.35
LAEKHLFSTIPEL,346,358,5.09,1497.83,11,2.30,3.15,4.20,4.96,5.34
AEKHLFSTIPEL,347,358,4.97,1384.75,10,1.66,2.22,3.24,3.99,4.32
FSTIPEL,352,358,5.34,806.43,5,0.65,1.38,2.30,2.69,3.01
INYHQHNSAGL,359,369,2.89,1253.60,10,3.04,3.05,3.27,3.88,4.02
NYHQHNSAGL,360,369,2.89,1140.52,9,2.87,2.91,3.17,3.70,3.54
ISRLKYPVSKQNKNAPSTAGL,370,390,3.14,2272.28,18,8.73,9.05,10.68,11.75,12.20
ISRLKYPVSKQNKNAPSTAGLG,370,391,3.00,2329.30,19,9.49,9.90,11.70,12.49,12.74
ISRLKYPVSKQNKNAPSTAGLGY,370,392,3.35,2492.36,20,10.08,10.30,11.82,13.14,13.39
ISRLKYPVSKQNKNAPSTAGLGYGSW,370,395,4.14,2822.49,23,12.00,12.10,13.40,14.87,15.20
APSTAGLGYG,384,393,3.99,893.44,8,0.65,0.84,1.27,1.47,1.58
EIDPKDLTF,396,404,4.99,1077.55,7,2.21,2.44,3.33,3.89,4.20
EIDPKDLTFL,396,405,5.69,1190.63,8,2.41,3.05,4.00,4.58,4.88
LKELGTGQF,405,413,4.08,992.54,8,4.60,4.95,4.99,5.14,5.17
KELGTGQF,406,413,3.57,879.46,7,3.92,4.21,4.22,4.33,4.33
KELGTGQFGVVKYGKW,406,421,4.38,1796.97,15,3.39,4.28,5.30,6.44,7.84
GVVKYGKWRGQY,414,425,3.59,1440.77,11,2.11,3.17,5.49,7.23,7.86
VKYGKWR,416,422,3.81,936.54,6,0.53,0.74,2.06,3.59,4.52
IREGSMSE,432,439,2.52,908.41,7,3.94,4.22,4.16,4.27,4.30
IREGSMSEDE,432,441,2.72,1152.48,9,4.33,4.79,4.48,4.83,4.98
IREGSMSEDEF,432,442,4.12,1299.55,10,3.99,4.32,4.56,4.87,5.10
AKVMMNLSHEKL,446,457,3.62,1400.74,11,1.42,2.31,3.82,4.87,5.66
NLSHEKL,451,457,2.61,840.46,6,1.17,1.34,1.39,1.69,1.99
YGVCTKQRPIF,461,471,4.09,1311.69,9,2.22,2.63,2.96,3.60,4.16
TKQRPIF,465,471,3.30,889.53,5,1.16,1.47,1.60,1.84,2.16
EYMANGCL,475,482,4.62,900.36,7,2.55,2.96,3.39,3.46,3.65
YMANGCL,476,482,4.41,771.32,6,1.86,2.32,2.80,2.96,2.90
YMANGCLL,476,483,5.38,884.40,7,1.83,2.42,2.87,3.58,
LREMRHRFQTQQL,486,498,3.07,1742.92,12,4.55,5.35,5.79,5.98,6.05
REMRHRFQTQQL,487,498,2.79,1629.84,11,4.21,4.75,5.14,5.46,
MRHRFQTQQL,489,498,2.86,1344.70,9,3.36,4.00,4.24,4.54,4.54
MCKDVCE,501,507,2.69,827.31,6,0.07,0.27,0.27,0.21,
CKDVCEA,502,508,2.40,767.31,6,0.18,0.08,0.17,0.16,-0.01
YLESKQFL,511,518,4.55,1027.55,7,0.38,0.88,2.17,3.16,3.66
FLHRDLAARNCL,517,528,3.58,1428.75,11,0.39,0.67,1.30,1.85,2.12
HRDLAARNCL,519,528,2.83,1168.60,9,0.52,0.76,1.67,2.02,2.31
AARNCLVN,523,530,3.04,860.44,7,0.31,0.38,0.52,0.96,1.48
CLVNDQGVVKVSDF,527,540,4.88,1522.76,13,1.99,2.62,3.16,3.71,3.89
VNDQGVVKVSD,529,539,2.90,1159.60,10,1.95,2.54,2.65,3.01,3.36
VNDQGVVKVSDF,529,540,4.38,1306.66,11,1.89,2.56,2.97,3.47,3.78
VNDQGVVKVSDFGL,529,542,5.18,1476.77,13,2.09,3.14,4.21,4.87,5.15
VNDQGVVKVSDFGLS,529,543,4.77,1563.80,14,2.42,3.76,4.93,5.74,5.91
VNDQGVVKVSDFGLSRY,529,545,4.76,1882.97,16,3.27,4.70,6.03,6.85,7.24
VVKVSDF,534,540,4.00,793.45,6,0.61,0.84,1.40,1.62,2.20
VVKVSDFGL,534,542,5.00,963.55,8,1.01,1.51,2.73,3.30,3.45
FGLSRYVL,540,547,5.31,954.54,7,2.01,3.29,4.38,4.51,4.58
FGLSRYVLDD,540,549,5.02,1184.59,9,2.88,4.19,5.29,5.65,5.70
GLSRYVL,541,547,4.49,807.47,6,1.89,3.00,3.78,3.91,3.99
GLSRYVLDD,541,549,4.23,1037.53,8,2.80,3.89,4.66,4.89,5.05
SRYVLDD,543,549,3.46,867.42,6,1.80,2.61,3.61,3.53,3.50
EYTSSVGSKF,550,559,3.70,1104.52,9,5.46,5.47,5.27,5.48,5.59
YTSSVGSKF,551,559,3.46,975.48,8,4.69,4.70,4.64,4.73,4.81
YTSSVGSKFPVRWSPPEVL,551,569,5.20,2136.11,15,5.74,6.02,7.55,9.42,9.70
PVRWSPPEVL,560,569,5.06,1179.65,6,1.00,1.33,3.08,4.66,5.00
YSKFSSKSDIWA,571,582,4.21,1418.70,11,1.56,2.25,2.98,3.32,3.34
SSKSDIWAF,575,583,5.53,1040.50,8,0.38,0.53,0.89,1.06,1.20
KSDIWAFGVL,577,586,3.08,1135.61,9,0.42,0.59,1.69,3.25,4.55
GKMPYERF,594,601,3.83,1027.50,6,2.07,3.45,3.85,3.95,4.00
GKMPYERFTNS,594,604,3.79,1329.63,9,3.68,5.49,5.85,6.10,6.30
GKMPYERFTNSE,594,605,3.81,1458.67,10,3.83,5.84,6.08,6.29,6.49
GKMPYERFTNSETAE,594,608,3.82,1759.80,13,4.23,6.69,8.04,8.44,8.50
TAEHIAQGLRLPRPHL,606,621,4.07,1809.02,13,3.97,4.91,7.07,7.73,8.34
AEHIAQGLRLPRPHL,607,621,4.01,1707.98,12,3.91,4.53,5.92,6.90,6.84
HIAQGLRLPRPHL,609,621,3.81,1507.90,10,3.57,4.31,5.37,5.87,6.53
HIAQGLRLPRPHLAS,609,623,3.55,1665.97,12,4.16,4.84,5.99,6.86,7.68
LRLPRPHL,614,621,3.73,1001.64,5,2.00,2.08,2.12,2.45,2.88
LRLPRPHLAS,614,623,3.43,1159.71,7,2.59,2.60,2.77,3.40,4.12
YSCWHEKADERPSF,631,644,3.96,1754.76,12,1.95,2.62,3.23,4.16,4.48
SCWHEKADERPSF,632,644,3.62,1591.70,11,1.98,2.97,3.73,4.53,4.89
WHEKADERPSF,634,644,3.34,1401.65,9,1.95,2.53,3.34,4.11,4.57
HEKADERPSF,635,644,2.71,1215.58,8,1.65,2.30,2.93,3.78,4.03
KILLSNIL,645,652,5.43,913.61,7,0.09,0.13,0.16,0.40,0.96
KILLSNILD,645,653,5.20,1028.64,8,0.28,0.14,0.31,0.68,1.15
KILLSNILDV,645,654,5.89,1127.70,9,0.11,0.07,0.18,0.93,1.96