Protein state,Start,End,Sequence,Peptide mass (Da),Retention time (min),HDX time (min),Uptake (D),Uptake SD (D)
CysK,2,9,GKIFEDNS,909.424,5.174262,0,0,0
CysK,2,9,GKIFEDNS,909.424,5.183807,0.033,0.715451,0.044132
CysK,2,9,GKIFEDNS,909.424,5.233136,1.667,1.682827,0.0419
CysK,2,9,GKIFEDNS,909.424,5.193146,16.667002,1.780362,0.017552
CysK,2,9,GKIFEDNS,909.424,5.248806,60.000004,2.000845,0.056823
CysK,2,9,GKIFEDNS,909.424,5.239297,720.000061,2.43148,0.025959
CysK,2,20,GKIFEDNSLTIGHTPLVRL,2110.1582,7.563797,0,0,0
CysK,2,20,GKIFEDNSLTIGHTPLVRL,2110.1582,7.561042,0.033,0.792677,0.152968
CysK,2,20,GKIFEDNSLTIGHTPLVRL,2110.1582,7.645238,1.667,1.747484,0.160667
CysK,2,20,GKIFEDNSLTIGHTPLVRL,2110.1582,7.573985,16.667002,1.85555,0.141434
CysK,2,20,GKIFEDNSLTIGHTPLVRL,2110.1582,7.657516,60.000004,2.08294,0.140721
CysK,2,20,GKIFEDNSLTIGHTPLVRL,2110.1582,7.651052,720.000061,3.064085,0.131069
CysK,10,20,LTIGHTPLVRL,1219.7448,7.122874,0,0,0
CysK,10,20,LTIGHTPLVRL,1219.7448,7.114397,0.033,0.382822,0.207212
CysK,10,20,LTIGHTPLVRL,1219.7448,7.207945,1.667,0.437959,0.177836
CysK,10,20,LTIGHTPLVRL,1219.7448,7.129327,16.667002,0.524553,0.120362
CysK,10,20,LTIGHTPLVRL,1219.7448,7.216185,60.000004,0.580812,0.157166
CysK,10,20,LTIGHTPLVRL,1219.7448,7.212876,720.000061,1.1104,0.112944
CysK,11,20,TIGHTPLVRL,1106.6606,6.482314,0,0,0
CysK,11,20,TIGHTPLVRL,1106.6606,6.482062,0.033,0.47824,0.050436
CysK,11,20,TIGHTPLVRL,1106.6606,6.572208,1.667,0.472784,0.04549
CysK,11,20,TIGHTPLVRL,1106.6606,6.498293,16.667002,0.525684,0.046011
CysK,11,20,TIGHTPLVRL,1106.6606,6.580289,60.000004,0.572107,0.074429
CysK,11,20,TIGHTPLVRL,1106.6606,6.574941,720.000061,0.740136,0.036393
CysK,12,20,IGHTPLVRL,1005.613,7.122191,0,0,0
CysK,12,20,IGHTPLVRL,1005.613,7.114616,0.033,0.40209,0.014125
CysK,12,20,IGHTPLVRL,1005.613,7.206348,1.667,0.410747,0.033732
CysK,12,20,IGHTPLVRL,1005.613,7.129412,16.667002,0.395183,1.14E-13
CysK,12,20,IGHTPLVRL,1005.613,7.216233,60.000004,0.455851,1.14E-13
CysK,12,20,IGHTPLVRL,1005.613,7.210332,720.000061,0.842736,1.14E-13
CysK,21,29,NRIGNGRIL,1012.5941,5.460238,0,0,0
CysK,21,29,NRIGNGRIL,1012.5941,5.464817,0.033,0.875042,0.140249
CysK,21,29,NRIGNGRIL,1012.5941,5.534619,1.667,2.071938,0.103325
CysK,21,29,NRIGNGRIL,1012.5941,5.479745,16.667002,2.227524,0.081456
CysK,21,29,NRIGNGRIL,1012.5941,5.552858,60.000004,2.466083,0.087715
CysK,21,29,NRIGNGRIL,1012.5941,5.542038,720.000061,3.106171,0.084736
CysK,21,30,NRIGNGRILA,1083.6312,5.125888,0,0,0
CysK,21,30,NRIGNGRILA,1083.6312,5.130141,0.033,0.97921,0.063413
CysK,21,30,NRIGNGRILA,1083.6312,5.191394,1.667,2.268943,0.048205
CysK,21,30,NRIGNGRILA,1083.6312,5.144011,16.667002,2.359824,0
CysK,21,30,NRIGNGRILA,1083.6312,5.205925,60.000004,2.567458,0
CysK,21,30,NRIGNGRILA,1083.6312,5.197131,720.000061,3.427234,0
CysK,21,39,NRIGNGRILAKVESRNPSF,2128.1665,5.895168,0,0,0
CysK,21,39,NRIGNGRILAKVESRNPSF,2128.1665,5.876616,0.033,1.078119,0.082922
CysK,21,39,NRIGNGRILAKVESRNPSF,2128.1665,5.95122,1.667,2.260607,0.043017
CysK,21,39,NRIGNGRILAKVESRNPSF,2128.1665,5.887828,16.667002,2.907659,0
CysK,21,39,NRIGNGRILAKVESRNPSF,2128.1665,5.963034,60.000004,3.098051,0
CysK,21,39,NRIGNGRILAKVESRNPSF,2128.1665,5.956148,720.000061,4.084836,0
CysK,30,39,AKVESRNPSF,1134.5831,4.808234,0,0,0
CysK,30,39,AKVESRNPSF,1134.5831,4.820434,0.033,0.627279,0.053727
CysK,30,39,AKVESRNPSF,1134.5831,4.880764,1.667,0.689607,0.038754
CysK,30,39,AKVESRNPSF,1134.5831,4.836774,16.667002,0.87685,0
CysK,30,39,AKVESRNPSF,1134.5831,4.901035,60.000004,0.963328,0
CysK,30,39,AKVESRNPSF,1134.5831,4.888745,720.000061,1.087162,0
CysK,31,39,KVESRNPSF,1063.546,4.769891,0,0,0
CysK,31,39,KVESRNPSF,1063.546,4.783147,0.033,0.567344,0.007887
CysK,31,39,KVESRNPSF,1063.546,4.842317,1.667,0.656179,0.021191
CysK,31,39,KVESRNPSF,1063.546,4.799364,16.667002,0.812755,0
CysK,31,39,KVESRNPSF,1063.546,4.863231,60.000004,0.906878,0
CysK,31,39,KVESRNPSF,1063.546,4.852037,720.000061,1.026893,0
CysK,40,48,SVKCRIGAN,947.5025,3.862642,0,0,0
CysK,40,48,SVKCRIGAN,947.5025,3.890979,0.033,0.487243,0.034865
CysK,40,48,SVKCRIGAN,947.5025,3.92571,1.667,0.475183,0.055971
CysK,40,48,SVKCRIGAN,947.5025,3.921307,16.667002,0.663519,0
CysK,40,48,SVKCRIGAN,947.5025,3.950853,60.000004,0.930357,0
CysK,40,48,SVKCRIGAN,947.5025,3.943475,720.000061,1.410348,1.14E-13
CysK,40,49,SVKCRIGANM,1078.549596,12.944599,0,0,0
CysK,40,49,SVKCRIGANM,1078.549596,12.930744,0.033,0.365281,0.021579
CysK,40,49,SVKCRIGANM,1078.549596,12.927894,1.667,0.414605,0.063248
CysK,40,49,SVKCRIGANM,1078.549596,12.939696,16.667002,0.545971,0
CysK,40,49,SVKCRIGANM,1078.549596,12.923409,60.000004,0.69622,0
CysK,40,49,SVKCRIGANM,1078.549596,12.934047,720.000061,1.211792,0
CysK,49,64,MIWDAEKRGVLKPGVE,1827.9719,6.326766,0,0,0
CysK,49,64,MIWDAEKRGVLKPGVE,1827.9719,6.323869,0.033,0.92805,0.017248
CysK,49,64,MIWDAEKRGVLKPGVE,1827.9719,6.393293,1.667,2.470723,0.014313
CysK,49,64,MIWDAEKRGVLKPGVE,1827.9719,6.334644,16.667002,3.727867,0
CysK,49,64,MIWDAEKRGVLKPGVE,1827.9719,6.403585,60.000004,4.688212,0
CysK,49,64,MIWDAEKRGVLKPGVE,1827.9719,6.393738,720.000061,5.504509,0
CysK,50,64,IWDAEKRGVLKPGVE,1696.9314,5.617266,0,0,0
CysK,50,64,IWDAEKRGVLKPGVE,1696.9314,5.617086,0.033,0.992251,0.025897
CysK,50,64,IWDAEKRGVLKPGVE,1696.9314,5.676249,1.667,2.501203,0.060231
CysK,50,64,IWDAEKRGVLKPGVE,1696.9314,5.626385,16.667002,3.731442,0
CysK,50,64,IWDAEKRGVLKPGVE,1696.9314,5.689236,60.000004,4.700435,0
CysK,50,64,IWDAEKRGVLKPGVE,1696.9314,5.681273,720.000061,5.46079,0
CysK,51,64,WDAEKRGVLKPGVE,1583.8473,5.61253,0,0,0
CysK,51,64,WDAEKRGVLKPGVE,1583.8473,5.617386,0.033,1.03206,0.013733
CysK,51,64,WDAEKRGVLKPGVE,1583.8473,5.675877,1.667,2.543653,0.021954
CysK,51,64,WDAEKRGVLKPGVE,1583.8473,5.623618,16.667002,3.748528,0
CysK,51,64,WDAEKRGVLKPGVE,1583.8473,5.687141,60.000004,4.687131,0
CysK,51,64,WDAEKRGVLKPGVE,1583.8473,5.678044,720.000061,5.458143,0
CysK,52,64,DAEKRGVLKPGVE,1397.768,5.615674,0,0,0
CysK,52,64,DAEKRGVLKPGVE,1397.768,5.619569,0.033,0.959874,0.003913
CysK,52,64,DAEKRGVLKPGVE,1397.768,5.676358,1.667,2.282037,0.037929
CysK,52,64,DAEKRGVLKPGVE,1397.768,5.627571,16.667002,3.62063,0
CysK,52,64,DAEKRGVLKPGVE,1397.768,5.688124,60.000004,4.534207,0
CysK,52,64,DAEKRGVLKPGVE,1397.768,5.679956,720.000061,4.908259,0
CysK,65,77,LVEPTSGNTGIAL,1271.6775,7.323349,0,0,0
CysK,65,77,LVEPTSGNTGIAL,1271.6775,7.326609,0.033,2.695772,0.057995
CysK,65,77,LVEPTSGNTGIAL,1271.6775,7.405224,1.667,2.89509,0.040985
CysK,65,77,LVEPTSGNTGIAL,1271.6775,7.338003,16.667002,3.252101,0
CysK,65,77,LVEPTSGNTGIAL,1271.6775,7.412735,60.000004,3.592485,0
CysK,65,77,LVEPTSGNTGIAL,1271.6775,7.407242,720.000061,3.991133,0
CysK,65,78,LVEPTSGNTGIALA,1342.7146,6.863961,0,0,0
CysK,65,78,LVEPTSGNTGIALA,1342.7146,6.865203,0.033,2.829996,0.082843
CysK,65,78,LVEPTSGNTGIALA,1342.7146,6.939236,1.667,3.085846,0.069678
CysK,65,78,LVEPTSGNTGIALA,1342.7146,6.879251,16.667002,3.374255,0
CysK,65,78,LVEPTSGNTGIALA,1342.7146,6.950416,60.000004,3.721434,0
CysK,65,78,LVEPTSGNTGIALA,1342.7146,6.943455,720.000061,4.051939,0
CysK,78,85,AYVAAARG,778.4141,3.772866,0,0,0
CysK,78,85,AYVAAARG,778.4141,3.801817,0.033,0.445221,0.018608
CysK,78,85,AYVAAARG,778.4141,3.829962,1.667,0.425184,0.031658
CysK,78,85,AYVAAARG,778.4141,3.832417,16.667002,0.602488,0.017495
CysK,78,85,AYVAAARG,778.4141,3.859946,60.000004,0.826251,0.021116
CysK,78,85,AYVAAARG,778.4141,3.850536,720.000061,0.949677,0.018269
CysK,78,92,AYVAAARGYKLTLTM,1628.8763,7.317287,0,0,0
CysK,78,92,AYVAAARGYKLTLTM,1628.8763,7.316155,0.033,0.268862,0.028791
CysK,78,92,AYVAAARGYKLTLTM,1628.8763,7.404893,1.667,0.989552,0.015159
CysK,78,92,AYVAAARGYKLTLTM,1628.8763,7.325181,16.667002,1.560134,2.27E-13
CysK,78,92,AYVAAARGYKLTLTM,1628.8763,7.414273,60.000004,2.081857,0
CysK,78,92,AYVAAARGYKLTLTM,1628.8763,7.407131,720.000061,2.610247,0
CysK,86,92,YKLTLTM,869.4736,7.642645,0,0,0
CysK,86,92,YKLTLTM,869.4736,7.642012,0.033,0.261051,0.139582
CysK,86,92,YKLTLTM,869.4736,7.732874,1.667,0.31547,0.15378
CysK,86,92,YKLTLTM,869.4736,7.652475,16.667002,0.450829,0.146299
CysK,86,92,YKLTLTM,869.4736,7.743499,60.000004,0.76778,0.154813
CysK,86,92,YKLTLTM,869.4736,7.736147,720.000061,0.940677,0.151593
CysK,86,96,YKLTLTMPETM,1327.6573,7.993813,0,0,0
CysK,86,96,YKLTLTMPETM,1327.6573,7.98982,0.033,0.765469,0.046144
CysK,86,96,YKLTLTMPETM,1327.6573,8.087451,1.667,1.495822,0.019741
CysK,86,96,YKLTLTMPETM,1327.6573,7.999237,16.667002,1.765485,0
CysK,86,96,YKLTLTMPETM,1327.6573,8.093522,60.000004,2.426583,0
CysK,86,96,YKLTLTMPETM,1327.6573,8.089811,720.000061,2.84598,0
CysK,93,110,PETMSIERRKLLKALGAN,2027.143005,6.653009,0,0,0
CysK,93,110,PETMSIERRKLLKALGAN,2027.143005,6.638365,0.033,2.390235,0.087427
CysK,93,110,PETMSIERRKLLKALGAN,2027.143005,6.707331,1.667,5.171378,0.04482
CysK,93,110,PETMSIERRKLLKALGAN,2027.143005,6.637888,16.667002,5.785101,0
CysK,93,110,PETMSIERRKLLKALGAN,2027.143005,6.719382,60.000004,6.157969,0
CysK,93,110,PETMSIERRKLLKALGAN,2027.143005,6.707265,720.000061,6.594017,0
CysK,97,110,SIERRKLLKALGAN,1568.9531,5.334384,0,0,0
CysK,97,110,SIERRKLLKALGAN,1568.9531,5.325775,0.033,0.773559,0.05574
CysK,97,110,SIERRKLLKALGAN,1568.9531,5.373889,1.667,2.388558,0.045268
CysK,97,110,SIERRKLLKALGAN,1568.9531,5.317193,16.667002,3.267653,2.27E-13
CysK,97,110,SIERRKLLKALGAN,1568.9531,5.379927,60.000004,3.345191,2.27E-13
CysK,97,110,SIERRKLLKALGAN,1568.9531,5.375087,720.000061,3.586054,2.27E-13
CysK,97,111,SIERRKLLKALGANL,1682.0371,6.371701,0,0,0
CysK,97,111,SIERRKLLKALGANL,1682.0371,6.356363,0.033,0.948106,0.102985
CysK,97,111,SIERRKLLKALGANL,1682.0371,6.426132,1.667,2.998343,0.049064
CysK,97,111,SIERRKLLKALGANL,1682.0371,6.358994,16.667002,3.734992,2.27E-13
CysK,97,111,SIERRKLLKALGANL,1682.0371,6.430713,60.000004,3.918702,2.27E-13
CysK,97,111,SIERRKLLKALGANL,1682.0371,6.426284,720.000061,4.20882,2.27E-13
CysK,99,111,ERRKLLKALGANL,1481.927457,5.881496,0,0,0
CysK,99,111,ERRKLLKALGANL,1481.927457,5.855325,0.033,0.672137,0.055545
CysK,99,111,ERRKLLKALGANL,1481.927457,5.9259,1.667,1.99752,0.038384
CysK,99,111,ERRKLLKALGANL,1481.927457,5.869493,16.667002,2.572333,0
CysK,99,111,ERRKLLKALGANL,1481.927457,5.941369,60.000004,2.737264,0
CysK,99,111,ERRKLLKALGANL,1481.927457,5.931859,720.000061,3.132206,0
CysK,100,110,RRKLLKALGAN,1239.7944,4.22832,0,0,0
CysK,100,110,RRKLLKALGAN,1239.7944,4.211483,0.033,0.311705,0.093769
CysK,100,110,RRKLLKALGAN,1239.7944,4.260682,1.667,0.807372,0.107437
CysK,100,110,RRKLLKALGAN,1239.7944,4.242698,16.667002,1.291724,0.071336
CysK,100,110,RRKLLKALGAN,1239.7944,4.275091,60.000004,1.425113,0.063329
CysK,100,110,RRKLLKALGAN,1239.7944,4.277158,720.000061,1.762706,0.083883
CysK,102,117,KLLKALGANLVLTEGA,1610.983969,5.348661,0,0,0
CysK,102,117,KLLKALGANLVLTEGA,1610.983969,5.340912,0.033,1.39209,0.112305
CysK,102,117,KLLKALGANLVLTEGA,1610.983969,5.391135,1.667,2.669224,0.02115
CysK,102,117,KLLKALGANLVLTEGA,1610.983969,5.336201,16.667002,3.246929,0
CysK,102,117,KLLKALGANLVLTEGA,1610.983969,5.403131,60.000004,3.135618,0
CysK,102,117,KLLKALGANLVLTEGA,1610.983969,5.393451,720.000061,3.687199,0
CysK,111,125,LVLTEGAKGMKGAIQ,1515.8505,5.833839,0,0,0
CysK,111,125,LVLTEGAKGMKGAIQ,1515.8505,5.828665,0.033,3.906087,0.123791
CysK,111,125,LVLTEGAKGMKGAIQ,1515.8505,5.891192,1.667,6.417511,0.132262
CysK,111,125,LVLTEGAKGMKGAIQ,1515.8505,5.830558,16.667002,8.023548,2.27E-13
CysK,111,125,LVLTEGAKGMKGAIQ,1515.8505,5.900699,60.000004,8.635926,0
CysK,111,125,LVLTEGAKGMKGAIQ,1515.8505,5.891234,720.000061,9.150401,0
CysK,111,129,LVLTEGAKGMKGAIQKAEE,1973.0676,6.142937,0,0,0
CysK,111,129,LVLTEGAKGMKGAIQKAEE,1973.0676,6.123413,0.033,3.620249,0.199261
CysK,111,129,LVLTEGAKGMKGAIQKAEE,1973.0676,6.181689,1.667,6.15531,0.249507
CysK,111,129,LVLTEGAKGMKGAIQKAEE,1973.0676,6.108799,16.667002,7.943144,0.150244
CysK,111,129,LVLTEGAKGMKGAIQKAEE,1973.0676,6.178485,60.000004,8.668791,0.150053
CysK,111,129,LVLTEGAKGMKGAIQKAEE,1973.0676,6.162222,720.000061,9.954066,0.150244
CysK,112,129,VLTEGAKGMKGAIQKAEE,1859.9835,5.333129,0,0,0
CysK,112,129,VLTEGAKGMKGAIQKAEE,1859.9835,5.324707,0.033,3.473353,0.195661
CysK,112,129,VLTEGAKGMKGAIQKAEE,1859.9835,5.371688,1.667,5.549699,0.213533
CysK,112,129,VLTEGAKGMKGAIQKAEE,1859.9835,5.306393,16.667002,7.072496,0.15571
CysK,112,129,VLTEGAKGMKGAIQKAEE,1859.9835,5.370654,60.000004,7.756494,0.159539
CysK,112,129,VLTEGAKGMKGAIQKAEE,1859.9835,5.355173,720.000061,8.928101,0.152216
CysK,113,129,LTEGAKGMKGAIQKAEE,1760.9152,6.142509,0,0,0
CysK,113,129,LTEGAKGMKGAIQKAEE,1760.9152,6.124493,0.033,3.453812,0.222727
CysK,113,129,LTEGAKGMKGAIQKAEE,1760.9152,6.182212,1.667,5.766343,0.221377
CysK,113,129,LTEGAKGMKGAIQKAEE,1760.9152,6.110374,16.667002,7.459956,0.18096
CysK,113,129,LTEGAKGMKGAIQKAEE,1760.9152,6.179813,60.000004,8.105683,0.182493
CysK,113,129,LTEGAKGMKGAIQKAEE,1760.9152,6.161276,720.000061,9.343233,0.190531
CysK,114,129,TEGAKGMKGAIQKAEE,1647.831,6.142352,0,0,0
CysK,114,129,TEGAKGMKGAIQKAEE,1647.831,6.122426,0.033,3.444514,0.139629
CysK,114,129,TEGAKGMKGAIQKAEE,1647.831,6.180807,1.667,5.709958,0.190216
CysK,114,129,TEGAKGMKGAIQKAEE,1647.831,6.108626,16.667002,7.331739,0.172936
CysK,114,129,TEGAKGMKGAIQKAEE,1647.831,6.177139,60.000004,7.925022,0.185384
CysK,114,129,TEGAKGMKGAIQKAEE,1647.831,6.160555,720.000061,9.052916,0.255928
CysK,130,138,IVASNPEKY,1020.5299,4.902336,0,0,0
CysK,130,138,IVASNPEKY,1020.5299,4.910479,0.033,0.706056,0.035596
CysK,130,138,IVASNPEKY,1020.5299,4.962643,1.667,2.142293,0.064085
CysK,130,138,IVASNPEKY,1020.5299,4.921865,16.667002,2.371621,1.14E-13
CysK,130,138,IVASNPEKY,1020.5299,4.978951,60.000004,2.550937,1.14E-13
CysK,130,138,IVASNPEKY,1020.5299,4.966756,720.000061,2.940279,1.14E-13
CysK,130,140,IVASNPEKYLL,1246.6979,7.716197,0,0,0
CysK,130,140,IVASNPEKYLL,1246.6979,7.71597,0.033,0.657917,0.031262
CysK,130,140,IVASNPEKYLL,1246.6979,7.80746,1.667,1.864397,0.059255
CysK,130,140,IVASNPEKYLL,1246.6979,7.725213,16.667002,2.476401,0
CysK,130,140,IVASNPEKYLL,1246.6979,7.813963,60.000004,2.81841,0
CysK,130,140,IVASNPEKYLL,1246.6979,7.808412,720.000061,3.368208,0
CysK,130,141,IVASNPEKYLLL,1359.7819,8.568001,0,0,0
CysK,130,141,IVASNPEKYLLL,1359.7819,8.5672,0.033,0.530608,0.040999
CysK,130,141,IVASNPEKYLLL,1359.7819,8.66368,1.667,1.684053,0.050989
CysK,130,141,IVASNPEKYLLL,1359.7819,8.577326,16.667002,2.221058,0
CysK,130,141,IVASNPEKYLLL,1359.7819,8.671788,60.000004,2.750016,0
CysK,130,141,IVASNPEKYLLL,1359.7819,8.664648,720.000061,3.779313,0
CysK,142,154,QQFSNPANPEIHE,1510.6858,5.585183,0,0,0
CysK,142,154,QQFSNPANPEIHE,1510.6858,5.591839,0.033,0.934501,0.010154
CysK,142,154,QQFSNPANPEIHE,1510.6858,5.646762,1.667,1.658741,0.079752
CysK,142,154,QQFSNPANPEIHE,1510.6858,5.599135,16.667002,2.182811,0
CysK,142,154,QQFSNPANPEIHE,1510.6858,5.662573,60.000004,2.238446,0
CysK,142,154,QQFSNPANPEIHE,1510.6858,5.653265,720.000061,3.215255,0
CysK,144,154,FSNPANPEIHE,1254.5686,5.491408,0,0,0
CysK,144,154,FSNPANPEIHE,1254.5686,5.497879,0.033,0.678239,0.026928
CysK,144,154,FSNPANPEIHE,1254.5686,5.563335,1.667,0.70205,0.051508
CysK,144,154,FSNPANPEIHE,1254.5686,5.509929,16.667002,0.696718,0
CysK,144,154,FSNPANPEIHE,1254.5686,5.575793,60.000004,0.890347,0
CysK,144,154,FSNPANPEIHE,1254.5686,5.568534,720.000061,1.793232,0
CysK,147,161,PANPEIHEKTTGPEI,1632.8164,5.931142,0,0,0
CysK,147,161,PANPEIHEKTTGPEI,1632.8164,5.930998,0.033,0.742701,0.052274
CysK,147,161,PANPEIHEKTTGPEI,1632.8164,5.999459,1.667,0.828579,0.112675
CysK,147,161,PANPEIHEKTTGPEI,1632.8164,5.943592,16.667002,0.893315,0
CysK,147,161,PANPEIHEKTTGPEI,1632.8164,6.014709,60.000004,0.911853,0
CysK,147,161,PANPEIHEKTTGPEI,1632.8164,6.00454,720.000061,1.665414,0
CysK,155,163,KTTGPEIWE,1060.5244,6.974663,0,0,0
CysK,155,163,KTTGPEIWE,1060.5244,6.978564,0.033,0.321373,0.012272
CysK,155,163,KTTGPEIWE,1060.5244,7.0644,1.667,0.321785,0.053465
CysK,155,163,KTTGPEIWE,1060.5244,6.986749,16.667002,0.31522,0
CysK,155,163,KTTGPEIWE,1060.5244,7.078753,60.000004,0.257685,0
CysK,155,163,KTTGPEIWE,1060.5244,7.068541,720.000061,0.332134,0
CysK,162,172,WEDTDGQVDVF,1310.547,8.746188,0,0,0
CysK,162,172,WEDTDGQVDVF,1310.547,8.75122,0.033,0.408497,0.034135
CysK,162,172,WEDTDGQVDVF,1310.547,8.842526,1.667,1.168159,0.049123
CysK,162,172,WEDTDGQVDVF,1310.547,8.756292,16.667002,1.560974,0.062934
CysK,162,172,WEDTDGQVDVF,1310.547,8.855559,60.000004,1.763875,0.125227
CysK,162,172,WEDTDGQVDVF,1310.547,8.845284,720.000061,2.423639,0.145575
CysK,163,172,EDTDGQVDVF,1124.4677,7.687206,0,0,0
CysK,163,172,EDTDGQVDVF,1124.4677,7.691699,0.033,0.422292,0.019388
CysK,163,172,EDTDGQVDVF,1124.4677,7.770535,1.667,1.226374,0.024532
CysK,163,172,EDTDGQVDVF,1124.4677,7.698156,16.667002,1.549262,0
CysK,163,172,EDTDGQVDVF,1124.4677,7.783896,60.000004,1.934308,0
CysK,163,172,EDTDGQVDVF,1124.4677,7.773328,720.000061,2.530596,0
CysK,172,198,FIAGVGTGGTLTGVSRYIKGTKGKTDL,2697.4868,6.804217,0,0,0
CysK,172,198,FIAGVGTGGTLTGVSRYIKGTKGKTDL,2697.4868,6.795965,0.033,2.296716,0.117286
CysK,172,198,FIAGVGTGGTLTGVSRYIKGTKGKTDL,2697.4868,6.881841,1.667,3.805649,0.120727
CysK,172,198,FIAGVGTGGTLTGVSRYIKGTKGKTDL,2697.4868,6.803178,16.667002,4.752272,0.109316
CysK,172,198,FIAGVGTGGTLTGVSRYIKGTKGKTDL,2697.4868,6.886129,60.000004,5.062606,0.053025
CysK,172,198,FIAGVGTGGTLTGVSRYIKGTKGKTDL,2697.4868,6.877083,720.000061,5.192918,0.058128
CysK,173,186,IAGVGTGGTLTGVS,1189.6359,6.364838,0,0,0
CysK,173,186,IAGVGTGGTLTGVS,1189.6359,6.368618,0.033,0.696127,0.082516
CysK,173,186,IAGVGTGGTLTGVS,1189.6359,6.436005,1.667,0.74525,0.113245
CysK,173,186,IAGVGTGGTLTGVS,1189.6359,6.384357,16.667002,0.781888,0.050682
CysK,173,186,IAGVGTGGTLTGVS,1189.6359,6.447774,60.000004,0.704619,0.042637
CysK,173,186,IAGVGTGGTLTGVS,1189.6359,6.440892,720.000061,0.871596,0.051324
CysK,173,198,IAGVGTGGTLTGVSRYIKGTKGKTDL,2550.4185,6.428047,0,0,0
CysK,173,198,IAGVGTGGTLTGVSRYIKGTKGKTDL,2550.4185,6.422157,0.033,2.163432,0.184348
CysK,173,198,IAGVGTGGTLTGVSRYIKGTKGKTDL,2550.4185,6.500088,1.667,3.693879,0.183761
CysK,173,198,IAGVGTGGTLTGVSRYIKGTKGKTDL,2550.4185,6.438547,16.667002,4.478213,0.144377
CysK,173,198,IAGVGTGGTLTGVSRYIKGTKGKTDL,2550.4185,6.508809,60.000004,4.894271,0.177785
CysK,173,198,IAGVGTGGTLTGVSRYIKGTKGKTDL,2550.4185,6.499534,720.000061,5.000637,0.155769
CysK,183,200,TGVSRYIKGTKGKTDLIS,1924.0796,5.00288,0,0,0
CysK,183,200,TGVSRYIKGTKGKTDLIS,1924.0796,5.00241,0.033,1.886121,0.141712
CysK,183,200,TGVSRYIKGTKGKTDLIS,1924.0796,5.06742,1.667,3.495535,0.110885
CysK,183,200,TGVSRYIKGTKGKTDLIS,1924.0796,5.020628,16.667002,4.332554,0.096207
CysK,183,200,TGVSRYIKGTKGKTDLIS,1924.0796,5.080315,60.000004,4.650076,0.08392
CysK,183,200,TGVSRYIKGTKGKTDLIS,1924.0796,5.073737,720.000061,4.624872,0.088975
CysK,187,198,RYIKGTKGKTDL,1379.7941,3.476248,0,0,0
CysK,187,198,RYIKGTKGKTDL,1379.7941,3.500092,0.033,1.565303,0.123362
CysK,187,198,RYIKGTKGKTDL,1379.7941,3.5436,1.667,2.811616,0.027396
CysK,187,198,RYIKGTKGKTDL,1379.7941,3.54977,16.667002,3.657364,2.27E-13
CysK,187,198,RYIKGTKGKTDL,1379.7941,3.576992,60.000004,3.780198,2.27E-13
CysK,187,198,RYIKGTKGKTDL,1379.7941,3.572355,720.000061,3.756558,2.27E-13
CysK,187,200,RYIKGTKGKTDLIS,1579.91,4.070251,0,0,0
CysK,187,200,RYIKGTKGKTDLIS,1579.91,4.082694,0.033,1.609409,0.084096
CysK,187,200,RYIKGTKGKTDLIS,1579.91,4.119705,1.667,3.053231,0.040177
CysK,187,200,RYIKGTKGKTDLIS,1579.91,4.097424,16.667002,3.875659,0
CysK,187,200,RYIKGTKGKTDLIS,1579.91,4.145523,60.000004,4.086721,0
CysK,187,200,RYIKGTKGKTDLIS,1579.91,4.13677,720.000061,4.132339,0
CysK,199,212,ISVAVEPTDSPVIA,1397.7454,8.568867,0,0,0
CysK,199,212,ISVAVEPTDSPVIA,1397.7454,8.567499,0.033,0.607353,0.027542
CysK,199,212,ISVAVEPTDSPVIA,1397.7454,8.663169,1.667,1.87731,0.061405
CysK,199,212,ISVAVEPTDSPVIA,1397.7454,8.577206,16.667002,2.437324,0
CysK,199,212,ISVAVEPTDSPVIA,1397.7454,8.669676,60.000004,3.001554,0
CysK,199,212,ISVAVEPTDSPVIA,1397.7454,8.663643,720.000061,4.144343,2.27E-13
CysK,201,212,VAVEPTDSPVIA,1197.6293,6.265387,0,0,0
CysK,201,212,VAVEPTDSPVIA,1197.6293,6.264657,0.033,0.568009,0.03939
CysK,201,212,VAVEPTDSPVIA,1197.6293,6.332818,1.667,0.734789,0.038832
CysK,201,212,VAVEPTDSPVIA,1197.6293,6.28356,16.667002,0.824669,0.028154
CysK,201,212,VAVEPTDSPVIA,1197.6293,6.340561,60.000004,0.968564,0.028595
CysK,201,212,VAVEPTDSPVIA,1197.6293,6.336587,720.000061,1.885395,0.062127
CysK,201,215,VAVEPTDSPVIAQAL,1509.8091,7.58562,0,0,0
CysK,201,215,VAVEPTDSPVIAQAL,1509.8091,7.572609,0.033,0.579068,0.072851
CysK,201,215,VAVEPTDSPVIAQAL,1509.8091,7.654723,1.667,0.833816,0.050695
CysK,201,215,VAVEPTDSPVIAQAL,1509.8091,7.603635,16.667002,0.96671,2.27E-13
CysK,201,215,VAVEPTDSPVIAQAL,1509.8091,7.658827,60.000004,1.656104,0
CysK,201,215,VAVEPTDSPVIAQAL,1509.8091,7.644923,720.000061,3.736897,0
CysK,201,218,VAVEPTDSPVIAQALAGE,1766.9104,8.023335,0,0,0
CysK,201,218,VAVEPTDSPVIAQALAGE,1766.9104,8.013158,0.033,0.904482,0.0351
CysK,201,218,VAVEPTDSPVIAQALAGE,1766.9104,8.104786,1.667,1.709422,0.041268
CysK,201,218,VAVEPTDSPVIAQALAGE,1766.9104,8.022311,16.667002,1.968321,2.27E-13
CysK,201,218,VAVEPTDSPVIAQALAGE,1766.9104,8.103263,60.000004,2.844235,2.27E-13
CysK,201,218,VAVEPTDSPVIAQALAGE,1766.9104,8.089045,720.000061,5.616169,2.27E-13
CysK,205,212,PTDSPVIA,799.41961,6.02023,0,0,0
CysK,205,212,PTDSPVIA,799.41961,6.022166,0.033,0.310712,0.024538
CysK,205,212,PTDSPVIA,799.41961,6.337454,1.667,0.485934,0.046132
CysK,205,212,PTDSPVIA,799.41961,6.286885,16.667002,0.506023,0
CysK,205,212,PTDSPVIA,799.41961,6.344664,60.000004,0.665523,0
CysK,205,212,PTDSPVIA,799.41961,6.33869,720.000061,1.357978,0
CysK,213,239,QALAGEEIKPGPHKIQGIGAGFIPANL,2726.4924,7.636166,0,0,0
CysK,213,239,QALAGEEIKPGPHKIQGIGAGFIPANL,2726.4924,7.631011,0.033,3.04032,0.130343
CysK,213,239,QALAGEEIKPGPHKIQGIGAGFIPANL,2726.4924,7.723146,1.667,7.194401,0.192877
CysK,213,239,QALAGEEIKPGPHKIQGIGAGFIPANL,2726.4924,7.636612,16.667002,9.133606,0.048829
CysK,213,239,QALAGEEIKPGPHKIQGIGAGFIPANL,2726.4924,7.730754,60.000004,10.489397,0.058774
CysK,213,239,QALAGEEIKPGPHKIQGIGAGFIPANL,2726.4924,7.726318,720.000061,11.452598,0.048224
CysK,214,239,ALAGEEIKPGPHKIQGIGAGFIPANL,2598.4338,7.648797,0,0,0
CysK,214,239,ALAGEEIKPGPHKIQGIGAGFIPANL,2598.4338,7.645589,0.033,2.84049,0.103937
CysK,214,239,ALAGEEIKPGPHKIQGIGAGFIPANL,2598.4338,7.737773,1.667,6.989079,0.1288
CysK,214,239,ALAGEEIKPGPHKIQGIGAGFIPANL,2598.4338,7.650651,16.667002,8.721506,0
CysK,214,239,ALAGEEIKPGPHKIQGIGAGFIPANL,2598.4338,7.744307,60.000004,10.071431,0
CysK,214,239,ALAGEEIKPGPHKIQGIGAGFIPANL,2598.4338,7.738017,720.000061,10.628494,0
CysK,216,239,AGEEIKPGPHKIQGIGAGFIPANL,2414.3127,7.564965,0,0,0
CysK,216,239,AGEEIKPGPHKIQGIGAGFIPANL,2414.3127,7.561249,0.033,2.842684,0.112439
CysK,216,239,AGEEIKPGPHKIQGIGAGFIPANL,2414.3127,7.644449,1.667,6.485386,0.124676
CysK,216,239,AGEEIKPGPHKIQGIGAGFIPANL,2414.3127,7.565643,16.667002,8.158782,0.037456
CysK,216,239,AGEEIKPGPHKIQGIGAGFIPANL,2414.3127,7.649708,60.000004,9.102044,0.025854
CysK,216,239,AGEEIKPGPHKIQGIGAGFIPANL,2414.3127,7.643812,720.000061,9.522241,0.04525
CysK,218,239,EEIKPGPHKIQGIGAGFIPANL,2286.2542,7.576107,0,0,0
CysK,218,239,EEIKPGPHKIQGIGAGFIPANL,2286.2542,7.565324,0.033,2.445768,0.096496
CysK,218,239,EEIKPGPHKIQGIGAGFIPANL,2286.2542,7.651185,1.667,5.464326,0.140412
CysK,218,239,EEIKPGPHKIQGIGAGFIPANL,2286.2542,7.571615,16.667002,7.036569,0.067502
CysK,218,239,EEIKPGPHKIQGIGAGFIPANL,2286.2542,7.65989,60.000004,7.96776,0.036135
CysK,218,239,EEIKPGPHKIQGIGAGFIPANL,2286.2542,7.650854,720.000061,8.450548,0.021957
CysK,240,253,DLKLVDKVIGITNE,1556.8828,7.940465,0,0,0
CysK,240,253,DLKLVDKVIGITNE,1556.8828,7.934657,0.033,1.173499,0.101774
CysK,240,253,DLKLVDKVIGITNE,1556.8828,7.999542,1.667,3.599,0.06388
CysK,240,253,DLKLVDKVIGITNE,1556.8828,7.927516,16.667002,4.270594,0.037581
CysK,240,253,DLKLVDKVIGITNE,1556.8828,8.005266,60.000004,4.517905,0.067172
CysK,240,253,DLKLVDKVIGITNE,1556.8828,7.988209,720.000061,5.414699,0.054046
CysK,242,253,KLVDKVIGITNE,1328.7717,6.006989,0,0,0
CysK,242,253,KLVDKVIGITNE,1328.7717,6.007157,0.033,1.072407,0.097537
CysK,242,253,KLVDKVIGITNE,1328.7717,6.073552,1.667,3.079164,0.04632
CysK,242,253,KLVDKVIGITNE,1328.7717,6.011471,16.667002,3.720717,0
CysK,242,253,KLVDKVIGITNE,1328.7717,6.08034,60.000004,3.81827,0
CysK,242,253,KLVDKVIGITNE,1328.7717,6.07336,720.000061,4.09958,0
CysK,244,253,VDKVIGITNE,1087.5927,5.656466,0,0,0
CysK,244,253,VDKVIGITNE,1087.5927,5.661718,0.033,0.811139,0.162898
CysK,244,253,VDKVIGITNE,1087.5927,5.719027,1.667,2.612324,0.136054
CysK,244,253,VDKVIGITNE,1087.5927,5.671894,16.667002,3.193252,0.118548
CysK,244,253,VDKVIGITNE,1087.5927,5.730117,60.000004,3.257288,0.117273
CysK,244,253,VDKVIGITNE,1087.5927,5.724387,720.000061,3.246906,0.116839
CysK,244,255,VDKVIGITNEEA,1287.6724,5.804723,0,0,0
CysK,244,255,VDKVIGITNEEA,1287.6724,5.805382,0.033,0.982309,0.075098
CysK,244,255,VDKVIGITNEEA,1287.6724,5.866773,1.667,3.507099,0.045809
CysK,244,255,VDKVIGITNEEA,1287.6724,5.814458,16.667002,4.055693,0
CysK,244,255,VDKVIGITNEEA,1287.6724,5.877366,60.000004,4.131251,0
CysK,244,255,VDKVIGITNEEA,1287.6724,5.869903,720.000061,4.200084,0
CysK,254,269,EAISTARRLMEEEGIL,1817.9359,7.82732,0,0,0
CysK,254,269,EAISTARRLMEEEGIL,1817.9359,7.825089,0.033,0.202956,0.118575
CysK,254,269,EAISTARRLMEEEGIL,1817.9359,7.913305,1.667,0.439212,0.134324
CysK,254,269,EAISTARRLMEEEGIL,1817.9359,7.831537,16.667002,1.189522,0.114372
CysK,254,269,EAISTARRLMEEEGIL,1817.9359,7.920736,60.000004,1.71146,0.101433
CysK,254,269,EAISTARRLMEEEGIL,1817.9359,7.911229,720.000061,2.209359,0.09408
CysK,259,264,ARRLME,775.4177,4.02981,0,0,0
CysK,259,264,ARRLME,775.4177,4.059463,0.033,0.238497,0.015192
CysK,259,264,ARRLME,775.4177,4.092667,1.667,0.257564,0.014772
CysK,259,264,ARRLME,775.4177,4.077725,16.667002,0.199102,0
CysK,259,264,ARRLME,775.4177,4.1176,60.000004,0.244421,0
CysK,259,264,ARRLME,775.4177,4.109997,720.000061,0.238224,0
CysK,259,269,ARRLMEEEGIL,1316.6924,6.8642,0,0,0
CysK,259,269,ARRLMEEEGIL,1316.6924,6.800211,0.033,0.218571,0.016938
CysK,259,269,ARRLMEEEGIL,1316.6924,6.883971,1.667,0.322836,0.037567
CysK,259,269,ARRLMEEEGIL,1316.6924,6.810309,16.667002,0.566771,0
CysK,259,269,ARRLMEEEGIL,1316.6924,6.894001,60.000004,0.654277,0
CysK,259,269,ARRLMEEEGIL,1316.6924,6.888299,720.000061,0.672252,0
CysK,270,281,AGISSGAAVAAA,945.4935,5.20793,0,0,0
CysK,270,281,AGISSGAAVAAA,945.4935,5.216927,0.033,0.758204,0.102303
CysK,270,281,AGISSGAAVAAA,945.4935,5.26505,1.667,2.165656,0.010556
CysK,270,281,AGISSGAAVAAA,945.4935,5.232127,16.667002,2.280877,0
CysK,270,281,AGISSGAAVAAA,945.4935,5.27927,60.000004,2.326559,0
CysK,270,281,AGISSGAAVAAA,945.4935,5.272304,720.000061,2.409555,0
CysK,271,280,GISSGAAVAA,803.4193,5.693846,0,0,0
CysK,271,280,GISSGAAVAA,803.4193,5.698103,0.033,0.179112,0.014831
CysK,271,280,GISSGAAVAA,803.4193,5.755382,1.667,0.464478,0.030124
CysK,271,280,GISSGAAVAA,803.4193,5.714895,16.667002,0.701638,0
CysK,271,280,GISSGAAVAA,803.4193,5.767945,60.000004,0.766852,0
CysK,271,280,GISSGAAVAA,803.4193,5.76085,720.000061,0.681437,0
CysK,280,289,AALKLQEDES,1103.5514,5.13413,0,0,0
CysK,280,289,AALKLQEDES,1103.5514,5.138328,0.033,1.208887,0.046134
CysK,280,289,AALKLQEDES,1103.5514,5.194553,1.667,1.973394,0.142693
CysK,280,289,AALKLQEDES,1103.5514,5.15803,16.667002,1.937335,0
CysK,280,289,AALKLQEDES,1103.5514,5.208915,60.000004,2.67412,0
CysK,280,289,AALKLQEDES,1103.5514,5.198874,720.000061,3.192659,0
CysK,282,289,LKLQEDES,961.4772,4.757948,0,0,0
CysK,282,289,LKLQEDES,961.4772,4.771145,0.033,1.185939,0.045286
CysK,282,289,LKLQEDES,961.4772,4.819308,1.667,1.788637,0.072766
CysK,282,289,LKLQEDES,961.4772,4.786697,16.667002,2.205418,1.14E-13
CysK,282,289,LKLQEDES,961.4772,4.833426,60.000004,2.579392,0
CysK,282,289,LKLQEDES,961.4772,4.824578,720.000061,2.808108,0
CysK,290,296,FTNKNIV,835.4605,5.462091,0,0,0
CysK,290,296,FTNKNIV,835.4605,5.470035,0.033,0.599593,0.155317
CysK,290,296,FTNKNIV,835.4605,5.533174,1.667,1.360068,0.134961
CysK,290,296,FTNKNIV,835.4605,5.482056,16.667002,2.015356,0.127271
CysK,290,296,FTNKNIV,835.4605,5.552545,60.000004,2.437283,0.128429
CysK,290,296,FTNKNIV,835.4605,5.541482,720.000061,2.446066,0.129626
CysK,290,299,FTNKNIVVIL,1160.6969,8.02043,0,0,0
CysK,290,299,FTNKNIVVIL,1160.6969,8.013094,0.033,0.448994,0.01144
CysK,290,299,FTNKNIVVIL,1160.6969,8.117788,1.667,1.176101,0.024133
CysK,290,299,FTNKNIVVIL,1160.6969,8.030892,16.667002,1.791053,0
CysK,290,299,FTNKNIVVIL,1160.6969,8.124357,60.000004,2.313928,0
CysK,290,299,FTNKNIVVIL,1160.6969,8.121809,720.000061,2.297768,0
CysK,295,306,IVVILPSSGERY,1332.7454,7.191671,0,0,0
CysK,295,306,IVVILPSSGERY,1332.7454,7.19262,0.033,0.740081,0.01463
CysK,295,306,IVVILPSSGERY,1332.7454,7.276885,1.667,2.277625,0.06871
CysK,295,306,IVVILPSSGERY,1332.7454,7.204357,16.667002,3.232205,0
CysK,295,306,IVVILPSSGERY,1332.7454,7.285907,60.000004,3.349601,0
CysK,295,306,IVVILPSSGERY,1332.7454,7.279194,720.000061,3.321142,0
CysK,295,311,IVVILPSSGERYLSTAL,1818.0303,8.456211,0,0,0
CysK,295,311,IVVILPSSGERYLSTAL,1818.0303,8.448702,0.033,2.521846,0.251034
CysK,295,311,IVVILPSSGERYLSTAL,1818.0303,8.54503,1.667,5.359723,0.391556
CysK,295,311,IVVILPSSGERYLSTAL,1818.0303,8.450139,16.667002,6.346497,0.423023
CysK,295,311,IVVILPSSGERYLSTAL,1818.0303,8.548217,60.000004,6.563347,0.462969
CysK,295,311,IVVILPSSGERYLSTAL,1818.0303,8.541868,720.000061,6.459621,0.458888
CysK,297,308,VILPSSGERYLS,1320.709,6.595341,0,0,0
CysK,297,308,VILPSSGERYLS,1320.709,6.591931,0.033,1.962184,0.079685
CysK,297,308,VILPSSGERYLS,1320.709,6.665619,1.667,3.715271,0.044896
CysK,297,308,VILPSSGERYLS,1320.709,6.606721,16.667002,4.751301,0
CysK,297,308,VILPSSGERYLS,1320.709,6.679042,60.000004,4.945836,0
CysK,297,308,VILPSSGERYLS,1320.709,6.667364,720.000061,4.788283,0
CysK,297,309,VILPSSGERYLST,1421.7566,6.601631,0,0,0
CysK,297,309,VILPSSGERYLST,1421.7566,6.601788,0.033,1.763246,0.086327
CysK,297,309,VILPSSGERYLST,1421.7566,6.67424,1.667,4.119266,0.099333
CysK,297,309,VILPSSGERYLST,1421.7566,6.608262,16.667002,5.151943,0
CysK,297,309,VILPSSGERYLST,1421.7566,6.682068,60.000004,5.321602,0
CysK,297,309,VILPSSGERYLST,1421.7566,6.675711,720.000061,5.21759,0
CysK,297,311,VILPSSGERYLSTAL,1605.8778,7.802691,0,0,0
CysK,297,311,VILPSSGERYLSTAL,1605.8778,7.79446,0.033,2.060059,0.113006
CysK,297,311,VILPSSGERYLSTAL,1605.8778,7.876452,1.667,4.516406,0.02151
CysK,297,311,VILPSSGERYLSTAL,1605.8778,7.791706,16.667002,5.455642,0
CysK,297,311,VILPSSGERYLSTAL,1605.8778,7.881896,60.000004,5.609252,0
CysK,297,311,VILPSSGERYLSTAL,1605.8778,7.873906,720.000061,5.449268,0
CysK,300,311,PSSGERYLSTAL,1280.6412,6.902996,0,0,0
CysK,300,311,PSSGERYLSTAL,1280.6412,6.898749,0.033,2.501523,0.064933
CysK,300,311,PSSGERYLSTAL,1280.6412,6.967988,1.667,4.93434,0.063849
CysK,300,311,PSSGERYLSTAL,1280.6412,6.894449,16.667002,5.860375,0
CysK,300,311,PSSGERYLSTAL,1280.6412,6.976539,60.000004,5.901193,0
CysK,300,311,PSSGERYLSTAL,1280.6412,6.969856,720.000061,5.824434,0
CysK,304,311,ERYLSTAL,952.503,6.643903,0,0,0
CysK,304,311,ERYLSTAL,952.503,6.643431,0.033,2.160484,0.075748
CysK,304,311,ERYLSTAL,952.503,6.718313,1.667,3.882201,0.04637
CysK,304,311,ERYLSTAL,952.503,6.653904,16.667002,4.206774,0.027513
CysK,304,311,ERYLSTAL,952.503,6.729323,60.000004,4.269916,0.025794
CysK,304,311,ERYLSTAL,952.503,6.721028,720.000061,4.251796,0.039415
CysK,316,333,FTEKELQQTSLEHHHHHH,2275.068,4.076198,0,0,0
CysK,316,333,FTEKELQQTSLEHHHHHH,2275.068,4.075824,0.033,6.244582,0.111098
CysK,316,333,FTEKELQQTSLEHHHHHH,2275.068,4.112149,1.667,6.240718,0.099895
CysK,316,333,FTEKELQQTSLEHHHHHH,2275.068,4.089364,16.667002,6.200315,0
CysK,316,333,FTEKELQQTSLEHHHHHH,2275.068,4.139862,60.000004,6.366231,0
CysK,316,333,FTEKELQQTSLEHHHHHH,2275.068,4.130645,720.000061,6.339667,0
CysK,324,333,TSLEHHHHHH,1271.577676,4.072215,0,0,0
CysK,324,333,TSLEHHHHHH,1271.577676,4.07578,0.033,2.286664,0.073126
CysK,324,333,TSLEHHHHHH,1271.577676,4.114022,1.667,2.261191,0.082777
CysK,324,333,TSLEHHHHHH,1271.577676,4.090357,16.667002,2.315191,0.06884
CysK,324,333,TSLEHHHHHH,1271.577676,4.140894,60.000004,2.349899,0.051952
CysK,324,333,TSLEHHHHHH,1271.577676,4.13077,720.000061,2.379717,0.067554
CysE,1,7,SGTSCEE,712.245411,3.347365,0,0,0
CysE,1,7,SGTSCEE,712.245411,3.381499,0.033,2.716221,0.038712
CysE,1,7,SGTSCEE,712.245411,3.407563,1.667,2.776724,0.023909
CysE,1,7,SGTSCEE,712.245411,3.350226,16.667002,2.711647,0
CysE,1,7,SGTSCEE,712.245411,3.407516,60.000004,2.702874,0
CysE,1,8,SGTSCEEL,825.329475,6.101342,0,0,0
CysE,1,8,SGTSCEEL,825.329475,6.128274,0.033,2.644462,0.037732
CysE,1,8,SGTSCEEL,825.329475,6.161405,1.667,3.129675,0.047812
CysE,1,8,SGTSCEEL,825.329475,6.097842,16.667002,3.073567,0
CysE,1,8,SGTSCEEL,825.329475,6.165736,60.000004,3.075225,0
CysE,8,17,LEIVWNNIKA,1199.671,7.980533,0,0,0
CysE,8,17,LEIVWNNIKA,1199.671,8.018882,0.033,0.398629,0.031116
CysE,8,17,LEIVWNNIKA,1199.671,8.065139,1.667,3.544135,0.026936
CysE,8,17,LEIVWNNIKA,1199.671,7.972692,16.667002,4.658622,0
CysE,8,17,LEIVWNNIKA,1199.671,8.067355,60.000004,5.164823,0
CysE,8,17,LEIVWNNIKA,1199.671,8.065930,720.000061,5.355799,0
CysE,8,19,LEIVWNNIKAEA,1399.7507,7.923277,0,0,0
CysE,8,19,LEIVWNNIKAEA,1399.7507,7.957481,0.033,0.42699,0.017416
CysE,8,19,LEIVWNNIKAEA,1399.7507,7.997482,1.667,3.845757,0.053436
CysE,8,19,LEIVWNNIKAEA,1399.7507,7.906903,16.667002,5.644739,0
CysE,8,19,LEIVWNNIKAEA,1399.7507,7.993382,60.000004,6.480128,0
CysE,8,19,LEIVWNNIKAEA,1399.7507,7.991583,720.000061,6.972145,0
CysE,8,21,LEIVWNNIKAEART,1656.8995,7.215877,0,0,0
CysE,8,21,LEIVWNNIKAEART,1656.8995,7.249559,0.033,0.86838,0.042713
CysE,8,21,LEIVWNNIKAEART,1656.8995,7.286420,1.667,5.429423,0.014439
CysE,8,21,LEIVWNNIKAEART,1656.8995,7.198352,16.667002,7.217971,0
CysE,8,21,LEIVWNNIKAEART,1656.8995,7.284794,60.000004,8.193694,0
CysE,8,21,LEIVWNNIKAEART,1656.8995,7.281937,720.000061,10.300184,0
CysE,8,23,LEIVWNNIKAEARTLA,1841.0208,8.204641,0,0,0
CysE,8,23,LEIVWNNIKAEARTLA,1841.0208,8.238622,0.033,1.02175,0.104872
CysE,8,23,LEIVWNNIKAEARTLA,1841.0208,8.263047,1.667,6.43691,0.118912
CysE,8,23,LEIVWNNIKAEARTLA,1841.0208,8.156779,16.667002,8.580021,0.047372
CysE,8,23,LEIVWNNIKAEARTLA,1841.0208,8.247028,60.000004,9.788471,0.142076
CysE,8,23,LEIVWNNIKAEARTLA,1841.0208,8.275059,720.000061,11.276521,0.047301
CysE,9,17,EIVWNNIKA,1086.5869,7.264539,0,0,0
CysE,9,17,EIVWNNIKA,1086.5869,7.300594,0.033,0.359873,0.029161
CysE,9,17,EIVWNNIKA,1086.5869,7.339931,1.667,2.796198,0.054692
CysE,9,17,EIVWNNIKA,1086.5869,7.254226,16.667002,3.76992,0
CysE,9,17,EIVWNNIKA,1086.5869,7.344290,60.000004,4.239749,0
CysE,9,17,EIVWNNIKA,1086.5869,7.342090,720.000061,4.808624,0
CysE,9,21,EIVWNNIKAEART,1543.8154,6.545852,0,0,0
CysE,9,21,EIVWNNIKAEART,1543.8154,6.567814,0.033,0.839829,0.088883
CysE,9,21,EIVWNNIKAEART,1543.8154,6.595237,1.667,4.435627,0.101655
CysE,9,21,EIVWNNIKAEART,1543.8154,6.514823,16.667002,6.149097,0.097176
CysE,9,21,EIVWNNIKAEART,1543.8154,6.589820,60.000004,7.231789,0.069285
CysE,9,21,EIVWNNIKAEART,1543.8154,6.587176,720.000061,8.113578,0.072617
CysE,10,21,IVWNNIKAEART,1414.7728,6.091511,0,0,0
CysE,10,21,IVWNNIKAEART,1414.7728,6.118938,0.033,0.883318,0.075385
CysE,10,21,IVWNNIKAEART,1414.7728,6.153158,1.667,3.564721,0.029918
CysE,10,21,IVWNNIKAEART,1414.7728,6.079552,16.667002,4.931012,0
CysE,10,21,IVWNNIKAEART,1414.7728,6.149500,60.000004,6.149146,0
CysE,10,21,IVWNNIKAEART,1414.7728,6.144140,720.000061,7.149502,0
CysE,10,22,IVWNNIKAEARTL,1527.857,7.230346,0,0,0
CysE,10,22,IVWNNIKAEARTL,1527.857,7.262021,0.033,0.822233,0.069044
CysE,10,22,IVWNNIKAEARTL,1527.857,7.297292,1.667,4.044044,0.057763
CysE,10,22,IVWNNIKAEARTL,1527.857,7.202278,16.667002,5.660972,0
CysE,10,22,IVWNNIKAEARTL,1527.857,7.286359,60.000004,6.887023,0
CysE,10,22,IVWNNIKAEARTL,1527.857,7.276858,720.000061,7.773308,0
CysE,10,23,IVWNNIKAEARTLA,1598.894,7.250489,0,0,0
CysE,10,23,IVWNNIKAEARTLA,1598.894,7.279013,0.033,0.973006,0.112074
CysE,10,23,IVWNNIKAEARTLA,1598.894,7.307822,1.667,4.780373,0.086432
CysE,10,23,IVWNNIKAEARTLA,1598.894,7.212474,16.667002,6.519343,0.045575
CysE,10,23,IVWNNIKAEARTLA,1598.894,7.294653,60.000004,7.784925,0.047254
CysE,10,23,IVWNNIKAEARTLA,1598.894,7.287148,720.000061,8.657001,0.051371
CysE,10,26,IVWNNIKAEARTLADCE,1945.973,7.960688,0,0,0
CysE,10,26,IVWNNIKAEARTLADCE,1945.973,7.994771,0.033,1.487766,0.111012
CysE,10,26,IVWNNIKAEARTLADCE,1945.973,8.013794,1.667,6.594447,0.029547
CysE,10,26,IVWNNIKAEARTLADCE,1945.973,7.912086,16.667002,8.329087,3.22E-13
CysE,10,26,IVWNNIKAEARTLADCE,1945.973,7.998252,60.000004,9.532809,2.27E-13
CysE,10,26,IVWNNIKAEARTLADCE,1945.973,7.993078,720.000061,10.409335,2.27E-13
CysE,12,21,WNNIKAEART,1202.6204,6.090951,0,0,0
CysE,12,21,WNNIKAEART,1202.6204,6.115664,0.033,0.906476,0.082481
CysE,12,21,WNNIKAEART,1202.6204,6.151540,1.667,3.260131,0.049749
CysE,12,21,WNNIKAEART,1202.6204,6.079000,16.667002,4.720596,0
CysE,12,21,WNNIKAEART,1202.6204,6.147583,60.000004,5.738971,0
CysE,12,21,WNNIKAEART,1202.6204,6.142732,720.000061,6.570162,0
CysE,18,29,EARTLADCEPML,1348.6166,7.799802,0,0,0
CysE,18,29,EARTLADCEPML,1348.6166,7.834648,0.033,1.754306,0.12298
CysE,18,29,EARTLADCEPML,1348.6166,7.875888,1.667,5.239777,0.031442
CysE,18,29,EARTLADCEPML,1348.6166,7.786168,16.667002,6.003201,0
CysE,18,29,EARTLADCEPML,1348.6166,7.873120,60.000004,6.141256,0
CysE,18,29,EARTLADCEPML,1348.6166,7.875021,720.000061,6.194539,0
CysE,20,29,RTLADCEPML,1148.5369,7.602534,0,0,0
CysE,20,29,RTLADCEPML,1148.5369,7.632186,0.033,1.187144,0.087768
CysE,20,29,RTLADCEPML,1148.5369,7.675018,1.667,4.009503,0.068347
CysE,20,29,RTLADCEPML,1148.5369,7.588795,16.667002,4.634818,0
CysE,20,29,RTLADCEPML,1148.5369,7.672035,60.000004,4.83955,0
CysE,20,29,RTLADCEPML,1148.5369,7.671485,720.000061,4.901508,0
CysE,22,26,LADCE,550.2106,4.496787,0,0,0
CysE,22,26,LADCE,550.2106,4.526904,0.033,0.712643,0.040804
CysE,22,26,LADCE,550.2106,4.561649,1.667,2.068911,0.021439
CysE,22,26,LADCE,550.2106,4.499382,16.667002,2.062152,0
CysE,22,26,LADCE,550.2106,4.561462,60.000004,2.127286,0
CysE,22,26,LADCE,550.2106,4.572051,720.000061,2.1406,0
CysE,30,37,ASFYHATL,909.4393,6.861961,0,0,0
CysE,30,37,ASFYHATL,909.4393,6.897383,0.033,0.490337,0.067674
CysE,30,37,ASFYHATL,909.4393,6.941795,1.667,0.83254,0.063302
CysE,30,37,ASFYHATL,909.4393,6.862514,16.667002,1.210689,0.067687
CysE,30,37,ASFYHATL,909.4393,6.943984,60.000004,1.930115,0.15735
CysE,30,37,ASFYHATL,909.4393,6.936732,720.000061,3.35221,0.066793
CysE,30,50,ASFYHATLLKHENLGSALSYM,2353.164529,7.760023,0,0,0
CysE,30,50,ASFYHATLLKHENLGSALSYM,2353.164529,7.797709,0.033,0.94587,0.0728
CysE,30,50,ASFYHATLLKHENLGSALSYM,2353.164529,7.846209,1.667,3.046957,0.015963
CysE,30,50,ASFYHATLLKHENLGSALSYM,2353.164529,7.753189,16.667002,3.183757,0
CysE,30,50,ASFYHATLLKHENLGSALSYM,2353.164529,7.849057,60.000004,3.569954,0
CysE,30,50,ASFYHATLLKHENLGSALSYM,2353.164529,7.844261,720.000061,4.761522,0
CysE,33,47,YHATLLKHENLGSAL,1666.891131,6.145610,0,0,0
CysE,33,47,YHATLLKHENLGSAL,1666.891131,6.173254,0.033,0.793976,0.08177
CysE,33,47,YHATLLKHENLGSAL,1666.891131,6.214883,1.667,2.649432,0.04866
CysE,33,47,YHATLLKHENLGSAL,1666.891131,6.138496,16.667002,2.881995,0.042832
CysE,33,47,YHATLLKHENLGSAL,1666.891131,6.216448,60.000004,3.052332,0.049321
CysE,33,47,YHATLLKHENLGSAL,1666.891131,6.213981,720.000061,3.998181,0.041509
CysE,38,46,LKHENLGSA,968.5087,3.849287,0,0,0
CysE,38,46,LKHENLGSA,968.5087,3.881287,0.033,0.976425,0.081727
CysE,38,46,LKHENLGSA,968.5087,3.913005,1.667,2.486703,0.033834
CysE,38,46,LKHENLGSA,968.5087,3.855687,16.667002,2.445543,0
CysE,38,46,LKHENLGSA,968.5087,3.910316,60.000004,2.474402,0
CysE,38,46,LKHENLGSA,968.5087,3.932813,720.000061,2.617516,0
CysE,38,47,LKHENLGSAL,1081.5927,5.580190,0,0,0
CysE,38,47,LKHENLGSAL,1081.5927,5.601262,0.033,0.812931,0.044505
CysE,38,47,LKHENLGSAL,1081.5927,5.642030,1.667,2.442254,0.011236
CysE,38,47,LKHENLGSAL,1081.5927,5.574862,16.667002,2.424833,0
CysE,38,47,LKHENLGSAL,1081.5927,5.643159,60.000004,2.486723,0
CysE,38,47,LKHENLGSAL,1081.5927,5.645223,720.000061,2.522351,0
CysE,38,48,LKHENLGSALS,1168.6248,5.166581,0,0,0
CysE,38,48,LKHENLGSALS,1168.6248,5.197114,0.033,0.86469,0.048268
CysE,38,48,LKHENLGSALS,1168.6248,5.226645,1.667,2.314312,0.018731
CysE,38,48,LKHENLGSALS,1168.6248,5.163064,16.667002,2.333887,0
CysE,38,48,LKHENLGSALS,1168.6248,5.230265,60.000004,2.343632,0
CysE,38,48,LKHENLGSALS,1168.6248,5.228314,720.000061,2.556435,0
CysE,38,49,LKHENLGSALSY,1331.688,6.197726,0,0,0
CysE,38,49,LKHENLGSALSY,1331.688,6.228016,0.033,0.883188,0.060967
CysE,38,49,LKHENLGSALSY,1331.688,6.265644,1.667,2.339608,0.014081
CysE,38,49,LKHENLGSALSY,1331.688,6.192739,16.667002,2.429692,0
CysE,38,49,LKHENLGSALSY,1331.688,6.268755,60.000004,2.507822,0
CysE,38,49,LKHENLGSALSY,1331.688,6.265133,720.000061,2.554627,0
CysE,50,60,MLANKLSSPIM,1204.636,7.073021,0,0,0
CysE,50,60,MLANKLSSPIM,1204.636,7.101439,0.033,0.905665,0.06071
CysE,50,60,MLANKLSSPIM,1204.636,7.141307,1.667,2.503559,0.066657
CysE,50,60,MLANKLSSPIM,1204.636,7.063838,16.667002,3.809613,0
CysE,50,60,MLANKLSSPIM,1204.636,7.140102,60.000004,4.164354,0
CysE,50,60,MLANKLSSPIM,1204.636,7.137144,720.000061,4.779695,0
CysE,51,60,LANKLSSPIM,1073.5955,6.556376,0,0,0
CysE,51,60,LANKLSSPIM,1073.5955,6.576049,0.033,0.987798,0.057185
CysE,51,60,LANKLSSPIM,1073.5955,6.618575,1.667,2.568404,0.008017
CysE,51,60,LANKLSSPIM,1073.5955,6.551186,16.667002,3.731373,0
CysE,51,60,LANKLSSPIM,1073.5955,6.616155,60.000004,4.058618,0
CysE,51,60,LANKLSSPIM,1073.5955,6.614356,720.000061,4.676421,0
CysE,51,64,LANKLSSPIMPAIA,1425.8066,7.338168,0,0,0
CysE,51,64,LANKLSSPIMPAIA,1425.8066,7.370049,0.033,1.858368,0.067849
CysE,51,64,LANKLSSPIMPAIA,1425.8066,7.411930,1.667,4.053216,0.032662
CysE,51,64,LANKLSSPIMPAIA,1425.8066,7.327270,16.667002,5.556385,0
CysE,51,64,LANKLSSPIMPAIA,1425.8066,7.408880,60.000004,5.913781,0
CysE,51,64,LANKLSSPIMPAIA,1425.8066,7.410672,720.000061,6.590783,0
CysE,53,60,NKLSSPIM,889.4743,6.152368,0,0,0
CysE,53,60,NKLSSPIM,889.4743,6.176689,0.033,0.901368,0.05336
CysE,53,60,NKLSSPIM,889.4743,6.218095,1.667,2.075773,0.025742
CysE,53,60,NKLSSPIM,889.4743,6.147508,16.667002,2.837975,0
CysE,53,60,NKLSSPIM,889.4743,6.218175,60.000004,3.043657,0
CysE,53,60,NKLSSPIM,889.4743,6.216455,720.000061,3.536014,0
CysE,65,72,IREVVEEA,944.4977,4.962636,0,0,0
CysE,65,72,IREVVEEA,944.4977,4.991487,0.033,0.107872,0.051976
CysE,65,72,IREVVEEA,944.4977,5.026429,1.667,0.189547,0.051249
CysE,65,72,IREVVEEA,944.4977,4.965959,16.667002,0.641956,0.082939
CysE,65,72,IREVVEEA,944.4977,5.028157,60.000004,0.860878,0.039963
CysE,65,72,IREVVEEA,944.4977,5.031878,720.000061,1.700924,0.058952
CysE,65,79,IREVVEEAYAADPEM,1721.7977,6.950388,0,0,0
CysE,65,79,IREVVEEAYAADPEM,1721.7977,6.978218,0.033,0.434388,0.044312
CysE,65,79,IREVVEEAYAADPEM,1721.7977,7.025629,1.667,1.036417,0.017544
CysE,65,79,IREVVEEAYAADPEM,1721.7977,6.947418,16.667002,1.764276,0
CysE,65,79,IREVVEEAYAADPEM,1721.7977,7.023914,60.000004,2.521505,0
CysE,65,79,IREVVEEAYAADPEM,1721.7977,7.008765,720.000061,4.102566,0
CysE,68,72,VVEEA,546.27,3.799892,0,0,0
CysE,68,72,VVEEA,546.27,3.833848,0.033,0.151033,0.024963
CysE,68,72,VVEEA,546.27,3.855522,1.667,0.090209,0.034014
CysE,68,72,VVEEA,546.27,3.808296,16.667002,0.072785,0
CysE,68,72,VVEEA,546.27,3.852718,60.000004,0.116759,0
CysE,68,72,VVEEA,546.27,3.878458,720.000061,0.52048,0
CysE,71,79,EAYAADPEM,996.3906,6.194692,0,0,0
CysE,71,79,EAYAADPEM,996.3906,6.226396,0.033,0.389347,0.017663
CysE,71,79,EAYAADPEM,996.3906,6.260758,1.667,0.975863,0.014261
CysE,71,79,EAYAADPEM,996.3906,6.195003,16.667002,1.559663,0
CysE,71,79,EAYAADPEM,996.3906,6.266396,60.000004,1.673067,0
CysE,71,79,EAYAADPEM,996.3906,6.259802,720.000061,2.480051,0
CysE,80,86,IASAACD,650.281402,3.918307,0,0,0
CysE,80,86,IASAACD,650.281402,3.944781,0.033,0.357104,0.028357
CysE,80,86,IASAACD,650.281402,3.974216,1.667,0.409525,0.013442
CysE,80,86,IASAACD,650.281402,3.925977,16.667002,0.629732,0
CysE,80,86,IASAACD,650.281402,3.968903,60.000004,0.863147,0
CysE,80,86,IASAACD,650.281402,3.992925,720.000061,1.25247,0
CysE,86,105,DIQAVRTRDPAVDKYSTPLL,2258.2063,6.745653,0,0,0
CysE,86,105,DIQAVRTRDPAVDKYSTPLL,2258.2063,6.775190,0.033,1.216684,0.091381
CysE,86,105,DIQAVRTRDPAVDKYSTPLL,2258.2063,6.819416,1.667,2.279581,0.053932
CysE,86,105,DIQAVRTRDPAVDKYSTPLL,2258.2063,6.743486,16.667002,3.109525,0
CysE,86,105,DIQAVRTRDPAVDKYSTPLL,2258.2063,6.819072,60.000004,4.074766,0
CysE,86,105,DIQAVRTRDPAVDKYSTPLL,2258.2063,6.817112,720.000061,6.489045,0
CysE,87,105,IQAVRTRDPAVDKYSTPLL,2143.1794,6.488163,0,0,0
CysE,87,105,IQAVRTRDPAVDKYSTPLL,2143.1794,6.521834,0.033,1.195433,0.047412
CysE,87,105,IQAVRTRDPAVDKYSTPLL,2143.1794,6.571817,1.667,2.285001,0.013337
CysE,87,105,IQAVRTRDPAVDKYSTPLL,2143.1794,6.489013,16.667002,3.118819,0
CysE,87,105,IQAVRTRDPAVDKYSTPLL,2143.1794,6.569075,60.000004,4.289093,0
CysE,87,105,IQAVRTRDPAVDKYSTPLL,2143.1794,6.574744,720.000061,6.372946,0
CysE,89,105,AVRTRDPAVDKYSTPLL,1902.0367,6.371795,0,0,0
CysE,89,105,AVRTRDPAVDKYSTPLL,1902.0367,6.404743,0.033,1.155802,0.060006
CysE,89,105,AVRTRDPAVDKYSTPLL,1902.0367,6.452652,1.667,2.313499,0.030102
CysE,89,105,AVRTRDPAVDKYSTPLL,1902.0367,6.375113,16.667002,3.255363,0.019852
CysE,89,105,AVRTRDPAVDKYSTPLL,1902.0367,6.451289,60.000004,4.397355,0.009804
CysE,89,105,AVRTRDPAVDKYSTPLL,1902.0367,6.450392,720.000061,6.304395,0.048241
CysE,90,105,VRTRDPAVDKYSTPLL,1830.9996,6.366014,0,0,0
CysE,90,105,VRTRDPAVDKYSTPLL,1830.9996,6.406236,0.033,0.895593,0.035016
CysE,90,105,VRTRDPAVDKYSTPLL,1830.9996,6.448430,1.667,1.991669,0.081931
CysE,90,105,VRTRDPAVDKYSTPLL,1830.9996,6.366970,16.667002,2.928505,0
CysE,90,105,VRTRDPAVDKYSTPLL,1830.9996,6.444946,60.000004,3.719165,0
CysE,90,105,VRTRDPAVDKYSTPLL,1830.9996,6.446115,720.000061,5.395822,0
CysE,106,115,YLKGFHALQA,1147.6183,6.371402,0,0,0
CysE,106,115,YLKGFHALQA,1147.6183,6.407389,0.033,0.373756,0.181151
CysE,106,115,YLKGFHALQA,1147.6183,6.451162,1.667,0.624593,0.111312
CysE,106,115,YLKGFHALQA,1147.6183,6.372169,16.667002,0.870355,0.102376
CysE,106,115,YLKGFHALQA,1147.6183,6.453481,60.000004,1.107121,0.111131
CysE,106,115,YLKGFHALQA,1147.6183,6.450871,720.000061,1.308865,0.109627
CysE,106,133,YLKGFHALQAYRIGHWLWNQGRRALAIF,3385.833384,9.812201,0,0,0
CysE,106,133,YLKGFHALQAYRIGHWLWNQGRRALAIF,3385.833384,9.794626,0.033,1.674966,0.090171
CysE,106,133,YLKGFHALQAYRIGHWLWNQGRRALAIF,3385.833384,9.863458,1.667,3.611012,0.09544
CysE,106,133,YLKGFHALQAYRIGHWLWNQGRRALAIF,3385.833384,9.773822,16.667002,4.739224,0
CysE,106,133,YLKGFHALQAYRIGHWLWNQGRRALAIF,3385.833384,9.878263,60.000004,5.325754,0
CysE,106,133,YLKGFHALQAYRIGHWLWNQGRRALAIF,3385.833384,9.863440,720.000061,6.483525,0
CysE,116,126,YRIGHWLWNQG,1429.7051,8.103643,0,0,0
CysE,116,126,YRIGHWLWNQG,1429.7051,8.143759,0.033,0.58759,0.030259
CysE,116,126,YRIGHWLWNQG,1429.7051,8.193997,1.667,0.843899,0.004286
CysE,116,126,YRIGHWLWNQG,1429.7051,8.100378,16.667002,1.315622,0
CysE,116,126,YRIGHWLWNQG,1429.7051,8.199827,60.000004,1.802703,0
CysE,116,126,YRIGHWLWNQG,1429.7051,8.191665,720.000061,2.013819,0
CysE,116,130,YRIGHWLWNQGRRAL,1926.0286,7.271700,0,0,0
CysE,116,130,YRIGHWLWNQGRRAL,1926.0286,7.287940,0.033,1.470785,0.130368
CysE,116,130,YRIGHWLWNQGRRAL,1926.0286,7.340618,1.667,3.037442,0.104067
CysE,116,130,YRIGHWLWNQGRRAL,1926.0286,7.252351,16.667002,3.868476,0.11775
CysE,116,130,YRIGHWLWNQGRRAL,1926.0286,7.343120,60.000004,4.501257,0.100274
CysE,116,130,YRIGHWLWNQGRRAL,1926.0286,7.327281,720.000061,5.01434,0.080828
CysE,116,131,YRIGHWLWNQGRRALA,1997.0657,7.248513,0,0,0
CysE,116,131,YRIGHWLWNQGRRALA,1997.0657,7.248825,0.033,1.617329,0.074255
CysE,116,131,YRIGHWLWNQGRRALA,1997.0657,7.308654,1.667,3.33041,0.00894
CysE,116,131,YRIGHWLWNQGRRALA,1997.0657,7.222836,16.667002,4.21731,0
CysE,116,131,YRIGHWLWNQGRRALA,1997.0657,7.315917,60.000004,4.999138,2.27E-13
CysE,116,131,YRIGHWLWNQGRRALA,1997.0657,7.291369,720.000061,5.743209,0
CysE,116,133,YRIGHWLWNQGRRALAIF,2257.218,8.826587,0,0,0
CysE,116,133,YRIGHWLWNQGRRALAIF,2257.218,8.813457,0.033,1.381447,0.121293
CysE,116,133,YRIGHWLWNQGRRALAIF,2257.218,8.881928,1.667,3.008124,0.099848
CysE,116,133,YRIGHWLWNQGRRALAIF,2257.218,8.784795,16.667002,3.911107,0.091792
CysE,116,133,YRIGHWLWNQGRRALAIF,2257.218,8.878711,60.000004,4.585041,0.09138
CysE,116,133,YRIGHWLWNQGRRALAIF,2257.218,8.844720,720.000061,5.442133,0.091295
CysE,121,133,WLWNQGRRALAIF,1630.8892,8.833219,0,0,0
CysE,121,133,WLWNQGRRALAIF,1630.8892,8.816209,0.033,1.461008,0.085441
CysE,121,133,WLWNQGRRALAIF,1630.8892,8.889980,1.667,3.137409,0.045748
CysE,121,133,WLWNQGRRALAIF,1630.8892,8.786713,16.667002,3.851578,0
CysE,121,133,WLWNQGRRALAIF,1630.8892,8.886265,60.000004,4.664525,0
CysE,121,133,WLWNQGRRALAIF,1630.8892,8.851434,720.000061,5.405838,2.27E-13
CysE,122,133,LWNQGRRALAIF,1444.8098,8.081584,0,0,0
CysE,122,133,LWNQGRRALAIF,1444.8098,8.116261,0.033,1.166526,0.092306
CysE,122,133,LWNQGRRALAIF,1444.8098,8.168720,1.667,2.73814,0.057524
CysE,122,133,LWNQGRRALAIF,1444.8098,8.075969,16.667002,3.369843,0.039992
CysE,122,133,LWNQGRRALAIF,1444.8098,8.172064,60.000004,3.739602,0.039931
CysE,122,133,LWNQGRRALAIF,1444.8098,8.167765,720.000061,4.366741,0.039486
CysE,132,139,IFLQNQVS,948.514908,6.834333,0,0,0
CysE,132,139,IFLQNQVS,948.514908,6.860864,0.033,0.18251,0.015187
CysE,132,139,IFLQNQVS,948.514908,6.905131,1.667,0.164212,0.006508
CysE,132,139,IFLQNQVS,948.514908,6.833754,16.667002,0.172728,0
CysE,132,139,IFLQNQVS,948.514908,6.909165,60.000004,0.198148,0
CysE,132,139,IFLQNQVS,948.514908,6.907566,720.000061,0.44067,0
CysE,134,141,LQNQVSVT,888.478522,4.864959,0,0,0
CysE,134,141,LQNQVSVT,888.478522,4.888153,0.033,0.133663,0.01478
CysE,134,141,LQNQVSVT,888.478522,4.918685,1.667,0.143127,0.008942
CysE,134,141,LQNQVSVT,888.478522,4.864706,16.667002,0.134477,0
CysE,134,141,LQNQVSVT,888.478522,4.918828,60.000004,0.195288,0
CysE,134,141,LQNQVSVT,888.478522,4.925485,720.000061,0.73635,0
CysE,134,142,LQNQVSVTF,1035.5393,7.564245,0,0,0
CysE,134,142,LQNQVSVTF,1035.5393,7.596256,0.033,0.178643,0.045678
CysE,134,142,LQNQVSVTF,1035.5393,7.638561,1.667,0.174009,0.058539
CysE,134,142,LQNQVSVTF,1035.5393,7.562744,16.667002,0.187529,0.031492
CysE,134,142,LQNQVSVTF,1035.5393,7.639510,60.000004,0.260774,0.018241
CysE,134,142,LQNQVSVTF,1035.5393,7.639040,720.000061,0.779917,0.114576
CysE,142,157,FQVDIHPAAKIGRGIM,1752.9501,6.654206,0,0,0
CysE,142,157,FQVDIHPAAKIGRGIM,1752.9501,6.681703,0.033,0.738424,0.032185
CysE,142,157,FQVDIHPAAKIGRGIM,1752.9501,6.724729,1.667,0.974912,0.040792
CysE,142,157,FQVDIHPAAKIGRGIM,1752.9501,6.647218,16.667002,1.286342,0
CysE,142,157,FQVDIHPAAKIGRGIM,1752.9501,6.723758,60.000004,1.77447,0
CysE,142,157,FQVDIHPAAKIGRGIM,1752.9501,6.721147,720.000061,2.20667,0
CysE,143,155,QVDIHPAAKIGRG,1361.7572,4.342233,0,0,0
CysE,143,155,QVDIHPAAKIGRG,1361.7572,4.364789,0.033,0.727017,0.053382
CysE,143,155,QVDIHPAAKIGRG,1361.7572,4.401897,1.667,0.883528,0.047305
CysE,143,155,QVDIHPAAKIGRG,1361.7572,4.345794,16.667002,1.148051,0
CysE,143,155,QVDIHPAAKIGRG,1361.7572,4.397573,60.000004,1.732338,0
CysE,143,155,QVDIHPAAKIGRG,1361.7572,4.411983,720.000061,2.143859,0
CysE,143,157,QVDIHPAAKIGRGIM,1605.8817,5.814468,0,0,0
CysE,143,157,QVDIHPAAKIGRGIM,1605.8817,5.826048,0.033,0.669055,0.051363
CysE,143,157,QVDIHPAAKIGRGIM,1605.8817,5.864017,1.667,0.88008,0.0287
CysE,143,157,QVDIHPAAKIGRGIM,1605.8817,5.799564,16.667002,1.193789,0
CysE,143,157,QVDIHPAAKIGRGIM,1605.8817,5.867134,60.000004,1.681255,0
CysE,143,157,QVDIHPAAKIGRGIM,1605.8817,5.862919,720.000061,2.158917,0
CysE,143,158,QVDIHPAAKIGRGIML,1718.9657,6.667734,0,0,0
CysE,143,158,QVDIHPAAKIGRGIML,1718.9657,6.696957,0.033,0.733199,0.205289
CysE,143,158,QVDIHPAAKIGRGIML,1718.9657,6.744725,1.667,0.83386,0.16841
CysE,143,158,QVDIHPAAKIGRGIML,1718.9657,6.663952,16.667002,1.193213,0.173347
CysE,143,158,QVDIHPAAKIGRGIML,1718.9657,6.743862,60.000004,1.769902,0.143069
CysE,143,158,QVDIHPAAKIGRGIML,1718.9657,6.740066,720.000061,2.685018,0.143824
CysE,158,170,LDHATGIVVGETA,1282.6558,5.738864,0,0,0
CysE,158,170,LDHATGIVVGETA,1282.6558,5.769810,0.033,0.477968,0.01409
CysE,158,170,LDHATGIVVGETA,1282.6558,5.805236,1.667,0.725629,0.008558
CysE,158,170,LDHATGIVVGETA,1282.6558,5.743364,16.667002,1.082786,0
CysE,158,170,LDHATGIVVGETA,1282.6558,5.804096,60.000004,1.413935,0
CysE,158,170,LDHATGIVVGETA,1282.6558,5.806190,720.000061,3.305783,0
CysE,158,171,LDHATGIVVGETAV,1381.7241,6.459604,0,0,0
CysE,158,171,LDHATGIVVGETAV,1381.7241,6.487522,0.033,0.434503,0.01859
CysE,158,171,LDHATGIVVGETAV,1381.7241,6.530730,1.667,0.734399,0.013821
CysE,158,171,LDHATGIVVGETAV,1381.7241,6.459141,16.667002,1.009879,0
CysE,158,171,LDHATGIVVGETAV,1381.7241,6.532380,60.000004,1.234133,0
CysE,158,171,LDHATGIVVGETAV,1381.7241,6.525830,720.000061,3.357079,0
CysE,159,170,DHATGIVVGETA,1169.5717,5.462895,0,0,0
CysE,159,170,DHATGIVVGETA,1169.5717,5.485203,0.033,0.358476,0.010105
CysE,159,170,DHATGIVVGETA,1169.5717,5.517045,1.667,0.746755,0.024962
CysE,159,170,DHATGIVVGETA,1169.5717,5.460530,16.667002,1.041086,0
CysE,159,170,DHATGIVVGETA,1169.5717,5.514072,60.000004,1.378185,0
CysE,159,170,DHATGIVVGETA,1169.5717,5.514280,720.000061,3.215406,0
CysE,159,171,DHATGIVVGETAV,1268.64,6.274085,0,0,0
CysE,159,171,DHATGIVVGETAV,1268.64,6.301421,0.033,0.437652,0.015379
CysE,159,171,DHATGIVVGETAV,1268.64,6.338590,1.667,0.775705,0.015322
CysE,159,171,DHATGIVVGETAV,1268.64,6.273538,16.667002,1.016128,0
CysE,159,171,DHATGIVVGETAV,1268.64,6.339990,60.000004,1.337025,0
CysE,159,171,DHATGIVVGETAV,1268.64,6.338533,720.000061,3.146221,0
CysE,164,170,IVVGETA,688.3795,5.155179,0,0,0
CysE,164,170,IVVGETA,688.3795,5.181025,0.033,0.307612,0.008343
CysE,164,170,IVVGETA,688.3795,5.209269,1.667,0.249631,0.019911
CysE,164,170,IVVGETA,688.3795,5.156548,16.667002,0.32839,0
CysE,164,170,IVVGETA,688.3795,5.211220,60.000004,0.529976,0
CysE,164,170,IVVGETA,688.3795,5.216284,720.000061,1.661682,0
CysE,164,171,IVVGETAV,787.455996,6.221143,0,0,0
CysE,164,171,IVVGETAV,787.455996,6.243808,0.033,0.240013,0.016252
CysE,164,171,IVVGETAV,787.455996,6.282530,1.667,0.294442,0.009134
CysE,164,171,IVVGETAV,787.455996,6.219118,16.667002,0.332658,0
CysE,164,171,IVVGETAV,787.455996,6.283464,60.000004,0.515051,0
CysE,164,171,IVVGETAV,787.455996,6.283787,720.000061,1.69914,0
CysE,178,203,ILQSVTLGGTGKSGGDRHPKIREGVM,2693.451543,5.321419,0,0,0
CysE,178,203,ILQSVTLGGTGKSGGDRHPKIREGVM,2693.451543,5.338003,0.033,2.344055,0.049603
CysE,178,203,ILQSVTLGGTGKSGGDRHPKIREGVM,2693.451543,5.380247,1.667,2.963278,0.017697
CysE,178,203,ILQSVTLGGTGKSGGDRHPKIREGVM,2693.451543,5.327441,16.667002,3.17904,0
CysE,178,203,ILQSVTLGGTGKSGGDRHPKIREGVM,2693.451543,5.379437,60.000004,3.681963,0
CysE,178,203,ILQSVTLGGTGKSGGDRHPKIREGVM,2693.451543,5.383280,720.000061,4.204649,0
CysE,180,200,QSVTLGGTGKSGGDRHPKIRE,2180.1455,3.839047,0,0,0
CysE,180,200,QSVTLGGTGKSGGDRHPKIRE,2180.1455,3.863169,0.033,2.267423,0.038014
CysE,180,200,QSVTLGGTGKSGGDRHPKIRE,2180.1455,3.899126,1.667,2.874512,0.018061
CysE,180,200,QSVTLGGTGKSGGDRHPKIRE,2180.1455,3.844814,16.667002,3.275898,0
CysE,180,200,QSVTLGGTGKSGGDRHPKIRE,2180.1455,3.896932,60.000004,3.409934,0
CysE,180,200,QSVTLGGTGKSGGDRHPKIRE,2180.1455,3.912613,720.000061,3.886343,0
CysE,180,203,QSVTLGGTGKSGGDRHPKIREGVM,2467.2756,4.636514,0,0,0
CysE,180,203,QSVTLGGTGKSGGDRHPKIREGVM,2467.2756,4.665033,0.033,2.253453,0.040155
CysE,180,203,QSVTLGGTGKSGGDRHPKIREGVM,2467.2756,4.700042,1.667,2.84363,0.005561
CysE,180,203,QSVTLGGTGKSGGDRHPKIREGVM,2467.2756,4.644756,16.667002,3.254532,0
CysE,180,203,QSVTLGGTGKSGGDRHPKIREGVM,2467.2756,4.698737,60.000004,3.384986,0
CysE,180,203,QSVTLGGTGKSGGDRHPKIREGVM,2467.2756,4.699993,720.000061,3.929426,0
CysE,182,203,VTLGGTGKSGGDRHPKIREGVM,2252.185,4.544349,0,0,0
CysE,182,203,VTLGGTGKSGGDRHPKIREGVM,2252.185,4.540627,0.033,2.374972,0.055766
CysE,182,203,VTLGGTGKSGGDRHPKIREGVM,2252.185,4.581348,1.667,2.997693,0.054938
CysE,182,203,VTLGGTGKSGGDRHPKIREGVM,2252.185,4.531347,16.667002,3.313457,0
CysE,182,203,VTLGGTGKSGGDRHPKIREGVM,2252.185,4.584319,60.000004,3.562641,0
CysE,182,203,VTLGGTGKSGGDRHPKIREGVM,2252.185,4.586170,720.000061,3.980451,0
CysE,204,215,IGAGAKILGNIE,1155.6658,6.892992,0,0,0
CysE,204,215,IGAGAKILGNIE,1155.6658,6.924011,0.033,0.995811,0.086648
CysE,204,215,IGAGAKILGNIE,1155.6658,6.963417,1.667,1.301989,0.033059
CysE,204,215,IGAGAKILGNIE,1155.6658,6.888335,16.667002,1.50964,0.017348
CysE,204,215,IGAGAKILGNIE,1155.6658,6.966253,60.000004,1.67629,0.013276
CysE,204,215,IGAGAKILGNIE,1155.6658,6.959252,720.000061,2.613366,0.02132
CysE,204,226,IGAGAKILGNIEVGRGAKIGAGS,2109.2065,6.485472,0,0,0
CysE,204,226,IGAGAKILGNIEVGRGAKIGAGS,2109.2065,6.511590,0.033,1.774942,0.151477
CysE,204,226,IGAGAKILGNIEVGRGAKIGAGS,2109.2065,6.559493,1.667,2.545396,0.062199
CysE,204,226,IGAGAKILGNIEVGRGAKIGAGS,2109.2065,6.478271,16.667002,3.056698,0.05565
CysE,204,226,IGAGAKILGNIEVGRGAKIGAGS,2109.2065,6.558675,60.000004,3.55348,0.043407
CysE,204,226,IGAGAKILGNIEVGRGAKIGAGS,2109.2065,6.550748,720.000061,5.707383,0.047242
CysE,204,227,IGAGAKILGNIEVGRGAKIGAGSV,2208.275,6.772441,0,0,0
CysE,204,227,IGAGAKILGNIEVGRGAKIGAGSV,2208.275,6.799876,0.033,1.891681,0.113391
CysE,204,227,IGAGAKILGNIEVGRGAKIGAGSV,2208.275,6.845758,1.667,2.665882,0.085063
CysE,204,227,IGAGAKILGNIEVGRGAKIGAGSV,2208.275,6.764353,16.667002,3.125149,0.065566
CysE,204,227,IGAGAKILGNIEVGRGAKIGAGSV,2208.275,6.845391,60.000004,3.709738,0.069083
CysE,204,227,IGAGAKILGNIEVGRGAKIGAGSV,2208.275,6.835033,720.000061,6.224897,0.065952
CysE,216,226,VGRGAKIGAGS,972.5509,3.065717,0,0,0
CysE,216,226,VGRGAKIGAGS,972.5509,3.080090,0.033,1.38134,0.097704
CysE,216,226,VGRGAKIGAGS,972.5509,3.132602,1.667,1.576107,0.025548
CysE,216,226,VGRGAKIGAGS,972.5509,3.026894,16.667002,1.671255,1.14E-13
CysE,216,226,VGRGAKIGAGS,972.5509,3.127177,60.000004,1.939744,1.14E-13
CysE,216,226,VGRGAKIGAGS,972.5509,3.189374,720.000061,3.183257,1.14E-13
CysE,216,227,VGRGAKIGAGSV,1071.6194,4.333884,0,0,0
CysE,216,227,VGRGAKIGAGSV,1071.6194,4.363672,0.033,1.134878,0.049255
CysE,216,227,VGRGAKIGAGSV,1071.6194,4.400042,1.667,1.364611,0.015252
CysE,216,227,VGRGAKIGAGSV,1071.6194,4.338809,16.667002,1.453498,0
CysE,216,227,VGRGAKIGAGSV,1071.6194,4.397491,60.000004,1.808138,0
CysE,216,227,VGRGAKIGAGSV,1071.6194,4.407406,720.000061,3.47113,0
CysE,227,238,VVLQPVPPHTTA,1258.7076,5.324545,0,0,0
CysE,227,238,VVLQPVPPHTTA,1258.7076,5.347882,0.033,0.430929,0.06829
CysE,227,238,VVLQPVPPHTTA,1258.7076,5.381919,1.667,1.229427,0.086293
CysE,227,238,VVLQPVPPHTTA,1258.7076,5.326318,16.667002,2.281543,0
CysE,227,238,VVLQPVPPHTTA,1258.7076,5.380169,60.000004,2.766549,0
CysE,227,238,VVLQPVPPHTTA,1258.7076,5.385575,720.000061,3.810164,0
CysE,228,257,VLQPVPPHTTAAGVPARIVGKPDSDKPSMD,3080.6116,5.293715,0,0,0
CysE,228,257,VLQPVPPHTTAAGVPARIVGKPDSDKPSMD,3080.6116,5.309556,0.033,4.315214,0.291958
CysE,228,257,VLQPVPPHTTAAGVPARIVGKPDSDKPSMD,3080.6116,5.337757,1.667,7.798837,0.229
CysE,228,257,VLQPVPPHTTAAGVPARIVGKPDSDKPSMD,3080.6116,5.279510,16.667002,9.046267,0
CysE,228,257,VLQPVPPHTTAAGVPARIVGKPDSDKPSMD,3080.6116,5.335982,60.000004,10.551984,4.55E-13
CysE,228,257,VLQPVPPHTTAAGVPARIVGKPDSDKPSMD,3080.6116,5.330916,720.000061,11.840977,0
CysE,257,270,DMDQHFNGINHTFE,1704.6997,6.659238,0,0,0
CysE,257,270,DMDQHFNGINHTFE,1704.6997,6.683537,0.033,4.357184,0.035326
CysE,257,270,DMDQHFNGINHTFE,1704.6997,6.720406,1.667,4.553725,0.030182
CysE,257,270,DMDQHFNGINHTFE,1704.6997,6.648732,16.667002,4.548848,0
CysE,257,270,DMDQHFNGINHTFE,1704.6997,6.725189,60.000004,4.516958,0
CysE,257,270,DMDQHFNGINHTFE,1704.6997,6.722744,720.000061,4.747985,0
CysE,257,275,DMDQHFNGINHTFEYGDGI,2209.924358,7.667610,0,0,0
CysE,257,275,DMDQHFNGINHTFEYGDGI,2209.924358,7.689669,0.033,5.84038,0.058652
CysE,257,275,DMDQHFNGINHTFEYGDGI,2209.924358,7.735526,1.667,6.616583,0.023005
CysE,257,275,DMDQHFNGINHTFEYGDGI,2209.924358,7.654906,16.667002,6.547562,0
CysE,257,275,DMDQHFNGINHTFEYGDGI,2209.924358,7.740164,60.000004,6.693971,0
CysE,257,275,DMDQHFNGINHTFEYGDGI,2209.924358,7.737600,720.000061,6.819056,0
CysE,258,275,MDQHFNGINHTFEYGDGI,2094.897415,7.411110,0,0,0
CysE,258,275,MDQHFNGINHTFEYGDGI,2094.897415,7.440552,0.033,5.415646,0.07268
CysE,258,275,MDQHFNGINHTFEYGDGI,2094.897415,7.486004,1.667,6.11022,0.040618
CysE,258,275,MDQHFNGINHTFEYGDGI,2094.897415,7.404636,16.667002,5.900985,0
CysE,258,275,MDQHFNGINHTFEYGDGI,2094.897415,7.489610,60.000004,6.110891,0
CysE,258,275,MDQHFNGINHTFEYGDGI,2094.897415,7.491089,720.000061,6.307726,0
CysE,259,270,DQHFNGINHTFE,1458.6322,6.159323,0,0,0
CysE,259,270,DQHFNGINHTFE,1458.6322,6.185602,0.033,3.776969,0.061491
CysE,259,270,DQHFNGINHTFE,1458.6322,6.220366,1.667,3.832016,0.046529
CysE,259,270,DQHFNGINHTFE,1458.6322,6.151951,16.667002,3.836432,0.024207
CysE,259,270,DQHFNGINHTFE,1458.6322,6.225745,60.000004,3.819057,0.05856
CysE,259,270,DQHFNGINHTFE,1458.6322,6.221346,720.000061,3.959361,0.024371