Protein state,Start,End,Sequence,Peptide mass (Da),Retention time (min),HDX time (min),Uptake (D),Uptake SD (D)
CysK,2,9,GKIFEDNS,909.424,5.174262,0,0,0
CysK,2,9,GKIFEDNS,909.424,5.183807,0.033,0.715451,0.044132
CysK,2,9,GKIFEDNS,909.424,5.233136,1.667,1.682827,0.0419
CysK,2,9,GKIFEDNS,909.424,5.193146,16.667002,1.780362,0.017552
CysK,2,9,GKIFEDNS,909.424,5.248806,60.000004,2.000845,0.056823
CysK,2,9,GKIFEDNS,909.424,5.239297,720.000061,2.43148,0.025959
CysK,2,20,GKIFEDNSLTIGHTPLVRL,2110.1582,7.563797,0,0,0
CysK,2,20,GKIFEDNSLTIGHTPLVRL,2110.1582,7.561042,0.033,0.792677,0.152968
CysK,2,20,GKIFEDNSLTIGHTPLVRL,2110.1582,7.645238,1.667,1.747484,0.160667
CysK,2,20,GKIFEDNSLTIGHTPLVRL,2110.1582,7.573985,16.667002,1.85555,0.141434
CysK,2,20,GKIFEDNSLTIGHTPLVRL,2110.1582,7.657516,60.000004,2.08294,0.140721
CysK,2,20,GKIFEDNSLTIGHTPLVRL,2110.1582,7.651052,720.000061,3.064085,0.131069
CysK,10,20,LTIGHTPLVRL,1219.7448,7.122874,0,0,0
CysK,10,20,LTIGHTPLVRL,1219.7448,7.114397,0.033,0.382822,0.207212
CysK,10,20,LTIGHTPLVRL,1219.7448,7.207945,1.667,0.437959,0.177836
CysK,10,20,LTIGHTPLVRL,1219.7448,7.129327,16.667002,0.524553,0.120362
CysK,10,20,LTIGHTPLVRL,1219.7448,7.216185,60.000004,0.580812,0.157166
CysK,10,20,LTIGHTPLVRL,1219.7448,7.212876,720.000061,1.1104,0.112944
CysK,11,20,TIGHTPLVRL,1106.6606,6.482314,0,0,0
CysK,11,20,TIGHTPLVRL,1106.6606,6.482062,0.033,0.47824,0.050436
CysK,11,20,TIGHTPLVRL,1106.6606,6.572208,1.667,0.472784,0.04549
CysK,11,20,TIGHTPLVRL,1106.6606,6.498293,16.667002,0.525684,0.046011
CysK,11,20,TIGHTPLVRL,1106.6606,6.580289,60.000004,0.572107,0.074429
CysK,11,20,TIGHTPLVRL,1106.6606,6.574941,720.000061,0.740136,0.036393
CysK,12,20,IGHTPLVRL,1005.613,7.122191,0,0,0
CysK,12,20,IGHTPLVRL,1005.613,7.114616,0.033,0.40209,0.014125
CysK,12,20,IGHTPLVRL,1005.613,7.206348,1.667,0.410747,0.033732
CysK,12,20,IGHTPLVRL,1005.613,7.129412,16.667002,0.395183,1.14E-13
CysK,12,20,IGHTPLVRL,1005.613,7.216233,60.000004,0.455851,1.14E-13
CysK,12,20,IGHTPLVRL,1005.613,7.210332,720.000061,0.842736,1.14E-13
CysK,21,29,NRIGNGRIL,1012.5941,5.460238,0,0,0
CysK,21,29,NRIGNGRIL,1012.5941,5.464817,0.033,0.875042,0.140249
CysK,21,29,NRIGNGRIL,1012.5941,5.534619,1.667,2.071938,0.103325
CysK,21,29,NRIGNGRIL,1012.5941,5.479745,16.667002,2.227524,0.081456
CysK,21,29,NRIGNGRIL,1012.5941,5.552858,60.000004,2.466083,0.087715
CysK,21,29,NRIGNGRIL,1012.5941,5.542038,720.000061,3.106171,0.084736
CysK,21,30,NRIGNGRILA,1083.6312,5.125888,0,0,0
CysK,21,30,NRIGNGRILA,1083.6312,5.130141,0.033,0.97921,0.063413
CysK,21,30,NRIGNGRILA,1083.6312,5.191394,1.667,2.268943,0.048205
CysK,21,30,NRIGNGRILA,1083.6312,5.144011,16.667002,2.359824,0
CysK,21,30,NRIGNGRILA,1083.6312,5.205925,60.000004,2.567458,0
CysK,21,30,NRIGNGRILA,1083.6312,5.197131,720.000061,3.427234,0
CysK,21,39,NRIGNGRILAKVESRNPSF,2128.1665,5.895168,0,0,0
CysK,21,39,NRIGNGRILAKVESRNPSF,2128.1665,5.876616,0.033,1.078119,0.082922
CysK,21,39,NRIGNGRILAKVESRNPSF,2128.1665,5.95122,1.667,2.260607,0.043017
CysK,21,39,NRIGNGRILAKVESRNPSF,2128.1665,5.887828,16.667002,2.907659,0
CysK,21,39,NRIGNGRILAKVESRNPSF,2128.1665,5.963034,60.000004,3.098051,0
CysK,21,39,NRIGNGRILAKVESRNPSF,2128.1665,5.956148,720.000061,4.084836,0
CysK,30,39,AKVESRNPSF,1134.5831,4.808234,0,0,0
CysK,30,39,AKVESRNPSF,1134.5831,4.820434,0.033,0.627279,0.053727
CysK,30,39,AKVESRNPSF,1134.5831,4.880764,1.667,0.689607,0.038754
CysK,30,39,AKVESRNPSF,1134.5831,4.836774,16.667002,0.87685,0
CysK,30,39,AKVESRNPSF,1134.5831,4.901035,60.000004,0.963328,0
CysK,30,39,AKVESRNPSF,1134.5831,4.888745,720.000061,1.087162,0
CysK,31,39,KVESRNPSF,1063.546,4.769891,0,0,0
CysK,31,39,KVESRNPSF,1063.546,4.783147,0.033,0.567344,0.007887
CysK,31,39,KVESRNPSF,1063.546,4.842317,1.667,0.656179,0.021191
CysK,31,39,KVESRNPSF,1063.546,4.799364,16.667002,0.812755,0
CysK,31,39,KVESRNPSF,1063.546,4.863231,60.000004,0.906878,0
CysK,31,39,KVESRNPSF,1063.546,4.852037,720.000061,1.026893,0
CysK,40,48,SVKCRIGAN,947.5025,3.862642,0,0,0
CysK,40,48,SVKCRIGAN,947.5025,3.890979,0.033,0.487243,0.034865
CysK,40,48,SVKCRIGAN,947.5025,3.92571,1.667,0.475183,0.055971
CysK,40,48,SVKCRIGAN,947.5025,3.921307,16.667002,0.663519,0
CysK,40,48,SVKCRIGAN,947.5025,3.950853,60.000004,0.930357,0
CysK,40,48,SVKCRIGAN,947.5025,3.943475,720.000061,1.410348,1.14E-13
CysK,40,49,SVKCRIGANM,1078.549596,12.944599,0,0,0
CysK,40,49,SVKCRIGANM,1078.549596,12.930744,0.033,0.365281,0.021579
CysK,40,49,SVKCRIGANM,1078.549596,12.927894,1.667,0.414605,0.063248
CysK,40,49,SVKCRIGANM,1078.549596,12.939696,16.667002,0.545971,0
CysK,40,49,SVKCRIGANM,1078.549596,12.923409,60.000004,0.69622,0
CysK,40,49,SVKCRIGANM,1078.549596,12.934047,720.000061,1.211792,0
CysK,49,64,MIWDAEKRGVLKPGVE,1827.9719,6.326766,0,0,0
CysK,49,64,MIWDAEKRGVLKPGVE,1827.9719,6.323869,0.033,0.92805,0.017248
CysK,49,64,MIWDAEKRGVLKPGVE,1827.9719,6.393293,1.667,2.470723,0.014313
CysK,49,64,MIWDAEKRGVLKPGVE,1827.9719,6.334644,16.667002,3.727867,0
CysK,49,64,MIWDAEKRGVLKPGVE,1827.9719,6.403585,60.000004,4.688212,0
CysK,49,64,MIWDAEKRGVLKPGVE,1827.9719,6.393738,720.000061,5.504509,0
CysK,50,64,IWDAEKRGVLKPGVE,1696.9314,5.617266,0,0,0
CysK,50,64,IWDAEKRGVLKPGVE,1696.9314,5.617086,0.033,0.992251,0.025897
CysK,50,64,IWDAEKRGVLKPGVE,1696.9314,5.676249,1.667,2.501203,0.060231
CysK,50,64,IWDAEKRGVLKPGVE,1696.9314,5.626385,16.667002,3.731442,0
CysK,50,64,IWDAEKRGVLKPGVE,1696.9314,5.689236,60.000004,4.700435,0
CysK,50,64,IWDAEKRGVLKPGVE,1696.9314,5.681273,720.000061,5.46079,0
CysK,51,64,WDAEKRGVLKPGVE,1583.8473,5.61253,0,0,0
CysK,51,64,WDAEKRGVLKPGVE,1583.8473,5.617386,0.033,1.03206,0.013733
CysK,51,64,WDAEKRGVLKPGVE,1583.8473,5.675877,1.667,2.543653,0.021954
CysK,51,64,WDAEKRGVLKPGVE,1583.8473,5.623618,16.667002,3.748528,0
CysK,51,64,WDAEKRGVLKPGVE,1583.8473,5.687141,60.000004,4.687131,0
CysK,51,64,WDAEKRGVLKPGVE,1583.8473,5.678044,720.000061,5.458143,0
CysK,52,64,DAEKRGVLKPGVE,1397.768,5.615674,0,0,0
CysK,52,64,DAEKRGVLKPGVE,1397.768,5.619569,0.033,0.959874,0.003913
CysK,52,64,DAEKRGVLKPGVE,1397.768,5.676358,1.667,2.282037,0.037929
CysK,52,64,DAEKRGVLKPGVE,1397.768,5.627571,16.667002,3.62063,0
CysK,52,64,DAEKRGVLKPGVE,1397.768,5.688124,60.000004,4.534207,0
CysK,52,64,DAEKRGVLKPGVE,1397.768,5.679956,720.000061,4.908259,0
CysK,65,77,LVEPTSGNTGIAL,1271.6775,7.323349,0,0,0
CysK,65,77,LVEPTSGNTGIAL,1271.6775,7.326609,0.033,2.695772,0.057995
CysK,65,77,LVEPTSGNTGIAL,1271.6775,7.405224,1.667,2.89509,0.040985
CysK,65,77,LVEPTSGNTGIAL,1271.6775,7.338003,16.667002,3.252101,0
CysK,65,77,LVEPTSGNTGIAL,1271.6775,7.412735,60.000004,3.592485,0
CysK,65,77,LVEPTSGNTGIAL,1271.6775,7.407242,720.000061,3.991133,0
CysK,65,78,LVEPTSGNTGIALA,1342.7146,6.863961,0,0,0
CysK,65,78,LVEPTSGNTGIALA,1342.7146,6.865203,0.033,2.829996,0.082843
CysK,65,78,LVEPTSGNTGIALA,1342.7146,6.939236,1.667,3.085846,0.069678
CysK,65,78,LVEPTSGNTGIALA,1342.7146,6.879251,16.667002,3.374255,0
CysK,65,78,LVEPTSGNTGIALA,1342.7146,6.950416,60.000004,3.721434,0
CysK,65,78,LVEPTSGNTGIALA,1342.7146,6.943455,720.000061,4.051939,0
CysK,78,85,AYVAAARG,778.4141,3.772866,0,0,0
CysK,78,85,AYVAAARG,778.4141,3.801817,0.033,0.445221,0.018608
CysK,78,85,AYVAAARG,778.4141,3.829962,1.667,0.425184,0.031658
CysK,78,85,AYVAAARG,778.4141,3.832417,16.667002,0.602488,0.017495
CysK,78,85,AYVAAARG,778.4141,3.859946,60.000004,0.826251,0.021116
CysK,78,85,AYVAAARG,778.4141,3.850536,720.000061,0.949677,0.018269
CysK,78,92,AYVAAARGYKLTLTM,1628.8763,7.317287,0,0,0
CysK,78,92,AYVAAARGYKLTLTM,1628.8763,7.316155,0.033,0.268862,0.028791
CysK,78,92,AYVAAARGYKLTLTM,1628.8763,7.404893,1.667,0.989552,0.015159
CysK,78,92,AYVAAARGYKLTLTM,1628.8763,7.325181,16.667002,1.560134,2.27E-13
CysK,78,92,AYVAAARGYKLTLTM,1628.8763,7.414273,60.000004,2.081857,0
CysK,78,92,AYVAAARGYKLTLTM,1628.8763,7.407131,720.000061,2.610247,0
CysK,86,92,YKLTLTM,869.4736,7.642645,0,0,0
CysK,86,92,YKLTLTM,869.4736,7.642012,0.033,0.261051,0.139582
CysK,86,92,YKLTLTM,869.4736,7.732874,1.667,0.31547,0.15378
CysK,86,92,YKLTLTM,869.4736,7.652475,16.667002,0.450829,0.146299
CysK,86,92,YKLTLTM,869.4736,7.743499,60.000004,0.76778,0.154813
CysK,86,92,YKLTLTM,869.4736,7.736147,720.000061,0.940677,0.151593
CysK,86,96,YKLTLTMPETM,1327.6573,7.993813,0,0,0
CysK,86,96,YKLTLTMPETM,1327.6573,7.98982,0.033,0.765469,0.046144
CysK,86,96,YKLTLTMPETM,1327.6573,8.087451,1.667,1.495822,0.019741
CysK,86,96,YKLTLTMPETM,1327.6573,7.999237,16.667002,1.765485,0
CysK,86,96,YKLTLTMPETM,1327.6573,8.093522,60.000004,2.426583,0
CysK,86,96,YKLTLTMPETM,1327.6573,8.089811,720.000061,2.84598,0
CysK,93,110,PETMSIERRKLLKALGAN,2027.143005,6.653009,0,0,0
CysK,93,110,PETMSIERRKLLKALGAN,2027.143005,6.638365,0.033,2.390235,0.087427
CysK,93,110,PETMSIERRKLLKALGAN,2027.143005,6.707331,1.667,5.171378,0.04482
CysK,93,110,PETMSIERRKLLKALGAN,2027.143005,6.637888,16.667002,5.785101,0
CysK,93,110,PETMSIERRKLLKALGAN,2027.143005,6.719382,60.000004,6.157969,0
CysK,93,110,PETMSIERRKLLKALGAN,2027.143005,6.707265,720.000061,6.594017,0
CysK,97,110,SIERRKLLKALGAN,1568.9531,5.334384,0,0,0
CysK,97,110,SIERRKLLKALGAN,1568.9531,5.325775,0.033,0.773559,0.05574
CysK,97,110,SIERRKLLKALGAN,1568.9531,5.373889,1.667,2.388558,0.045268
CysK,97,110,SIERRKLLKALGAN,1568.9531,5.317193,16.667002,3.267653,2.27E-13
CysK,97,110,SIERRKLLKALGAN,1568.9531,5.379927,60.000004,3.345191,2.27E-13
CysK,97,110,SIERRKLLKALGAN,1568.9531,5.375087,720.000061,3.586054,2.27E-13
CysK,97,111,SIERRKLLKALGANL,1682.0371,6.371701,0,0,0
CysK,97,111,SIERRKLLKALGANL,1682.0371,6.356363,0.033,0.948106,0.102985
CysK,97,111,SIERRKLLKALGANL,1682.0371,6.426132,1.667,2.998343,0.049064
CysK,97,111,SIERRKLLKALGANL,1682.0371,6.358994,16.667002,3.734992,2.27E-13
CysK,97,111,SIERRKLLKALGANL,1682.0371,6.430713,60.000004,3.918702,2.27E-13
CysK,97,111,SIERRKLLKALGANL,1682.0371,6.426284,720.000061,4.20882,2.27E-13
CysK,99,111,ERRKLLKALGANL,1481.927457,5.881496,0,0,0
CysK,99,111,ERRKLLKALGANL,1481.927457,5.855325,0.033,0.672137,0.055545
CysK,99,111,ERRKLLKALGANL,1481.927457,5.9259,1.667,1.99752,0.038384
CysK,99,111,ERRKLLKALGANL,1481.927457,5.869493,16.667002,2.572333,0
CysK,99,111,ERRKLLKALGANL,1481.927457,5.941369,60.000004,2.737264,0
CysK,99,111,ERRKLLKALGANL,1481.927457,5.931859,720.000061,3.132206,0
CysK,100,110,RRKLLKALGAN,1239.7944,4.22832,0,0,0
CysK,100,110,RRKLLKALGAN,1239.7944,4.211483,0.033,0.311705,0.093769
CysK,100,110,RRKLLKALGAN,1239.7944,4.260682,1.667,0.807372,0.107437
CysK,100,110,RRKLLKALGAN,1239.7944,4.242698,16.667002,1.291724,0.071336
CysK,100,110,RRKLLKALGAN,1239.7944,4.275091,60.000004,1.425113,0.063329
CysK,100,110,RRKLLKALGAN,1239.7944,4.277158,720.000061,1.762706,0.083883
CysK,102,117,KLLKALGANLVLTEGA,1610.983969,5.348661,0,0,0
CysK,102,117,KLLKALGANLVLTEGA,1610.983969,5.340912,0.033,1.39209,0.112305
CysK,102,117,KLLKALGANLVLTEGA,1610.983969,5.391135,1.667,2.669224,0.02115
CysK,102,117,KLLKALGANLVLTEGA,1610.983969,5.336201,16.667002,3.246929,0
CysK,102,117,KLLKALGANLVLTEGA,1610.983969,5.403131,60.000004,3.135618,0
CysK,102,117,KLLKALGANLVLTEGA,1610.983969,5.393451,720.000061,3.687199,0
CysK,111,125,LVLTEGAKGMKGAIQ,1515.8505,5.833839,0,0,0
CysK,111,125,LVLTEGAKGMKGAIQ,1515.8505,5.828665,0.033,3.906087,0.123791
CysK,111,125,LVLTEGAKGMKGAIQ,1515.8505,5.891192,1.667,6.417511,0.132262
CysK,111,125,LVLTEGAKGMKGAIQ,1515.8505,5.830558,16.667002,8.023548,2.27E-13
CysK,111,125,LVLTEGAKGMKGAIQ,1515.8505,5.900699,60.000004,8.635926,0
CysK,111,125,LVLTEGAKGMKGAIQ,1515.8505,5.891234,720.000061,9.150401,0
CysK,111,129,LVLTEGAKGMKGAIQKAEE,1973.0676,6.142937,0,0,0
CysK,111,129,LVLTEGAKGMKGAIQKAEE,1973.0676,6.123413,0.033,3.620249,0.199261
CysK,111,129,LVLTEGAKGMKGAIQKAEE,1973.0676,6.181689,1.667,6.15531,0.249507
CysK,111,129,LVLTEGAKGMKGAIQKAEE,1973.0676,6.108799,16.667002,7.943144,0.150244
CysK,111,129,LVLTEGAKGMKGAIQKAEE,1973.0676,6.178485,60.000004,8.668791,0.150053
CysK,111,129,LVLTEGAKGMKGAIQKAEE,1973.0676,6.162222,720.000061,9.954066,0.150244
CysK,112,129,VLTEGAKGMKGAIQKAEE,1859.9835,5.333129,0,0,0
CysK,112,129,VLTEGAKGMKGAIQKAEE,1859.9835,5.324707,0.033,3.473353,0.195661
CysK,112,129,VLTEGAKGMKGAIQKAEE,1859.9835,5.371688,1.667,5.549699,0.213533
CysK,112,129,VLTEGAKGMKGAIQKAEE,1859.9835,5.306393,16.667002,7.072496,0.15571
CysK,112,129,VLTEGAKGMKGAIQKAEE,1859.9835,5.370654,60.000004,7.756494,0.159539
CysK,112,129,VLTEGAKGMKGAIQKAEE,1859.9835,5.355173,720.000061,8.928101,0.152216
CysK,113,129,LTEGAKGMKGAIQKAEE,1760.9152,6.142509,0,0,0
CysK,113,129,LTEGAKGMKGAIQKAEE,1760.9152,6.124493,0.033,3.453812,0.222727
CysK,113,129,LTEGAKGMKGAIQKAEE,1760.9152,6.182212,1.667,5.766343,0.221377
CysK,113,129,LTEGAKGMKGAIQKAEE,1760.9152,6.110374,16.667002,7.459956,0.18096
CysK,113,129,LTEGAKGMKGAIQKAEE,1760.9152,6.179813,60.000004,8.105683,0.182493
CysK,113,129,LTEGAKGMKGAIQKAEE,1760.9152,6.161276,720.000061,9.343233,0.190531
CysK,114,129,TEGAKGMKGAIQKAEE,1647.831,6.142352,0,0,0
CysK,114,129,TEGAKGMKGAIQKAEE,1647.831,6.122426,0.033,3.444514,0.139629
CysK,114,129,TEGAKGMKGAIQKAEE,1647.831,6.180807,1.667,5.709958,0.190216
CysK,114,129,TEGAKGMKGAIQKAEE,1647.831,6.108626,16.667002,7.331739,0.172936
CysK,114,129,TEGAKGMKGAIQKAEE,1647.831,6.177139,60.000004,7.925022,0.185384
CysK,114,129,TEGAKGMKGAIQKAEE,1647.831,6.160555,720.000061,9.052916,0.255928
CysK,130,138,IVASNPEKY,1020.5299,4.902336,0,0,0
CysK,130,138,IVASNPEKY,1020.5299,4.910479,0.033,0.706056,0.035596
CysK,130,138,IVASNPEKY,1020.5299,4.962643,1.667,2.142293,0.064085
CysK,130,138,IVASNPEKY,1020.5299,4.921865,16.667002,2.371621,1.14E-13
CysK,130,138,IVASNPEKY,1020.5299,4.978951,60.000004,2.550937,1.14E-13
CysK,130,138,IVASNPEKY,1020.5299,4.966756,720.000061,2.940279,1.14E-13
CysK,130,140,IVASNPEKYLL,1246.6979,7.716197,0,0,0
CysK,130,140,IVASNPEKYLL,1246.6979,7.71597,0.033,0.657917,0.031262
CysK,130,140,IVASNPEKYLL,1246.6979,7.80746,1.667,1.864397,0.059255
CysK,130,140,IVASNPEKYLL,1246.6979,7.725213,16.667002,2.476401,0
CysK,130,140,IVASNPEKYLL,1246.6979,7.813963,60.000004,2.81841,0
CysK,130,140,IVASNPEKYLL,1246.6979,7.808412,720.000061,3.368208,0
CysK,130,141,IVASNPEKYLLL,1359.7819,8.568001,0,0,0
CysK,130,141,IVASNPEKYLLL,1359.7819,8.5672,0.033,0.530608,0.040999
CysK,130,141,IVASNPEKYLLL,1359.7819,8.66368,1.667,1.684053,0.050989
CysK,130,141,IVASNPEKYLLL,1359.7819,8.577326,16.667002,2.221058,0
CysK,130,141,IVASNPEKYLLL,1359.7819,8.671788,60.000004,2.750016,0
CysK,130,141,IVASNPEKYLLL,1359.7819,8.664648,720.000061,3.779313,0
CysK,142,154,QQFSNPANPEIHE,1510.6858,5.585183,0,0,0
CysK,142,154,QQFSNPANPEIHE,1510.6858,5.591839,0.033,0.934501,0.010154
CysK,142,154,QQFSNPANPEIHE,1510.6858,5.646762,1.667,1.658741,0.079752
CysK,142,154,QQFSNPANPEIHE,1510.6858,5.599135,16.667002,2.182811,0
CysK,142,154,QQFSNPANPEIHE,1510.6858,5.662573,60.000004,2.238446,0
CysK,142,154,QQFSNPANPEIHE,1510.6858,5.653265,720.000061,3.215255,0
CysK,144,154,FSNPANPEIHE,1254.5686,5.491408,0,0,0
CysK,144,154,FSNPANPEIHE,1254.5686,5.497879,0.033,0.678239,0.026928
CysK,144,154,FSNPANPEIHE,1254.5686,5.563335,1.667,0.70205,0.051508
CysK,144,154,FSNPANPEIHE,1254.5686,5.509929,16.667002,0.696718,0
CysK,144,154,FSNPANPEIHE,1254.5686,5.575793,60.000004,0.890347,0
CysK,144,154,FSNPANPEIHE,1254.5686,5.568534,720.000061,1.793232,0
CysK,147,161,PANPEIHEKTTGPEI,1632.8164,5.931142,0,0,0
CysK,147,161,PANPEIHEKTTGPEI,1632.8164,5.930998,0.033,0.742701,0.052274
CysK,147,161,PANPEIHEKTTGPEI,1632.8164,5.999459,1.667,0.828579,0.112675
CysK,147,161,PANPEIHEKTTGPEI,1632.8164,5.943592,16.667002,0.893315,0
CysK,147,161,PANPEIHEKTTGPEI,1632.8164,6.014709,60.000004,0.911853,0
CysK,147,161,PANPEIHEKTTGPEI,1632.8164,6.00454,720.000061,1.665414,0
CysK,155,163,KTTGPEIWE,1060.5244,6.974663,0,0,0
CysK,155,163,KTTGPEIWE,1060.5244,6.978564,0.033,0.321373,0.012272
CysK,155,163,KTTGPEIWE,1060.5244,7.0644,1.667,0.321785,0.053465
CysK,155,163,KTTGPEIWE,1060.5244,6.986749,16.667002,0.31522,0
CysK,155,163,KTTGPEIWE,1060.5244,7.078753,60.000004,0.257685,0
CysK,155,163,KTTGPEIWE,1060.5244,7.068541,720.000061,0.332134,0
CysK,162,172,WEDTDGQVDVF,1310.547,8.746188,0,0,0
CysK,162,172,WEDTDGQVDVF,1310.547,8.75122,0.033,0.408497,0.034135
CysK,162,172,WEDTDGQVDVF,1310.547,8.842526,1.667,1.168159,0.049123
CysK,162,172,WEDTDGQVDVF,1310.547,8.756292,16.667002,1.560974,0.062934
CysK,162,172,WEDTDGQVDVF,1310.547,8.855559,60.000004,1.763875,0.125227
CysK,162,172,WEDTDGQVDVF,1310.547,8.845284,720.000061,2.423639,0.145575
CysK,163,172,EDTDGQVDVF,1124.4677,7.687206,0,0,0
CysK,163,172,EDTDGQVDVF,1124.4677,7.691699,0.033,0.422292,0.019388
CysK,163,172,EDTDGQVDVF,1124.4677,7.770535,1.667,1.226374,0.024532
CysK,163,172,EDTDGQVDVF,1124.4677,7.698156,16.667002,1.549262,0
CysK,163,172,EDTDGQVDVF,1124.4677,7.783896,60.000004,1.934308,0
CysK,163,172,EDTDGQVDVF,1124.4677,7.773328,720.000061,2.530596,0
CysK,172,198,FIAGVGTGGTLTGVSRYIKGTKGKTDL,2697.4868,6.804217,0,0,0
CysK,172,198,FIAGVGTGGTLTGVSRYIKGTKGKTDL,2697.4868,6.795965,0.033,2.296716,0.117286
CysK,172,198,FIAGVGTGGTLTGVSRYIKGTKGKTDL,2697.4868,6.881841,1.667,3.805649,0.120727
CysK,172,198,FIAGVGTGGTLTGVSRYIKGTKGKTDL,2697.4868,6.803178,16.667002,4.752272,0.109316
CysK,172,198,FIAGVGTGGTLTGVSRYIKGTKGKTDL,2697.4868,6.886129,60.000004,5.062606,0.053025
CysK,172,198,FIAGVGTGGTLTGVSRYIKGTKGKTDL,2697.4868,6.877083,720.000061,5.192918,0.058128
CysK,173,186,IAGVGTGGTLTGVS,1189.6359,6.364838,0,0,0
CysK,173,186,IAGVGTGGTLTGVS,1189.6359,6.368618,0.033,0.696127,0.082516
CysK,173,186,IAGVGTGGTLTGVS,1189.6359,6.436005,1.667,0.74525,0.113245
CysK,173,186,IAGVGTGGTLTGVS,1189.6359,6.384357,16.667002,0.781888,0.050682
CysK,173,186,IAGVGTGGTLTGVS,1189.6359,6.447774,60.000004,0.704619,0.042637
CysK,173,186,IAGVGTGGTLTGVS,1189.6359,6.440892,720.000061,0.871596,0.051324
CysK,173,198,IAGVGTGGTLTGVSRYIKGTKGKTDL,2550.4185,6.428047,0,0,0
CysK,173,198,IAGVGTGGTLTGVSRYIKGTKGKTDL,2550.4185,6.422157,0.033,2.163432,0.184348
CysK,173,198,IAGVGTGGTLTGVSRYIKGTKGKTDL,2550.4185,6.500088,1.667,3.693879,0.183761
CysK,173,198,IAGVGTGGTLTGVSRYIKGTKGKTDL,2550.4185,6.438547,16.667002,4.478213,0.144377
CysK,173,198,IAGVGTGGTLTGVSRYIKGTKGKTDL,2550.4185,6.508809,60.000004,4.894271,0.177785
CysK,173,198,IAGVGTGGTLTGVSRYIKGTKGKTDL,2550.4185,6.499534,720.000061,5.000637,0.155769
CysK,183,200,TGVSRYIKGTKGKTDLIS,1924.0796,5.00288,0,0,0
CysK,183,200,TGVSRYIKGTKGKTDLIS,1924.0796,5.00241,0.033,1.886121,0.141712
CysK,183,200,TGVSRYIKGTKGKTDLIS,1924.0796,5.06742,1.667,3.495535,0.110885
CysK,183,200,TGVSRYIKGTKGKTDLIS,1924.0796,5.020628,16.667002,4.332554,0.096207
CysK,183,200,TGVSRYIKGTKGKTDLIS,1924.0796,5.080315,60.000004,4.650076,0.08392
CysK,183,200,TGVSRYIKGTKGKTDLIS,1924.0796,5.073737,720.000061,4.624872,0.088975
CysK,187,198,RYIKGTKGKTDL,1379.7941,3.476248,0,0,0
CysK,187,198,RYIKGTKGKTDL,1379.7941,3.500092,0.033,1.565303,0.123362
CysK,187,198,RYIKGTKGKTDL,1379.7941,3.5436,1.667,2.811616,0.027396
CysK,187,198,RYIKGTKGKTDL,1379.7941,3.54977,16.667002,3.657364,2.27E-13
CysK,187,198,RYIKGTKGKTDL,1379.7941,3.576992,60.000004,3.780198,2.27E-13
CysK,187,198,RYIKGTKGKTDL,1379.7941,3.572355,720.000061,3.756558,2.27E-13
CysK,187,200,RYIKGTKGKTDLIS,1579.91,4.070251,0,0,0
CysK,187,200,RYIKGTKGKTDLIS,1579.91,4.082694,0.033,1.609409,0.084096
CysK,187,200,RYIKGTKGKTDLIS,1579.91,4.119705,1.667,3.053231,0.040177
CysK,187,200,RYIKGTKGKTDLIS,1579.91,4.097424,16.667002,3.875659,0
CysK,187,200,RYIKGTKGKTDLIS,1579.91,4.145523,60.000004,4.086721,0
CysK,187,200,RYIKGTKGKTDLIS,1579.91,4.13677,720.000061,4.132339,0
CysK,199,212,ISVAVEPTDSPVIA,1397.7454,8.568867,0,0,0
CysK,199,212,ISVAVEPTDSPVIA,1397.7454,8.567499,0.033,0.607353,0.027542
CysK,199,212,ISVAVEPTDSPVIA,1397.7454,8.663169,1.667,1.87731,0.061405
CysK,199,212,ISVAVEPTDSPVIA,1397.7454,8.577206,16.667002,2.437324,0
CysK,199,212,ISVAVEPTDSPVIA,1397.7454,8.669676,60.000004,3.001554,0
CysK,199,212,ISVAVEPTDSPVIA,1397.7454,8.663643,720.000061,4.144343,2.27E-13
CysK,201,212,VAVEPTDSPVIA,1197.6293,6.265387,0,0,0
CysK,201,212,VAVEPTDSPVIA,1197.6293,6.264657,0.033,0.568009,0.03939
CysK,201,212,VAVEPTDSPVIA,1197.6293,6.332818,1.667,0.734789,0.038832
CysK,201,212,VAVEPTDSPVIA,1197.6293,6.28356,16.667002,0.824669,0.028154
CysK,201,212,VAVEPTDSPVIA,1197.6293,6.340561,60.000004,0.968564,0.028595
CysK,201,212,VAVEPTDSPVIA,1197.6293,6.336587,720.000061,1.885395,0.062127
CysK,201,215,VAVEPTDSPVIAQAL,1509.8091,7.58562,0,0,0
CysK,201,215,VAVEPTDSPVIAQAL,1509.8091,7.572609,0.033,0.579068,0.072851
CysK,201,215,VAVEPTDSPVIAQAL,1509.8091,7.654723,1.667,0.833816,0.050695
CysK,201,215,VAVEPTDSPVIAQAL,1509.8091,7.603635,16.667002,0.96671,2.27E-13
CysK,201,215,VAVEPTDSPVIAQAL,1509.8091,7.658827,60.000004,1.656104,0
CysK,201,215,VAVEPTDSPVIAQAL,1509.8091,7.644923,720.000061,3.736897,0
CysK,201,218,VAVEPTDSPVIAQALAGE,1766.9104,8.023335,0,0,0
CysK,201,218,VAVEPTDSPVIAQALAGE,1766.9104,8.013158,0.033,0.904482,0.0351
CysK,201,218,VAVEPTDSPVIAQALAGE,1766.9104,8.104786,1.667,1.709422,0.041268
CysK,201,218,VAVEPTDSPVIAQALAGE,1766.9104,8.022311,16.667002,1.968321,2.27E-13
CysK,201,218,VAVEPTDSPVIAQALAGE,1766.9104,8.103263,60.000004,2.844235,2.27E-13
CysK,201,218,VAVEPTDSPVIAQALAGE,1766.9104,8.089045,720.000061,5.616169,2.27E-13
CysK,205,212,PTDSPVIA,799.41961,6.02023,0,0,0
CysK,205,212,PTDSPVIA,799.41961,6.022166,0.033,0.310712,0.024538
CysK,205,212,PTDSPVIA,799.41961,6.337454,1.667,0.485934,0.046132
CysK,205,212,PTDSPVIA,799.41961,6.286885,16.667002,0.506023,0
CysK,205,212,PTDSPVIA,799.41961,6.344664,60.000004,0.665523,0
CysK,205,212,PTDSPVIA,799.41961,6.33869,720.000061,1.357978,0
CysK,213,239,QALAGEEIKPGPHKIQGIGAGFIPANL,2726.4924,7.636166,0,0,0
CysK,213,239,QALAGEEIKPGPHKIQGIGAGFIPANL,2726.4924,7.631011,0.033,3.04032,0.130343
CysK,213,239,QALAGEEIKPGPHKIQGIGAGFIPANL,2726.4924,7.723146,1.667,7.194401,0.192877
CysK,213,239,QALAGEEIKPGPHKIQGIGAGFIPANL,2726.4924,7.636612,16.667002,9.133606,0.048829
CysK,213,239,QALAGEEIKPGPHKIQGIGAGFIPANL,2726.4924,7.730754,60.000004,10.489397,0.058774
CysK,213,239,QALAGEEIKPGPHKIQGIGAGFIPANL,2726.4924,7.726318,720.000061,11.452598,0.048224
CysK,214,239,ALAGEEIKPGPHKIQGIGAGFIPANL,2598.4338,7.648797,0,0,0
CysK,214,239,ALAGEEIKPGPHKIQGIGAGFIPANL,2598.4338,7.645589,0.033,2.84049,0.103937
CysK,214,239,ALAGEEIKPGPHKIQGIGAGFIPANL,2598.4338,7.737773,1.667,6.989079,0.1288
CysK,214,239,ALAGEEIKPGPHKIQGIGAGFIPANL,2598.4338,7.650651,16.667002,8.721506,0
CysK,214,239,ALAGEEIKPGPHKIQGIGAGFIPANL,2598.4338,7.744307,60.000004,10.071431,0
CysK,214,239,ALAGEEIKPGPHKIQGIGAGFIPANL,2598.4338,7.738017,720.000061,10.628494,0
CysK,216,239,AGEEIKPGPHKIQGIGAGFIPANL,2414.3127,7.564965,0,0,0
CysK,216,239,AGEEIKPGPHKIQGIGAGFIPANL,2414.3127,7.561249,0.033,2.842684,0.112439
CysK,216,239,AGEEIKPGPHKIQGIGAGFIPANL,2414.3127,7.644449,1.667,6.485386,0.124676
CysK,216,239,AGEEIKPGPHKIQGIGAGFIPANL,2414.3127,7.565643,16.667002,8.158782,0.037456
CysK,216,239,AGEEIKPGPHKIQGIGAGFIPANL,2414.3127,7.649708,60.000004,9.102044,0.025854
CysK,216,239,AGEEIKPGPHKIQGIGAGFIPANL,2414.3127,7.643812,720.000061,9.522241,0.04525
CysK,218,239,EEIKPGPHKIQGIGAGFIPANL,2286.2542,7.576107,0,0,0
CysK,218,239,EEIKPGPHKIQGIGAGFIPANL,2286.2542,7.565324,0.033,2.445768,0.096496
CysK,218,239,EEIKPGPHKIQGIGAGFIPANL,2286.2542,7.651185,1.667,5.464326,0.140412
CysK,218,239,EEIKPGPHKIQGIGAGFIPANL,2286.2542,7.571615,16.667002,7.036569,0.067502
CysK,218,239,EEIKPGPHKIQGIGAGFIPANL,2286.2542,7.65989,60.000004,7.96776,0.036135
CysK,218,239,EEIKPGPHKIQGIGAGFIPANL,2286.2542,7.650854,720.000061,8.450548,0.021957
CysK,240,253,DLKLVDKVIGITNE,1556.8828,7.940465,0,0,0
CysK,240,253,DLKLVDKVIGITNE,1556.8828,7.934657,0.033,1.173499,0.101774
CysK,240,253,DLKLVDKVIGITNE,1556.8828,7.999542,1.667,3.599,0.06388
CysK,240,253,DLKLVDKVIGITNE,1556.8828,7.927516,16.667002,4.270594,0.037581
CysK,240,253,DLKLVDKVIGITNE,1556.8828,8.005266,60.000004,4.517905,0.067172
CysK,240,253,DLKLVDKVIGITNE,1556.8828,7.988209,720.000061,5.414699,0.054046
CysK,242,253,KLVDKVIGITNE,1328.7717,6.006989,0,0,0
CysK,242,253,KLVDKVIGITNE,1328.7717,6.007157,0.033,1.072407,0.097537
CysK,242,253,KLVDKVIGITNE,1328.7717,6.073552,1.667,3.079164,0.04632
CysK,242,253,KLVDKVIGITNE,1328.7717,6.011471,16.667002,3.720717,0
CysK,242,253,KLVDKVIGITNE,1328.7717,6.08034,60.000004,3.81827,0
CysK,242,253,KLVDKVIGITNE,1328.7717,6.07336,720.000061,4.09958,0
CysK,244,253,VDKVIGITNE,1087.5927,5.656466,0,0,0
CysK,244,253,VDKVIGITNE,1087.5927,5.661718,0.033,0.811139,0.162898
CysK,244,253,VDKVIGITNE,1087.5927,5.719027,1.667,2.612324,0.136054
CysK,244,253,VDKVIGITNE,1087.5927,5.671894,16.667002,3.193252,0.118548
CysK,244,253,VDKVIGITNE,1087.5927,5.730117,60.000004,3.257288,0.117273
CysK,244,253,VDKVIGITNE,1087.5927,5.724387,720.000061,3.246906,0.116839
CysK,244,255,VDKVIGITNEEA,1287.6724,5.804723,0,0,0
CysK,244,255,VDKVIGITNEEA,1287.6724,5.805382,0.033,0.982309,0.075098
CysK,244,255,VDKVIGITNEEA,1287.6724,5.866773,1.667,3.507099,0.045809
CysK,244,255,VDKVIGITNEEA,1287.6724,5.814458,16.667002,4.055693,0
CysK,244,255,VDKVIGITNEEA,1287.6724,5.877366,60.000004,4.131251,0
CysK,244,255,VDKVIGITNEEA,1287.6724,5.869903,720.000061,4.200084,0
CysK,254,269,EAISTARRLMEEEGIL,1817.9359,7.82732,0,0,0
CysK,254,269,EAISTARRLMEEEGIL,1817.9359,7.825089,0.033,0.202956,0.118575
CysK,254,269,EAISTARRLMEEEGIL,1817.9359,7.913305,1.667,0.439212,0.134324
CysK,254,269,EAISTARRLMEEEGIL,1817.9359,7.831537,16.667002,1.189522,0.114372
CysK,254,269,EAISTARRLMEEEGIL,1817.9359,7.920736,60.000004,1.71146,0.101433
CysK,254,269,EAISTARRLMEEEGIL,1817.9359,7.911229,720.000061,2.209359,0.09408
CysK,259,264,ARRLME,775.4177,4.02981,0,0,0
CysK,259,264,ARRLME,775.4177,4.059463,0.033,0.238497,0.015192
CysK,259,264,ARRLME,775.4177,4.092667,1.667,0.257564,0.014772
CysK,259,264,ARRLME,775.4177,4.077725,16.667002,0.199102,0
CysK,259,264,ARRLME,775.4177,4.1176,60.000004,0.244421,0
CysK,259,264,ARRLME,775.4177,4.109997,720.000061,0.238224,0
CysK,259,269,ARRLMEEEGIL,1316.6924,6.8642,0,0,0
CysK,259,269,ARRLMEEEGIL,1316.6924,6.800211,0.033,0.218571,0.016938
CysK,259,269,ARRLMEEEGIL,1316.6924,6.883971,1.667,0.322836,0.037567
CysK,259,269,ARRLMEEEGIL,1316.6924,6.810309,16.667002,0.566771,0
CysK,259,269,ARRLMEEEGIL,1316.6924,6.894001,60.000004,0.654277,0
CysK,259,269,ARRLMEEEGIL,1316.6924,6.888299,720.000061,0.672252,0
CysK,270,281,AGISSGAAVAAA,945.4935,5.20793,0,0,0
CysK,270,281,AGISSGAAVAAA,945.4935,5.216927,0.033,0.758204,0.102303
CysK,270,281,AGISSGAAVAAA,945.4935,5.26505,1.667,2.165656,0.010556
CysK,270,281,AGISSGAAVAAA,945.4935,5.232127,16.667002,2.280877,0
CysK,270,281,AGISSGAAVAAA,945.4935,5.27927,60.000004,2.326559,0
CysK,270,281,AGISSGAAVAAA,945.4935,5.272304,720.000061,2.409555,0
CysK,271,280,GISSGAAVAA,803.4193,5.693846,0,0,0
CysK,271,280,GISSGAAVAA,803.4193,5.698103,0.033,0.179112,0.014831
CysK,271,280,GISSGAAVAA,803.4193,5.755382,1.667,0.464478,0.030124
CysK,271,280,GISSGAAVAA,803.4193,5.714895,16.667002,0.701638,0
CysK,271,280,GISSGAAVAA,803.4193,5.767945,60.000004,0.766852,0
CysK,271,280,GISSGAAVAA,803.4193,5.76085,720.000061,0.681437,0
CysK,280,289,AALKLQEDES,1103.5514,5.13413,0,0,0
CysK,280,289,AALKLQEDES,1103.5514,5.138328,0.033,1.208887,0.046134
CysK,280,289,AALKLQEDES,1103.5514,5.194553,1.667,1.973394,0.142693
CysK,280,289,AALKLQEDES,1103.5514,5.15803,16.667002,1.937335,0
CysK,280,289,AALKLQEDES,1103.5514,5.208915,60.000004,2.67412,0
CysK,280,289,AALKLQEDES,1103.5514,5.198874,720.000061,3.192659,0
CysK,282,289,LKLQEDES,961.4772,4.757948,0,0,0
CysK,282,289,LKLQEDES,961.4772,4.771145,0.033,1.185939,0.045286
CysK,282,289,LKLQEDES,961.4772,4.819308,1.667,1.788637,0.072766
CysK,282,289,LKLQEDES,961.4772,4.786697,16.667002,2.205418,1.14E-13
CysK,282,289,LKLQEDES,961.4772,4.833426,60.000004,2.579392,0
CysK,282,289,LKLQEDES,961.4772,4.824578,720.000061,2.808108,0
CysK,290,296,FTNKNIV,835.4605,5.462091,0,0,0
CysK,290,296,FTNKNIV,835.4605,5.470035,0.033,0.599593,0.155317
CysK,290,296,FTNKNIV,835.4605,5.533174,1.667,1.360068,0.134961
CysK,290,296,FTNKNIV,835.4605,5.482056,16.667002,2.015356,0.127271
CysK,290,296,FTNKNIV,835.4605,5.552545,60.000004,2.437283,0.128429
CysK,290,296,FTNKNIV,835.4605,5.541482,720.000061,2.446066,0.129626
CysK,290,299,FTNKNIVVIL,1160.6969,8.02043,0,0,0
CysK,290,299,FTNKNIVVIL,1160.6969,8.013094,0.033,0.448994,0.01144
CysK,290,299,FTNKNIVVIL,1160.6969,8.117788,1.667,1.176101,0.024133
CysK,290,299,FTNKNIVVIL,1160.6969,8.030892,16.667002,1.791053,0
CysK,290,299,FTNKNIVVIL,1160.6969,8.124357,60.000004,2.313928,0
CysK,290,299,FTNKNIVVIL,1160.6969,8.121809,720.000061,2.297768,0
CysK,295,306,IVVILPSSGERY,1332.7454,7.191671,0,0,0
CysK,295,306,IVVILPSSGERY,1332.7454,7.19262,0.033,0.740081,0.01463
CysK,295,306,IVVILPSSGERY,1332.7454,7.276885,1.667,2.277625,0.06871
CysK,295,306,IVVILPSSGERY,1332.7454,7.204357,16.667002,3.232205,0
CysK,295,306,IVVILPSSGERY,1332.7454,7.285907,60.000004,3.349601,0
CysK,295,306,IVVILPSSGERY,1332.7454,7.279194,720.000061,3.321142,0
CysK,295,311,IVVILPSSGERYLSTAL,1818.0303,8.456211,0,0,0
CysK,295,311,IVVILPSSGERYLSTAL,1818.0303,8.448702,0.033,2.521846,0.251034
CysK,295,311,IVVILPSSGERYLSTAL,1818.0303,8.54503,1.667,5.359723,0.391556
CysK,295,311,IVVILPSSGERYLSTAL,1818.0303,8.450139,16.667002,6.346497,0.423023
CysK,295,311,IVVILPSSGERYLSTAL,1818.0303,8.548217,60.000004,6.563347,0.462969
CysK,295,311,IVVILPSSGERYLSTAL,1818.0303,8.541868,720.000061,6.459621,0.458888
CysK,297,308,VILPSSGERYLS,1320.709,6.595341,0,0,0
CysK,297,308,VILPSSGERYLS,1320.709,6.591931,0.033,1.962184,0.079685
CysK,297,308,VILPSSGERYLS,1320.709,6.665619,1.667,3.715271,0.044896
CysK,297,308,VILPSSGERYLS,1320.709,6.606721,16.667002,4.751301,0
CysK,297,308,VILPSSGERYLS,1320.709,6.679042,60.000004,4.945836,0
CysK,297,308,VILPSSGERYLS,1320.709,6.667364,720.000061,4.788283,0
CysK,297,309,VILPSSGERYLST,1421.7566,6.601631,0,0,0
CysK,297,309,VILPSSGERYLST,1421.7566,6.601788,0.033,1.763246,0.086327
CysK,297,309,VILPSSGERYLST,1421.7566,6.67424,1.667,4.119266,0.099333
CysK,297,309,VILPSSGERYLST,1421.7566,6.608262,16.667002,5.151943,0
CysK,297,309,VILPSSGERYLST,1421.7566,6.682068,60.000004,5.321602,0
CysK,297,309,VILPSSGERYLST,1421.7566,6.675711,720.000061,5.21759,0
CysK,297,311,VILPSSGERYLSTAL,1605.8778,7.802691,0,0,0
CysK,297,311,VILPSSGERYLSTAL,1605.8778,7.79446,0.033,2.060059,0.113006
CysK,297,311,VILPSSGERYLSTAL,1605.8778,7.876452,1.667,4.516406,0.02151
CysK,297,311,VILPSSGERYLSTAL,1605.8778,7.791706,16.667002,5.455642,0
CysK,297,311,VILPSSGERYLSTAL,1605.8778,7.881896,60.000004,5.609252,0
CysK,297,311,VILPSSGERYLSTAL,1605.8778,7.873906,720.000061,5.449268,0
CysK,300,311,PSSGERYLSTAL,1280.6412,6.902996,0,0,0
CysK,300,311,PSSGERYLSTAL,1280.6412,6.898749,0.033,2.501523,0.064933
CysK,300,311,PSSGERYLSTAL,1280.6412,6.967988,1.667,4.93434,0.063849
CysK,300,311,PSSGERYLSTAL,1280.6412,6.894449,16.667002,5.860375,0
CysK,300,311,PSSGERYLSTAL,1280.6412,6.976539,60.000004,5.901193,0
CysK,300,311,PSSGERYLSTAL,1280.6412,6.969856,720.000061,5.824434,0
CysK,304,311,ERYLSTAL,952.503,6.643903,0,0,0
CysK,304,311,ERYLSTAL,952.503,6.643431,0.033,2.160484,0.075748
CysK,304,311,ERYLSTAL,952.503,6.718313,1.667,3.882201,0.04637
CysK,304,311,ERYLSTAL,952.503,6.653904,16.667002,4.206774,0.027513
CysK,304,311,ERYLSTAL,952.503,6.729323,60.000004,4.269916,0.025794
CysK,304,311,ERYLSTAL,952.503,6.721028,720.000061,4.251796,0.039415
CysK,316,333,FTEKELQQTSLEHHHHHH,2275.068,4.076198,0,0,0
CysK,316,333,FTEKELQQTSLEHHHHHH,2275.068,4.075824,0.033,6.244582,0.111098
CysK,316,333,FTEKELQQTSLEHHHHHH,2275.068,4.112149,1.667,6.240718,0.099895
CysK,316,333,FTEKELQQTSLEHHHHHH,2275.068,4.089364,16.667002,6.200315,0
CysK,316,333,FTEKELQQTSLEHHHHHH,2275.068,4.139862,60.000004,6.366231,0
CysK,316,333,FTEKELQQTSLEHHHHHH,2275.068,4.130645,720.000061,6.339667,0
CysK,324,333,TSLEHHHHHH,1271.577676,4.072215,0,0,0
CysK,324,333,TSLEHHHHHH,1271.577676,4.07578,0.033,2.286664,0.073126
CysK,324,333,TSLEHHHHHH,1271.577676,4.114022,1.667,2.261191,0.082777
CysK,324,333,TSLEHHHHHH,1271.577676,4.090357,16.667002,2.315191,0.06884
CysK,324,333,TSLEHHHHHH,1271.577676,4.140894,60.000004,2.349899,0.051952
CysK,324,333,TSLEHHHHHH,1271.577676,4.13077,720.000061,2.379717,0.067554