Protein,Start,End,Sequence,Modification,Fragment,MaxUptake,MHP,State,Exposure,Center,Center SD,Uptake,Uptake SD,RT,RT SD
Q15369,4,17,EEKTYGGCEGPDAM,,,12.000000,1486.582500,Eloc,0.000000,1487.372814,0.049642,0.000000,0.000000,4.467477,0.002814
Q15369,4,17,EEKTYGGCEGPDAM,,,12.000000,1486.582500,Eloc,0.250000,1490.470010,0.050022,3.097196,0.070474,4.453129,0.007670
Q15369,4,17,EEKTYGGCEGPDAM,,,12.000000,1486.582500,Eloc,5.000000,1491.800188,0.101546,4.427374,0.113030,4.463910,0.002161
Q15369,4,17,EEKTYGGCEGPDAM,,,12.000000,1486.582500,Eloc,30.000002,1492.840485,0.056261,5.467671,0.075030,4.468369,0.005392
Q15369,4,17,EEKTYGGCEGPDAM,,,12.000000,1486.582500,Eloc-CSN,0.000000,1487.372814,0.049642,0.000000,0.000000,4.467477,0.002814
Q15369,4,17,EEKTYGGCEGPDAM,,,12.000000,1486.582500,Eloc-CSN,0.250000,1490.500893,0.003570,3.128079,0.049770,4.411500,0.005377
Q15369,4,17,EEKTYGGCEGPDAM,,,12.000000,1486.582500,Eloc-CSN,5.000000,1491.685312,0.122849,4.312497,0.132500,4.395817,0.006086
Q15369,4,17,EEKTYGGCEGPDAM,,,12.000000,1486.582500,Eloc-CSN,30.000002,1492.722583,0.129720,5.349769,0.138894,4.394418,0.002693
Q15369,5,17,EKTYGGCEGPDAM,,,11.000000,1357.539900,Eloc,0.000000,1358.302649,0.031833,0.000000,0.000000,4.432721,0.002117
Q15369,5,17,EKTYGGCEGPDAM,,,11.000000,1357.539900,Eloc,0.250000,1360.886867,0.164356,2.584218,0.167410,4.428318,0.001197
Q15369,5,17,EKTYGGCEGPDAM,,,11.000000,1357.539900,Eloc,5.000000,1362.092957,0.060394,3.790309,0.068270,4.426799,0.006060
Q15369,5,17,EKTYGGCEGPDAM,,,11.000000,1357.539900,Eloc,30.000002,1363.205423,0.104423,4.902774,0.109167,4.432735,0.003745
Q15369,5,17,EKTYGGCEGPDAM,,,11.000000,1357.539900,Eloc-CSN,0.000000,1358.302649,0.031833,0.000000,0.000000,4.432721,0.002117
Q15369,5,17,EKTYGGCEGPDAM,,,11.000000,1357.539900,Eloc-CSN,0.250000,1360.757650,0.148899,2.455001,0.152264,4.370144,0.005142
Q15369,5,17,EKTYGGCEGPDAM,,,11.000000,1357.539900,Eloc-CSN,5.000000,1361.881521,0.079003,3.578872,0.085175,4.353178,0.012895
Q15369,5,17,EKTYGGCEGPDAM,,,11.000000,1357.539900,Eloc-CSN,30.000002,1362.895550,0.199636,4.592901,0.202158,4.346804,0.007259
Q15369,6,17,KTYGGCEGPDAM,,,10.000000,1228.497300,Eloc,0.000000,1228.989319,0.043829,0.000000,0.000000,4.353041,0.004177
Q15369,6,17,KTYGGCEGPDAM,,,10.000000,1228.497300,Eloc,0.250000,1231.239012,0.050735,2.249693,0.067045,4.350956,0.001225
Q15369,6,17,KTYGGCEGPDAM,,,10.000000,1228.497300,Eloc,5.000000,1232.665344,0.042209,3.676025,0.060849,4.353194,0.005011
Q15369,6,17,KTYGGCEGPDAM,,,10.000000,1228.497300,Eloc,30.000002,1233.574554,0.041783,4.585234,0.060554,4.357393,0.005158
Q15369,6,17,KTYGGCEGPDAM,,,10.000000,1228.497300,Eloc-CSN,0.000000,1228.992034,0.047676,0.000000,0.000000,4.352954,0.004256
Q15369,6,17,KTYGGCEGPDAM,,,10.000000,1228.497300,Eloc-CSN,0.250000,1231.163660,0.115848,2.171625,0.125275,4.287228,0.004583
Q15369,6,17,KTYGGCEGPDAM,,,10.000000,1228.497300,Eloc-CSN,5.000000,1232.536495,0.062926,3.544460,0.078947,4.273524,0.004672
Q15369,6,17,KTYGGCEGPDAM,,,10.000000,1228.497300,Eloc-CSN,30.000002,1233.584964,0.059674,4.592930,0.076380,4.272004,0.004456
Q15369,22,28,ISSDGHE,,,6.000000,744.315900,Eloc,0.000000,744.579016,0.057486,0.000000,0.000000,2.372651,0.006659
Q15369,22,28,ISSDGHE,,,6.000000,744.315900,Eloc,0.250000,744.878225,0.020610,0.299209,0.061069,2.372823,0.009063
Q15369,22,28,ISSDGHE,,,6.000000,744.315900,Eloc,5.000000,744.997967,0.037041,0.418951,0.068386,2.377551,0.002382
Q15369,22,28,ISSDGHE,,,6.000000,744.315900,Eloc,30.000002,745.188459,0.034757,0.609443,0.067177,2.381516,0.002239
Q15369,22,28,ISSDGHE,,,6.000000,744.315900,Eloc-CSN,0.000000,744.630853,0.009187,0.000000,0.000000,2.386430,0.007275
Q15369,22,28,ISSDGHE,,,6.000000,744.315900,Eloc-CSN,0.250000,745.080898,0.033003,0.450046,0.034258,2.404256,0.001667
Q15369,22,28,ISSDGHE,,,6.000000,744.315900,Eloc-CSN,5.000000,745.105009,0.061241,0.474156,0.061926,2.396334,0.000768
Q15369,22,28,ISSDGHE,,,6.000000,744.315900,Eloc-CSN,30.000002,745.309360,0.037461,0.678507,0.038572,2.402190,0.006798
Q15369,23,29,SSDGHEF,,,6.000000,778.300200,Eloc,0.000000,778.670409,0.016341,0.000000,0.000000,4.334900,0.004636
Q15369,23,29,SSDGHEF,,,6.000000,778.300200,Eloc,0.250000,778.832869,0.040668,0.162460,0.043828,4.325614,0.007311
Q15369,23,29,SSDGHEF,,,6.000000,778.300200,Eloc,5.000000,778.952161,0.019533,0.281752,0.025467,4.330574,0.008039
Q15369,23,29,SSDGHEF,,,6.000000,778.300200,Eloc,30.000002,779.004919,0.027344,0.334510,0.031855,4.336225,0.004693
Q15369,23,29,SSDGHEF,,,6.000000,778.300200,Eloc-CSN,0.000000,778.670409,0.016341,0.000000,0.000000,4.334900,0.004636
Q15369,23,29,SSDGHEF,,,6.000000,778.300200,Eloc-CSN,0.250000,778.800964,0.048614,0.130555,0.051287,4.254980,0.004339
Q15369,23,29,SSDGHEF,,,6.000000,778.300200,Eloc-CSN,5.000000,778.894718,0.004311,0.224308,0.016900,4.245503,0.006966
Q15369,23,29,SSDGHEF,,,6.000000,778.300200,Eloc-CSN,30.000002,778.978440,0.005200,0.308031,0.017148,4.238036,0.002211
Q15369,29,44,FIVKREHALTSGTIKA,,,15.000000,1771.022500,Eloc,0.000000,1771.964864,0.031092,0.000000,0.000000,3.825602,0.006218
Q15369,29,44,FIVKREHALTSGTIKA,,,15.000000,1771.022500,Eloc,0.250000,1772.301492,0.080296,0.336627,0.086105,3.811419,0.007116
Q15369,29,44,FIVKREHALTSGTIKA,,,15.000000,1771.022500,Eloc,5.000000,1772.805988,0.056872,0.841124,0.064816,3.820753,0.010872
Q15369,29,44,FIVKREHALTSGTIKA,,,15.000000,1771.022500,Eloc,30.000002,1773.099666,0.151118,1.134801,0.154283,3.826288,0.003064
Q15369,29,44,FIVKREHALTSGTIKA,,,15.000000,1771.022500,Eloc-CSN,0.000000,1771.964864,0.031092,0.000000,0.000000,3.825602,0.006218
Q15369,29,44,FIVKREHALTSGTIKA,,,15.000000,1771.022500,Eloc-CSN,0.250000,1772.238159,0.054879,0.273295,0.063074,3.722208,0.005064
Q15369,29,44,FIVKREHALTSGTIKA,,,15.000000,1771.022500,Eloc-CSN,5.000000,1772.648221,0.045462,0.683357,0.055077,3.726371,0.008693
Q15369,29,44,FIVKREHALTSGTIKA,,,15.000000,1771.022500,Eloc-CSN,30.000002,1773.669292,0.078833,1.704427,0.084743,3.748444,0.025630
Q15369,30,52,IVKREHALTSGTIKAMLSGPGQF,,,21.000000,2441.333300,Eloc,0.000000,2443.910298,0.260746,0.000000,0.000000,6.539907,0.013843
Q15369,30,52,IVKREHALTSGTIKAMLSGPGQF,,,21.000000,2441.333300,Eloc,0.250000,2444.964971,0.043137,1.054673,0.264291,6.522096,0.005727
Q15369,30,52,IVKREHALTSGTIKAMLSGPGQF,,,21.000000,2441.333300,Eloc,5.000000,2445.243996,0.132608,1.333698,0.292530,6.523863,0.008205
Q15369,30,52,IVKREHALTSGTIKAMLSGPGQF,,,21.000000,2441.333300,Eloc,30.000002,2446.010468,0.110904,2.100170,0.283352,6.530815,0.010945
Q15369,30,52,IVKREHALTSGTIKAMLSGPGQF,,,21.000000,2441.333300,Eloc-CSN,0.000000,2443.910298,0.260746,0.000000,0.000000,6.539907,0.013843
Q15369,30,52,IVKREHALTSGTIKAMLSGPGQF,,,21.000000,2441.333300,Eloc-CSN,0.250000,2445.098059,0.040545,1.187761,0.263880,6.455274,0.001168
Q15369,30,52,IVKREHALTSGTIKAMLSGPGQF,,,21.000000,2441.333300,Eloc-CSN,5.000000,2445.181471,0.091122,1.271173,0.276210,6.427999,0.002585
Q15369,30,52,IVKREHALTSGTIKAMLSGPGQF,,,21.000000,2441.333300,Eloc-CSN,30.000002,2445.995651,0.149003,2.085353,0.300317,6.434689,0.003876
Q15369,53,62,AENETNEVNF,,,9.000000,1166.496000,Eloc,0.000000,1166.988783,0.064016,0.000000,0.000000,5.108166,0.003154
Q15369,53,62,AENETNEVNF,,,9.000000,1166.496000,Eloc,0.250000,1168.135203,0.087561,1.146421,0.108466,5.098848,0.003367
Q15369,53,62,AENETNEVNF,,,9.000000,1166.496000,Eloc,5.000000,1168.931219,0.143227,1.942436,0.156882,5.102541,0.005465
Q15369,53,62,AENETNEVNF,,,9.000000,1166.496000,Eloc,30.000002,1169.764993,0.077957,2.776210,0.100873,5.112004,0.006451
Q15369,53,62,AENETNEVNF,,,9.000000,1166.496000,Eloc-CSN,0.000000,1166.960362,0.026778,0.000000,0.000000,5.108303,0.002621
Q15369,53,62,AENETNEVNF,,,9.000000,1166.496000,Eloc-CSN,0.250000,1168.231354,0.021422,1.270993,0.034292,5.060253,0.003197
Q15369,53,62,AENETNEVNF,,,9.000000,1166.496000,Eloc-CSN,5.000000,1168.922884,0.070981,1.962522,0.075864,5.047117,0.005964
Q15369,53,62,AENETNEVNF,,,9.000000,1166.496000,Eloc-CSN,30.000002,1169.707146,0.083723,2.746784,0.087901,5.047384,0.001305
Q15369,56,62,ETNEVNF,,,6.000000,852.373400,Eloc,0.000000,852.799607,0.019174,0.000000,0.000000,5.130462,0.003353
Q15369,56,62,ETNEVNF,,,6.000000,852.373400,Eloc,0.250000,853.074983,0.019308,0.275376,0.027211,5.123667,0.001772
Q15369,56,62,ETNEVNF,,,6.000000,852.373400,Eloc,5.000000,853.486590,0.017524,0.686983,0.025975,5.123013,0.004635
Q15369,56,62,ETNEVNF,,,6.000000,852.373400,Eloc,30.000002,853.932855,0.034351,1.133248,0.039340,5.133931,0.001633
Q15369,56,62,ETNEVNF,,,6.000000,852.373400,Eloc-CSN,0.000000,852.799607,0.019174,0.000000,0.000000,5.130462,0.003353
Q15369,56,62,ETNEVNF,,,6.000000,852.373400,Eloc-CSN,0.250000,853.014012,0.031697,0.214406,0.037045,5.069528,0.005852
Q15369,56,62,ETNEVNF,,,6.000000,852.373400,Eloc-CSN,5.000000,853.335965,0.018108,0.536359,0.026373,5.055187,0.007878
Q15369,56,62,ETNEVNF,,,6.000000,852.373400,Eloc-CSN,30.000002,853.783719,0.020965,0.984112,0.028411,5.055453,0.003948
Q15369,66,75,PSHVLSKVCM,,,8.000000,1100.559100,Eloc,0.000000,1101.178919,0.122147,0.000000,0.000000,4.564088,0.008696
Q15369,66,75,PSHVLSKVCM,,,8.000000,1100.559100,Eloc,0.250000,1101.546956,0.083119,0.368037,0.147745,4.552356,0.004159
Q15369,66,75,PSHVLSKVCM,,,8.000000,1100.559100,Eloc,5.000000,1101.706409,0.039273,0.527490,0.128305,4.549187,0.011613
Q15369,66,75,PSHVLSKVCM,,,8.000000,1100.559100,Eloc,30.000002,1101.898367,0.058531,0.719448,0.135447,4.553113,0.006027
Q15369,66,75,PSHVLSKVCM,,,8.000000,1100.559100,Eloc-CSN,0.000000,1101.199875,0.139893,0.000000,0.000000,4.564125,0.008509
Q15369,66,75,PSHVLSKVCM,,,8.000000,1100.559100,Eloc-CSN,0.250000,1101.481999,0.007970,0.282124,0.140120,4.469379,0.001999
Q15369,66,75,PSHVLSKVCM,,,8.000000,1100.559100,Eloc-CSN,5.000000,1101.593550,0.072637,0.393675,0.157627,4.446763,0.004545
Q15369,66,75,PSHVLSKVCM,,,8.000000,1100.559100,Eloc-CSN,30.000002,1101.689323,0.066377,0.489448,0.154842,4.450200,0.004949
Q15369,76,96,YFTYKVRYTNSSTEIPEFPIA,,,18.000000,2526.255100,Eloc,0.000000,2527.726325,0.089169,0.000000,0.000000,6.028020,0.004032
Q15369,76,96,YFTYKVRYTNSSTEIPEFPIA,,,18.000000,2526.255100,Eloc,0.250000,2530.362819,0.106783,2.636494,0.139118,6.011186,0.002780
Q15369,76,96,YFTYKVRYTNSSTEIPEFPIA,,,18.000000,2526.255100,Eloc,5.000000,2531.612614,0.085693,3.886289,0.123671,6.013110,0.006095
Q15369,76,96,YFTYKVRYTNSSTEIPEFPIA,,,18.000000,2526.255100,Eloc,30.000002,2532.602932,0.069185,4.876607,0.112861,6.015789,0.004040
Q15369,76,96,YFTYKVRYTNSSTEIPEFPIA,,,18.000000,2526.255100,Eloc-CSN,0.000000,2527.726325,0.089169,0.000000,0.000000,6.028020,0.004032
Q15369,76,96,YFTYKVRYTNSSTEIPEFPIA,,,18.000000,2526.255100,Eloc-CSN,0.250000,2530.381447,0.056605,2.655122,0.105619,5.950460,0.003183
Q15369,76,96,YFTYKVRYTNSSTEIPEFPIA,,,18.000000,2526.255100,Eloc-CSN,5.000000,2531.608160,0.098717,3.881835,0.133027,5.936042,0.005810
Q15369,76,96,YFTYKVRYTNSSTEIPEFPIA,,,18.000000,2526.255100,Eloc-CSN,30.000002,2532.749447,0.096147,5.023122,0.131132,5.935203,0.003076
Q15369,77,93,FTYKVRYTNSSTEIPEF,,,15.000000,2082.017800,Eloc,0.000000,2083.205937,0.028307,0.000000,0.000000,5.598517,0.007339
Q15369,77,93,FTYKVRYTNSSTEIPEF,,,15.000000,2082.017800,Eloc,0.250000,2085.381289,0.077922,2.175352,0.082905,5.589359,0.004910
Q15369,77,93,FTYKVRYTNSSTEIPEF,,,15.000000,2082.017800,Eloc,5.000000,2085.746226,0.090748,2.540289,0.095061,5.590623,0.007568
Q15369,77,93,FTYKVRYTNSSTEIPEF,,,15.000000,2082.017800,Eloc,30.000002,2086.729526,0.226776,3.523589,0.228536,5.593010,0.009506
Q15369,77,93,FTYKVRYTNSSTEIPEF,,,15.000000,2082.017800,Eloc-CSN,0.000000,2083.099027,0.064302,0.000000,0.000000,5.603034,0.007355
Q15369,77,93,FTYKVRYTNSSTEIPEF,,,15.000000,2082.017800,Eloc-CSN,0.250000,2085.104064,0.058852,2.005037,0.087168,5.519939,0.003286
Q15369,77,93,FTYKVRYTNSSTEIPEF,,,15.000000,2082.017800,Eloc-CSN,5.000000,2085.777114,0.103291,2.678088,0.121670,5.510244,0.005204
Q15369,77,93,FTYKVRYTNSSTEIPEF,,,15.000000,2082.017800,Eloc-CSN,30.000002,2086.610150,0.088742,3.511123,0.109590,5.511224,0.001977
Q15369,87,93,STEIPEF,,,5.000000,822.388000,Eloc,0.000000,822.748149,0.052850,0.000000,0.000000,5.949941,0.005472
Q15369,87,93,STEIPEF,,,5.000000,822.388000,Eloc,0.250000,823.224686,0.051930,0.476536,0.074094,5.939663,0.002523
Q15369,87,93,STEIPEF,,,5.000000,822.388000,Eloc,5.000000,823.561383,0.007306,0.813233,0.053353,5.937728,0.006117
Q15369,87,93,STEIPEF,,,5.000000,822.388000,Eloc,30.000002,824.236396,0.108863,1.488247,0.121014,5.946431,0.003495
Q15369,87,93,STEIPEF,,,5.000000,822.388000,Eloc-CSN,0.000000,822.748149,0.052850,0.000000,0.000000,5.949941,0.005472
Q15369,87,93,STEIPEF,,,5.000000,822.388000,Eloc-CSN,0.250000,823.302168,0.048513,0.554019,0.071740,5.879154,0.003679
Q15369,87,93,STEIPEF,,,5.000000,822.388000,Eloc-CSN,5.000000,823.921968,0.015043,1.173819,0.054949,5.864088,0.004690
Q15369,87,93,STEIPEF,,,5.000000,822.388000,Eloc-CSN,30.000002,824.515848,0.042720,1.767699,0.067956,5.869925,0.001509
Q15369,94,100,PIAPEIA,,,4.000000,710.408300,Eloc,0.000000,710.751192,0.036019,0.000000,0.000000,4.781001,0.004175
Q15369,94,100,PIAPEIA,,,4.000000,710.408300,Eloc,0.250000,711.302069,0.016274,0.550876,0.039525,4.768890,0.005618
Q15369,94,100,PIAPEIA,,,4.000000,710.408300,Eloc,5.000000,711.831902,0.006860,1.080710,0.036666,4.770626,0.006617
Q15369,94,100,PIAPEIA,,,4.000000,710.408300,Eloc,30.000002,712.155844,0.020009,1.404652,0.041203,4.772918,0.004205
Q15369,94,100,PIAPEIA,,,4.000000,710.408300,Eloc-CSN,0.000000,710.751192,0.036019,0.000000,0.000000,4.781001,0.004175
Q15369,94,100,PIAPEIA,,,4.000000,710.408300,Eloc-CSN,0.250000,711.367284,0.004551,0.616092,0.036305,4.726562,0.004086
Q15369,94,100,PIAPEIA,,,4.000000,710.408300,Eloc-CSN,5.000000,711.720201,0.018241,0.969009,0.040374,4.716820,0.004845
Q15369,94,100,PIAPEIA,,,4.000000,710.408300,Eloc-CSN,30.000002,711.955961,0.020479,1.204769,0.041434,4.713078,0.001784
Q15369,94,101,PIAPEIAL,,,5.000000,823.492400,Eloc,0.000000,823.929543,0.024646,0.000000,0.000000,6.065742,0.004890
Q15369,94,101,PIAPEIAL,,,5.000000,823.492400,Eloc,0.250000,824.426149,0.034702,0.496605,0.042563,6.053045,0.002569
Q15369,94,101,PIAPEIAL,,,5.000000,823.492400,Eloc,5.000000,824.927811,0.031030,0.998267,0.039626,6.054512,0.004553
Q15369,94,101,PIAPEIAL,,,5.000000,823.492400,Eloc,30.000002,825.299233,0.023415,1.369690,0.033995,6.060848,0.006914
Q15369,94,101,PIAPEIAL,,,5.000000,823.492400,Eloc-CSN,0.000000,823.929543,0.024646,0.000000,0.000000,6.065742,0.004890
Q15369,94,101,PIAPEIAL,,,5.000000,823.492400,Eloc-CSN,0.250000,824.496446,0.021218,0.566903,0.032521,6.003376,0.001441
Q15369,94,101,PIAPEIAL,,,5.000000,823.492400,Eloc-CSN,5.000000,824.926723,0.006825,0.997180,0.025573,5.990268,0.004137
Q15369,94,101,PIAPEIAL,,,5.000000,823.492400,Eloc-CSN,30.000002,825.272897,0.025778,1.343353,0.035664,5.989933,0.000660
