State,Start,End,Sequence,Maxuptake,Peptide mass [Da],Retention time [min],Retention time SD [min],Exposure,Uptake,Uptake SD [Da]
apo,1,17,MAGTDKRKQSLYFPEEM,15,2029.9596,8.198173,0.018247,0,0,0
apo,1,17,MAGTDKRKQSLYFPEEM,15,2029.9596,8.217499,0.00213,10,5.999483,0.086547
apo,1,17,MAGTDKRKQSLYFPEEM,15,2029.9596,8.250055,0.011694,30,6.491286,0.042768
apo,1,17,MAGTDKRKQSLYFPEEM,15,2029.9596,8.246965,0.004316,95,6.706885,0.060234
apo,1,17,MAGTDKRKQSLYFPEEM,15,2029.9596,8.257952,0.00339,1000,6.975545,0.050213
apo,1,17,MAGTDKRKQSLYFPEEM,15,2029.9596,8.250702,0.004202,10000,6.922469,0.07757
cDG,1,17,MAGTDKRKQSLYFPEEM,15,2029.9596,8.184553,0.006196,0,0,0
cDG,1,17,MAGTDKRKQSLYFPEEM,15,2029.9596,8.227837,0.022202,10,2.903045,0.166734
cDG,1,17,MAGTDKRKQSLYFPEEM,15,2029.9596,8.261343,0.013813,30,3.426812,0.029038
cDG,1,17,MAGTDKRKQSLYFPEEM,15,2029.9596,8.250045,0.01073,95,3.966282,0.036237
cDG,1,17,MAGTDKRKQSLYFPEEM,15,2029.9596,8.254576,0.006185,1000,5.008434,0.098043
cDG,1,17,MAGTDKRKQSLYFPEEM,15,2029.9596,8.255573,0.006087,10000,6.147886,0.040962
apo,3,13,GTDKRKQSLYF,10,1341.7036,8.119929,0.015987,0,0,0
apo,3,13,GTDKRKQSLYF,10,1341.7036,8.144979,0.000894,10,3.342022,0.054308
apo,3,13,GTDKRKQSLYF,10,1341.7036,8.192071,0.016336,30,3.756183,0.023466
apo,3,13,GTDKRKQSLYF,10,1341.7036,8.197481,0.00439,95,3.876092,0.044839
apo,3,13,GTDKRKQSLYF,10,1341.7036,8.199183,0.005379,1000,4.278214,0.068921
apo,3,13,GTDKRKQSLYF,10,1341.7036,8.191109,0.005476,10000,4.236835,0.08565
cDG,3,13,GTDKRKQSLYF,10,1341.7036,8.102522,0.004308,0,0,0
cDG,3,13,GTDKRKQSLYF,10,1341.7036,8.161173,0.028563,10,0.701585,0.045678
cDG,3,13,GTDKRKQSLYF,10,1341.7036,8.198931,0.009997,30,0.948627,0.033112
cDG,3,13,GTDKRKQSLYF,10,1341.7036,8.188976,0.012356,95,1.403,0.048883
cDG,3,13,GTDKRKQSLYF,10,1341.7036,8.194988,0.00774,1000,2.401651,0.080418
cDG,3,13,GTDKRKQSLYF,10,1341.7036,8.194519,0.005627,10000,3.503305,0.083123
apo,3,16,GTDKRKQSLYFPEE,12,1696.8415,8.07694,0.01504,0,0,0
apo,3,16,GTDKRKQSLYFPEE,12,1696.8415,8.093091,0.000187,10,4.551644,0.044378
apo,3,16,GTDKRKQSLYFPEE,12,1696.8415,8.128345,0.010773,30,4.827033,0.088665
apo,3,16,GTDKRKQSLYFPEE,12,1696.8415,8.123792,0.005818,95,5.144638,0.086755
apo,3,16,GTDKRKQSLYFPEE,12,1696.8415,8.132053,0.000267,1000,5.420827,0.101635
apo,3,16,GTDKRKQSLYFPEE,12,1696.8415,8.13091,0.001747,10000,5.429738,0.057393
cDG,3,16,GTDKRKQSLYFPEE,12,1696.8415,8.059209,0.007712,0,0,0
cDG,3,16,GTDKRKQSLYFPEE,12,1696.8415,8.098354,0.020959,10,1.553891,0.117149
cDG,3,16,GTDKRKQSLYFPEE,12,1696.8415,8.130259,0.008242,30,2.012862,0.039733
cDG,3,16,GTDKRKQSLYFPEE,12,1696.8415,8.128138,0.011763,95,2.478453,0.061725
cDG,3,16,GTDKRKQSLYFPEE,12,1696.8415,8.130301,0.00561,1000,3.515371,0.037098
cDG,3,16,GTDKRKQSLYFPEE,12,1696.8415,8.138859,0.006477,10000,4.445894,0.100749
apo,3,17,GTDKRKQSLYFPEEM,13,1827.882,8.683291,0.011144,0,0,0
apo,3,17,GTDKRKQSLYFPEEM,13,1827.882,8.714669,0.006622,10,5.068735,0.062295
apo,3,17,GTDKRKQSLYFPEEM,13,1827.882,8.742402,0.012502,30,5.609079,0.038802
apo,3,17,GTDKRKQSLYFPEEM,13,1827.882,8.742971,0.007301,95,5.830274,0.043008
apo,3,17,GTDKRKQSLYFPEEM,13,1827.882,8.747278,0.00464,1000,6.119458,0.036907
apo,3,17,GTDKRKQSLYFPEEM,13,1827.882,8.740531,0.008108,10000,6.089895,0.069097
cDG,3,17,GTDKRKQSLYFPEEM,13,1827.882,8.664502,0.002637,0,0,0
cDG,3,17,GTDKRKQSLYFPEEM,13,1827.882,8.725326,0.023113,10,1.823385,0.124533
cDG,3,17,GTDKRKQSLYFPEEM,13,1827.882,8.745835,0.005949,30,2.402145,0.023852
cDG,3,17,GTDKRKQSLYFPEEM,13,1827.882,8.741745,0.007234,95,3.08637,0.040301
cDG,3,17,GTDKRKQSLYFPEEM,13,1827.882,8.748037,0.005917,1000,4.169,0.073269
cDG,3,17,GTDKRKQSLYFPEEM,13,1827.882,8.742954,0.004761,10000,5.280929,0.041888
apo,3,18,GTDKRKQSLYFPEEML,14,1940.9661,9.356551,0.004627,0,0,0
apo,3,18,GTDKRKQSLYFPEEML,14,1940.9661,9.393743,0.004363,10,4.860535,0.104373
apo,3,18,GTDKRKQSLYFPEEML,14,1940.9661,9.428189,0.010369,30,5.414489,0.035814
apo,3,18,GTDKRKQSLYFPEEML,14,1940.9661,9.428976,0.006336,95,5.728984,0.083499
apo,3,18,GTDKRKQSLYFPEEML,14,1940.9661,9.441459,0.007978,1000,6.041008,0.033357
apo,3,18,GTDKRKQSLYFPEEML,14,1940.9661,9.432572,0.001961,10000,6.140795,0.066939
cDG,3,18,GTDKRKQSLYFPEEML,14,1940.9661,9.347452,0.002199,0,0,0
cDG,3,18,GTDKRKQSLYFPEEML,14,1940.9661,9.402726,0.020706,10,1.826908,0.121705
cDG,3,18,GTDKRKQSLYFPEEML,14,1940.9661,9.433649,0.010142,30,2.407928,0.026287
cDG,3,18,GTDKRKQSLYFPEEML,14,1940.9661,9.447658,0.025991,95,3.111603,0.046233
cDG,3,18,GTDKRKQSLYFPEEML,14,1940.9661,9.438046,0.00831,1000,4.140006,0.036387
cDG,3,18,GTDKRKQSLYFPEEML,14,1940.9661,9.436152,0.005639,10000,5.221124,0.087391
apo,9,23,QSLYFPEEMLKEIQE,13,1882.9017,8.766337,0.006973,0,0,0
apo,9,23,QSLYFPEEMLKEIQE,13,1882.9017,8.783211,0.002464,10,5.268194,0.084138
apo,9,23,QSLYFPEEMLKEIQE,13,1882.9017,8.818983,0.013743,30,5.842236,0.066006
apo,9,23,QSLYFPEEMLKEIQE,13,1882.9017,8.818317,0.002082,95,6.069437,0.068187
apo,9,23,QSLYFPEEMLKEIQE,13,1882.9017,8.82852,0.002804,1000,6.296568,0.0192
apo,9,23,QSLYFPEEMLKEIQE,13,1882.9017,8.817371,0.003483,10000,6.266467,0.098995
cDG,9,23,QSLYFPEEMLKEIQE,13,1882.9017,8.741794,0.006189,0,0,0
cDG,9,23,QSLYFPEEMLKEIQE,13,1882.9017,8.794477,0.022978,10,2.420268,0.116237
cDG,9,23,QSLYFPEEMLKEIQE,13,1882.9017,8.82606,0.012181,30,2.967511,0.033043
cDG,9,23,QSLYFPEEMLKEIQE,13,1882.9017,8.816807,0.006074,95,3.58548,0.034353
cDG,9,23,QSLYFPEEMLKEIQE,13,1882.9017,8.82352,0.009301,1000,4.578917,0.055021
cDG,9,23,QSLYFPEEMLKEIQE,13,1882.9017,8.823973,0.004115,10000,5.592107,0.054594
apo,12,17,YFPEEM,4,814.3202,9.416519,0.001067,0,0,0
apo,12,17,YFPEEM,4,814.3202,9.436587,0.001222,10,1.639576,0.014667
apo,12,17,YFPEEM,4,814.3202,9.450138,0.013071,30,1.819659,0.015918
apo,12,17,YFPEEM,4,814.3202,9.447886,0.008796,95,1.77318,0.02869
apo,12,17,YFPEEM,4,814.3202,9.464907,0.003595,1000,1.762819,0.02998
apo,12,17,YFPEEM,4,814.3202,9.452108,0.004167,10000,1.761183,0.017639
cDG,12,17,YFPEEM,4,814.3202,9.410787,0.008163,0,0,0
cDG,12,17,YFPEEM,4,814.3202,9.439778,0.015061,10,1.302948,0.074272
cDG,12,17,YFPEEM,4,814.3202,9.455157,0.009565,30,1.584092,0.019603
cDG,12,17,YFPEEM,4,814.3202,9.450581,0.00809,95,1.775672,0.02147
cDG,12,17,YFPEEM,4,814.3202,9.461832,0.002865,1000,1.78139,0.032209
cDG,12,17,YFPEEM,4,814.3202,9.460314,0.003296,10000,1.807041,0.024805
apo,14,17,PEEM,2,504.1885,7.043475,0.018327,0,0,0
apo,14,17,PEEM,2,504.1885,7.049928,0.009694,10,0.792237,0.040507
apo,14,17,PEEM,2,504.1885,7.064994,0.010137,30,0.89971,0.028842
apo,14,17,PEEM,2,504.1885,7.070069,0.005915,95,0.8674,0.029032
apo,14,17,PEEM,2,504.1885,7.068346,0.002304,1000,0.867406,0.02852
apo,14,17,PEEM,2,504.1885,7.064183,0.006109,10000,0.844431,0.035758
cDG,14,17,PEEM,2,504.1885,7.015297,0.014986,0,0,0
cDG,14,17,PEEM,2,504.1885,7.054468,0.01362,10,0.567739,0.031641
cDG,14,17,PEEM,2,504.1885,7.070325,0.010259,30,0.672248,0.017525
cDG,14,17,PEEM,2,504.1885,7.063236,0.023655,95,0.832667,0.019419
cDG,14,17,PEEM,2,504.1885,7.06436,0.004515,1000,0.848068,0.018724
cDG,14,17,PEEM,2,504.1885,7.070749,0.00631,10000,0.863309,0.021919
apo,14,18,PEEML,3,617.2725,8.905286,0.007963,0,0,0
apo,14,18,PEEML,3,617.2725,8.923139,0.001281,10,0.783531,0.026602
apo,14,18,PEEML,3,617.2725,8.936112,0.01379,30,0.922679,0.019933
apo,14,18,PEEML,3,617.2725,8.940301,0.001592,95,0.889972,0.031538
apo,14,18,PEEML,3,617.2725,8.946589,0.000855,1000,0.9356,0.029568
apo,14,18,PEEML,3,617.2725,8.935786,0.003267,10000,1.034707,0.018808
cDG,14,18,PEEML,3,617.2725,8.892731,0.003307,0,0,0
cDG,14,18,PEEML,3,617.2725,8.92807,0.015834,10,0.600938,0.030511
cDG,14,18,PEEML,3,617.2725,8.940699,0.008967,30,0.726952,0.017042
cDG,14,18,PEEML,3,617.2725,8.934727,0.007327,95,0.882706,0.017408
cDG,14,18,PEEML,3,617.2725,8.937978,0.00552,1000,0.894163,0.029228
cDG,14,18,PEEML,3,617.2725,8.938897,0.006269,10000,0.956731,0.018627
apo,17,20,MLKE,3,519.2721,6.231761,0.010133,0,0,0
apo,17,20,MLKE,3,519.2721,6.246532,0.010187,10,0.072477,0.020984
apo,17,20,MLKE,3,519.2721,6.274142,0.009913,30,0.084973,0.016832
apo,17,20,MLKE,3,519.2721,6.282238,0.012017,95,0.110634,0.020202
apo,17,20,MLKE,3,519.2721,6.282054,0.006137,1000,0.465613,0.016042
apo,17,20,MLKE,3,519.2721,6.277951,0.008462,10000,1.083127,0.019449
cDG,17,20,MLKE,3,519.2721,6.201379,0.020712,0,0,0
cDG,17,20,MLKE,3,519.2721,6.257595,0.017508,10,0.015207,0.018082
cDG,17,20,MLKE,3,519.2721,6.27941,0.014825,30,-0.00234,0.021993
cDG,17,20,MLKE,3,519.2721,6.282793,0.035822,95,0.006818,0.020591
cDG,17,20,MLKE,3,519.2721,6.275244,0.004561,1000,0.033103,0.021017
cDG,17,20,MLKE,3,519.2721,6.278994,0.009056,10000,0.204655,0.016024
apo,17,23,MLKEIQE,6,889.4574,7.456061,0.013876,0,0,0
apo,17,23,MLKEIQE,6,889.4574,7.470973,0.001226,10,0.029361,0.022997
apo,17,23,MLKEIQE,6,889.4574,7.49662,0.009295,30,0.091558,0.023618
apo,17,23,MLKEIQE,6,889.4574,7.497213,0.00165,95,0.125227,0.017464
apo,17,23,MLKEIQE,6,889.4574,7.495825,0.001149,1000,0.587217,0.018849
apo,17,23,MLKEIQE,6,889.4574,7.494402,0.003417,10000,1.306589,0.031696
cDG,17,23,MLKEIQE,6,889.4574,7.442451,0.009308,0,0,0
cDG,17,23,MLKEIQE,6,889.4574,7.479926,0.015655,10,0.012301,0.031275
cDG,17,23,MLKEIQE,6,889.4574,7.498258,0.009772,30,0.022854,0.025666
cDG,17,23,MLKEIQE,6,889.4574,7.495258,0.011759,95,0.023907,0.025437
cDG,17,23,MLKEIQE,6,889.4574,7.493975,0.004682,1000,0.068196,0.027479
cDG,17,23,MLKEIQE,6,889.4574,7.498929,0.004171,10000,0.27092,0.025327
apo,17,30,MLKEIQEEATRQDR,13,1745.8725,7.443831,0.014339,0,0,0
apo,17,30,MLKEIQEEATRQDR,13,1745.8725,7.455161,0.001747,10,0.107437,0.041907
apo,17,30,MLKEIQEEATRQDR,13,1745.8725,7.474753,0.009112,30,0.08569,0.028909
apo,17,30,MLKEIQEEATRQDR,13,1745.8725,7.477492,0.002362,95,0.131332,0.026532
apo,17,30,MLKEIQEEATRQDR,13,1745.8725,7.472917,0.00134,1000,0.746634,0.028413
apo,17,30,MLKEIQEEATRQDR,13,1745.8725,7.469432,0.002684,10000,2.352624,0.089458
cDG,17,30,MLKEIQEEATRQDR,13,1745.8725,7.427368,0.006965,0,0,0
cDG,17,30,MLKEIQEEATRQDR,13,1745.8725,7.460325,0.013943,10,0.020125,0.022328
cDG,17,30,MLKEIQEEATRQDR,13,1745.8725,7.481141,0.009205,30,-0.011996,0.033201
cDG,17,30,MLKEIQEEATRQDR,13,1745.8725,7.477379,0.011821,95,0.00578,0.040586
cDG,17,30,MLKEIQEEATRQDR,13,1745.8725,7.475192,0.003936,1000,0.113057,0.01493
cDG,17,30,MLKEIQEEATRQDR,13,1745.8725,7.479512,0.004803,10000,0.643618,0.022192
apo,17,33,MLKEIQEEATRQDRSLS,16,2033.0206,7.894242,0.014258,0,0,0
apo,17,33,MLKEIQEEATRQDRSLS,16,2033.0206,7.902192,0.000909,10,1.63391,0.030521
apo,17,33,MLKEIQEEATRQDRSLS,16,2033.0206,7.916274,0.008865,30,1.897072,0.016876
apo,17,33,MLKEIQEEATRQDRSLS,16,2033.0206,7.916759,0.003613,95,1.981417,0.024329
apo,17,33,MLKEIQEEATRQDRSLS,16,2033.0206,7.917041,0.002119,1000,2.646064,0.035038
apo,17,33,MLKEIQEEATRQDRSLS,16,2033.0206,7.910284,0.002844,10000,4.369524,0.060628
cDG,17,33,MLKEIQEEATRQDRSLS,16,2033.0206,7.879808,0.005715,0,0,0
cDG,17,33,MLKEIQEEATRQDRSLS,16,2033.0206,7.90984,0.01293,10,0.191136,0.02894
cDG,17,33,MLKEIQEEATRQDRSLS,16,2033.0206,7.925077,0.009805,30,0.249161,0.037296
cDG,17,33,MLKEIQEEATRQDRSLS,16,2033.0206,7.921357,0.008658,95,0.444387,0.034043
cDG,17,33,MLKEIQEEATRQDRSLS,16,2033.0206,7.917786,0.00454,1000,1.275546,0.029838
cDG,17,33,MLKEIQEEATRQDRSLS,16,2033.0206,7.91896,0.005623,10000,2.211319,0.067347
apo,18,23,LKEIQE,5,758.4169,6.792856,0.021251,0,0,0
apo,18,23,LKEIQE,5,758.4169,6.80113,0.002315,10,0.057872,0.010158
apo,18,23,LKEIQE,5,758.4169,6.821972,0.010021,30,0.07679,0.011426
apo,18,23,LKEIQE,5,758.4169,6.828248,0.003702,95,0.096886,0.014491
apo,18,23,LKEIQE,5,758.4169,6.825674,0.002978,1000,0.338911,0.015752
apo,18,23,LKEIQE,5,758.4169,6.824977,0.003374,10000,0.599107,0.016349
cDG,18,23,LKEIQE,5,758.4169,6.774459,0.008452,0,0,0
cDG,18,23,LKEIQE,5,758.4169,6.81242,0.01464,10,0.068627,0.035691
cDG,18,23,LKEIQE,5,758.4169,6.82727,0.01041,30,0.066837,0.034083
cDG,18,23,LKEIQE,5,758.4169,6.828988,0.015843,95,0.043276,0.033384
cDG,18,23,LKEIQE,5,758.4169,6.822827,0.003946,1000,0.095773,0.032821
cDG,18,23,LKEIQE,5,758.4169,6.828256,0.005933,10000,0.098226,0.03707
apo,18,24,LKEIQEE,6,887.4595,6.82627,0.021892,0,0,0
apo,18,24,LKEIQEE,6,887.4595,6.832762,0.002598,10,0.049552,0.014585
apo,18,24,LKEIQEE,6,887.4595,6.852535,0.010024,30,0.072137,0.015651
apo,18,24,LKEIQEE,6,887.4595,6.857683,0.003512,95,0.097578,0.012916
apo,18,24,LKEIQEE,6,887.4595,6.856032,0.002384,1000,0.361065,0.018932
apo,18,24,LKEIQEE,6,887.4595,6.855298,0.003216,10000,0.677536,0.027292
cDG,18,24,LKEIQEE,6,887.4595,6.807049,0.007712,0,0,0
cDG,18,24,LKEIQEE,6,887.4595,6.83934,0.013778,10,0.038497,0.009773
cDG,18,24,LKEIQEE,6,887.4595,6.857661,0.011596,30,0.038017,0.011363
cDG,18,24,LKEIQEE,6,887.4595,6.856702,0.015777,95,0.04903,0.00943
cDG,18,24,LKEIQEE,6,887.4595,6.853453,0.003545,1000,0.046075,0.009999
cDG,18,24,LKEIQEE,6,887.4595,6.859492,0.006238,10000,0.101256,0.011072
apo,18,30,LKEIQEEATRQDR,12,1614.832,6.418266,0.015215,0,0,0
apo,18,30,LKEIQEEATRQDR,12,1614.832,6.426902,0.003186,10,0.057514,0.020734
apo,18,30,LKEIQEEATRQDR,12,1614.832,6.441973,0.00815,30,-0.00005,0.028877
apo,18,30,LKEIQEEATRQDR,12,1614.832,6.452441,0.002542,95,0.022214,0.010774
apo,18,30,LKEIQEEATRQDR,12,1614.832,6.447059,0.001474,1000,0.364981,0.020819
apo,18,30,LKEIQEEATRQDR,12,1614.832,6.442594,0.003458,10000,1.566561,0.036009
cDG,18,30,LKEIQEEATRQDR,12,1614.832,6.402366,0.009911,0,0,0
cDG,18,30,LKEIQEEATRQDR,12,1614.832,6.430868,0.015238,10,0.020043,0.025208
cDG,18,30,LKEIQEEATRQDR,12,1614.832,6.448916,0.013885,30,-0.031893,0.020519
cDG,18,30,LKEIQEEATRQDR,12,1614.832,6.453354,0.013775,95,-0.032144,0.018366
cDG,18,30,LKEIQEEATRQDR,12,1614.832,6.446117,0.00358,1000,0.043998,0.017535
cDG,18,30,LKEIQEEATRQDR,12,1614.832,6.449871,0.005302,10000,0.37194,0.035725
apo,18,33,LKEIQEEATRQDRSLS,15,1901.9801,6.979073,0.01554,0,0,0
apo,18,33,LKEIQEEATRQDRSLS,15,1901.9801,6.98761,0.003464,10,1.814485,0.037531
apo,18,33,LKEIQEEATRQDRSLS,15,1901.9801,7.010695,0.010272,30,2.062175,0.033344
apo,18,33,LKEIQEEATRQDRSLS,15,1901.9801,7.012822,0.003338,95,2.16544,0.039082
apo,18,33,LKEIQEEATRQDRSLS,15,1901.9801,7.011105,0.000452,1000,2.577281,0.045632
apo,18,33,LKEIQEEATRQDRSLS,15,1901.9801,7.007586,0.002594,10000,3.76039,0.033796
cDG,18,33,LKEIQEEATRQDRSLS,15,1901.9801,6.96195,0.010708,0,0,0
cDG,18,33,LKEIQEEATRQDRSLS,15,1901.9801,6.998834,0.0146,10,0.201071,0.030537
cDG,18,33,LKEIQEEATRQDRSLS,15,1901.9801,7.017764,0.009542,30,0.302215,0.018112
cDG,18,33,LKEIQEEATRQDRSLS,15,1901.9801,7.009933,0.012496,95,0.495599,0.030771
cDG,18,33,LKEIQEEATRQDRSLS,15,1901.9801,7.011217,0.003016,1000,1.378428,0.043437
cDG,18,33,LKEIQEEATRQDRSLS,15,1901.9801,7.014336,0.005284,10000,2.205898,0.075546
apo,18,34,LKEIQEEATRQDRSLSW,16,2088.0595,8.307421,0.014499,0,0,0
apo,18,34,LKEIQEEATRQDRSLSW,16,2088.0595,8.323832,0.002161,10,1.62705,0.041155
apo,18,34,LKEIQEEATRQDRSLSW,16,2088.0595,8.360585,0.013218,30,1.849696,0.016414
apo,18,34,LKEIQEEATRQDRSLSW,16,2088.0595,8.361195,0.003365,95,1.966461,0.024125
apo,18,34,LKEIQEEATRQDRSLSW,16,2088.0595,8.365849,0.002596,1000,2.786757,0.015695
apo,18,34,LKEIQEEATRQDRSLSW,16,2088.0595,8.357736,0.00411,10000,4.162286,0.088194
cDG,18,34,LKEIQEEATRQDRSLSW,16,2088.0595,8.289358,0.00428,0,0,0
cDG,18,34,LKEIQEEATRQDRSLSW,16,2088.0595,8.336498,0.024431,10,0.133336,0.015489
cDG,18,34,LKEIQEEATRQDRSLSW,16,2088.0595,8.367679,0.008656,30,0.164712,0.017206
cDG,18,34,LKEIQEEATRQDRSLSW,16,2088.0595,8.359112,0.007266,95,0.344517,0.026372
cDG,18,34,LKEIQEEATRQDRSLSW,16,2088.0595,8.363005,0.008605,1000,1.200802,0.033888
cDG,18,34,LKEIQEEATRQDRSLSW,16,2088.0595,8.362756,0.006963,10000,2.151293,0.074524
apo,19,23,KEIQE,4,645.3328,6.790826,0.017131,0,0,0
apo,19,23,KEIQE,4,645.3328,6.796543,0.002248,10,0.008509,0.016847
apo,19,23,KEIQE,4,645.3328,6.816453,0.011249,30,0.059217,0.019766
apo,19,23,KEIQE,4,645.3328,6.825018,0.00323,95,0.078917,0.010789
apo,19,23,KEIQE,4,645.3328,6.821523,0.003432,1000,0.314313,0.018559
apo,19,23,KEIQE,4,645.3328,6.821105,0.00255,10000,0.552443,0.014576
cDG,19,23,KEIQE,4,645.3328,6.771463,0.007134,0,0,0
cDG,19,23,KEIQE,4,645.3328,6.805185,0.014515,10,0.027531,0.01796
cDG,19,23,KEIQE,4,645.3328,6.822053,0.010169,30,0.048422,0.020854
cDG,19,23,KEIQE,4,645.3328,6.826258,0.014396,95,0.050322,0.017284
cDG,19,23,KEIQE,4,645.3328,6.818656,0.004493,1000,0.062183,0.023201
cDG,19,23,KEIQE,4,645.3328,6.823053,0.00468,10000,0.111038,0.020543
apo,19,33,KEIQEEATRQDRSLS,14,1788.8961,6.435729,0.016253,0,0,0
apo,19,33,KEIQEEATRQDRSLS,14,1788.8961,6.44241,0.002035,10,1.802025,0.03677
apo,19,33,KEIQEEATRQDRSLS,14,1788.8961,6.451382,0.006856,30,2.070324,0.044594
apo,19,33,KEIQEEATRQDRSLS,14,1788.8961,6.464599,0.001082,95,2.092995,0.04618
apo,19,33,KEIQEEATRQDRSLS,14,1788.8961,6.461847,0.003318,1000,2.328326,0.037345
apo,19,33,KEIQEEATRQDRSLS,14,1788.8961,6.458106,0.00257,10000,3.394109,0.046117
cDG,19,33,KEIQEEATRQDRSLS,14,1788.8961,6.422146,0.010158,0,0,0
cDG,19,33,KEIQEEATRQDRSLS,14,1788.8961,6.446464,0.015009,10,0.276682,0.059301
cDG,19,33,KEIQEEATRQDRSLS,14,1788.8961,6.463403,0.011174,30,0.399611,0.038093
cDG,19,33,KEIQEEATRQDRSLS,14,1788.8961,6.468016,0.01324,95,0.602191,0.04527
cDG,19,33,KEIQEEATRQDRSLS,14,1788.8961,6.459358,0.003114,1000,1.397149,0.063031
cDG,19,33,KEIQEEATRQDRSLS,14,1788.8961,6.46252,0.005035,10000,2.151652,0.050242
apo,19,34,KEIQEEATRQDRSLSW,15,1974.9754,8.095086,0.017411,0,0,0
apo,19,34,KEIQEEATRQDRSLSW,15,1974.9754,8.111591,0.00082,10,1.814351,0.056333
apo,19,34,KEIQEEATRQDRSLSW,15,1974.9754,8.152211,0.012016,30,2.072675,0.05668
apo,19,34,KEIQEEATRQDRSLSW,15,1974.9754,8.153224,0.005933,95,2.19274,0.045903
apo,19,34,KEIQEEATRQDRSLSW,15,1974.9754,8.16077,0.005669,1000,2.803487,0.043373
apo,19,34,KEIQEEATRQDRSLSW,15,1974.9754,8.153575,0.00404,10000,4.09284,0.078317
cDG,19,34,KEIQEEATRQDRSLSW,15,1974.9754,8.077967,0.006932,0,0,0
cDG,19,34,KEIQEEATRQDRSLSW,15,1974.9754,8.121965,0.024747,10,0.199979,0.028257
cDG,19,34,KEIQEEATRQDRSLSW,15,1974.9754,8.161596,0.013427,30,0.316531,0.026784
cDG,19,34,KEIQEEATRQDRSLSW,15,1974.9754,8.154662,0.012169,95,0.520005,0.057527
cDG,19,34,KEIQEEATRQDRSLSW,15,1974.9754,8.157833,0.008051,1000,1.370632,0.050302
cDG,19,34,KEIQEEATRQDRSLSW,15,1974.9754,8.160076,0.005152,10000,2.358164,0.083969
apo,21,33,IQEEATRQDRSLS,12,1531.7585,6.409354,0.016173,0,0,0
apo,21,33,IQEEATRQDRSLS,12,1531.7585,6.410697,0.002146,10,1.739375,0.044732
apo,21,33,IQEEATRQDRSLS,12,1531.7585,6.423524,0.005054,30,2.017413,0.037404
apo,21,33,IQEEATRQDRSLS,12,1531.7585,6.43533,0.002662,95,2.028836,0.032345
apo,21,33,IQEEATRQDRSLS,12,1531.7585,6.433367,0.001611,1000,2.292801,0.040565
apo,21,33,IQEEATRQDRSLS,12,1531.7585,6.431349,0.003265,10000,3.311389,0.042092
cDG,21,33,IQEEATRQDRSLS,12,1531.7585,6.393613,0.009802,0,0,0
cDG,21,33,IQEEATRQDRSLS,12,1531.7585,6.419825,0.013308,10,0.244339,0.035107
cDG,21,33,IQEEATRQDRSLS,12,1531.7585,6.433856,0.012083,30,0.359488,0.035899
cDG,21,33,IQEEATRQDRSLS,12,1531.7585,6.438596,0.015862,95,0.542016,0.037629
cDG,21,33,IQEEATRQDRSLS,12,1531.7585,6.429681,0.003912,1000,1.317411,0.042961
cDG,21,33,IQEEATRQDRSLS,12,1531.7585,6.433456,0.007245,10000,2.062056,0.091779
apo,24,33,EATRQDRSLS,9,1161.5733,5.276676,0.062436,0,0,0
apo,24,33,EATRQDRSLS,9,1161.5733,5.324471,0.146197,10,1.613184,0.087612
apo,24,33,EATRQDRSLS,9,1161.5733,5.477903,0.032642,30,1.860598,0.086529
apo,24,33,EATRQDRSLS,9,1161.5733,5.465054,0.23191,95,1.843869,0.095453
apo,24,33,EATRQDRSLS,9,1161.5733,5.550347,0.133561,1000,2.039562,0.083847
apo,24,33,EATRQDRSLS,9,1161.5733,5.433962,0.197671,10000,2.849067,0.085653
cDG,24,33,EATRQDRSLS,9,1161.5733,5.193808,0.09542,0,0,0
cDG,24,33,EATRQDRSLS,9,1161.5733,5.45448,0.091164,10,0.287854,0.078258
cDG,24,33,EATRQDRSLS,9,1161.5733,5.478196,0.143261,30,0.407691,0.081799
cDG,24,33,EATRQDRSLS,9,1161.5733,5.222188,0.192758,95,0.45956,0.06014
cDG,24,33,EATRQDRSLS,9,1161.5733,5.247394,0.112065,1000,1.202351,0.072488
cDG,24,33,EATRQDRSLS,9,1161.5733,5.474559,0.165376,10000,1.881534,0.0768
apo,29,34,DRSLSW,5,762.3655,9.000618,0.010499,0,0,0
apo,29,34,DRSLSW,5,762.3655,9.022556,0.001561,10,1.769789,0.038922
apo,29,34,DRSLSW,5,762.3655,9.043221,0.011935,30,2.009724,0.015887
apo,29,34,DRSLSW,5,762.3655,9.04467,0.003745,95,2.051329,0.026174
apo,29,34,DRSLSW,5,762.3655,9.056253,0.00167,1000,2.463232,0.038195
apo,29,34,DRSLSW,5,762.3655,9.044276,0.006539,10000,2.694582,0.070495
cDG,29,34,DRSLSW,5,762.3655,8.984675,0.004601,0,0,0
cDG,29,34,DRSLSW,5,762.3655,9.030023,0.019543,10,0.207703,0.034358
cDG,29,34,DRSLSW,5,762.3655,9.04813,0.009852,30,0.290414,0.025583
cDG,29,34,DRSLSW,5,762.3655,9.042431,0.007336,95,0.481478,0.02306
cDG,29,34,DRSLSW,5,762.3655,9.049346,0.007526,1000,1.265125,0.050539
cDG,29,34,DRSLSW,5,762.3655,9.049209,0.004901,10000,1.823142,0.032913
apo,31,34,SLSW,3,491.2375,9.74012,0.005321,0,0,0
apo,31,34,SLSW,3,491.2375,9.769906,0.002177,10,0.55002,0.03425
apo,31,34,SLSW,3,491.2375,9.781464,0.016187,30,0.559641,0.029209
apo,31,34,SLSW,3,491.2375,9.784771,0.001933,95,0.590444,0.03519
apo,31,34,SLSW,3,491.2375,9.797446,0.003281,1000,0.979239,0.030511
apo,31,34,SLSW,3,491.2375,9.785543,0.003206,10000,1.222856,0.030218
cDG,31,34,SLSW,3,491.2375,9.73901,0.004076,0,0,0
cDG,31,34,SLSW,3,491.2375,9.774139,0.014596,10,-0.027887,0.049017
cDG,31,34,SLSW,3,491.2375,9.786639,0.007908,30,-0.057066,0.033212
cDG,31,34,SLSW,3,491.2375,9.78366,0.007118,95,-0.004458,0.036913
cDG,31,34,SLSW,3,491.2375,9.788783,0.008098,1000,0.28169,0.031457
cDG,31,34,SLSW,3,491.2375,9.792255,0.006418,10000,0.56974,0.034404
apo,31,46,SLSWVVQQAWKIARER,15,1956.0688,10.107246,0.010758,0,0,0
apo,31,46,SLSWVVQQAWKIARER,15,1956.0688,10.139319,0.003203,10,1.347669,0.028169
apo,31,46,SLSWVVQQAWKIARER,15,1956.0688,10.154886,0.010972,30,1.520012,0.025439
apo,31,46,SLSWVVQQAWKIARER,15,1956.0688,10.165952,0.002499,95,1.629042,0.043918
apo,31,46,SLSWVVQQAWKIARER,15,1956.0688,10.181139,0.003494,1000,1.997683,0.034003
apo,31,46,SLSWVVQQAWKIARER,15,1956.0688,10.176843,0.003963,10000,2.213914,0.035611
cDG,31,46,SLSWVVQQAWKIARER,15,1956.0688,10.109958,0.000585,0,0,0
cDG,31,46,SLSWVVQQAWKIARER,15,1956.0688,10.144371,0.019351,10,0.914849,0.037752
cDG,31,46,SLSWVVQQAWKIARER,15,1956.0688,10.169341,0.005711,30,1.015649,0.039885
cDG,31,46,SLSWVVQQAWKIARER,15,1956.0688,10.166865,0.002238,95,1.191227,0.034062
cDG,31,46,SLSWVVQQAWKIARER,15,1956.0688,10.175062,0.006806,1000,1.368147,0.038348
cDG,31,46,SLSWVVQQAWKIARER,15,1956.0688,10.181707,0.005774,10000,1.692735,0.050828
apo,34,37,WVVQ,3,530.2848,8.656253,0.014682,0,0,0
apo,34,37,WVVQ,3,530.2848,8.678259,0.001599,10,-0.022191,0.028674
apo,34,37,WVVQ,3,530.2848,8.689312,0.009968,30,-0.026575,0.009875
apo,34,37,WVVQ,3,530.2848,8.693686,0.001824,95,-0.018239,0.007403
apo,34,37,WVVQ,3,530.2848,8.698579,0.001286,1000,-0.039979,0.008001
apo,34,37,WVVQ,3,530.2848,8.689927,0.004096,10000,-0.011674,0.012624
cDG,34,37,WVVQ,3,530.2848,8.641431,0.002721,0,0,0
cDG,34,37,WVVQ,3,530.2848,8.67558,0.018249,10,-0.045705,0.013211
cDG,34,37,WVVQ,3,530.2848,8.695936,0.007923,30,-0.056419,0.013159
cDG,34,37,WVVQ,3,530.2848,8.689932,0.007912,95,-0.059577,0.011908
cDG,34,37,WVVQ,3,530.2848,8.69261,0.005052,1000,-0.07073,0.013554
cDG,34,37,WVVQ,3,530.2848,8.694594,0.005018,10000,-0.083397,0.013116
apo,34,39,WVVQQA,5,729.3805,8.457828,0.011599,0,0,0
apo,34,39,WVVQQA,5,729.3805,8.472583,0.001484,10,-0.04605,0.007959
apo,34,39,WVVQQA,5,729.3805,8.481853,0.011136,30,-0.046307,0.020016
apo,34,39,WVVQQA,5,729.3805,8.480132,0.002449,95,-0.082749,0.006687
apo,34,39,WVVQQA,5,729.3805,8.489943,0.004,1000,-0.055935,0.01148
apo,34,39,WVVQQA,5,729.3805,8.479336,0.003947,10000,-0.063307,0.021794
cDG,34,39,WVVQQA,5,729.3805,8.44581,0.00427,0,0,0
cDG,34,39,WVVQQA,5,729.3805,8.478521,0.013863,10,-0.0295,0.014867
cDG,34,39,WVVQQA,5,729.3805,8.485647,0.010955,30,-0.030811,0.018708
cDG,34,39,WVVQQA,5,729.3805,8.480842,0.008411,95,-0.043313,0.025495
cDG,34,39,WVVQQA,5,729.3805,8.481253,0.004349,1000,-0.017713,0.016006
cDG,34,39,WVVQQA,5,729.3805,8.485915,0.002713,10000,-0.056743,0.019274
apo,34,41,WVVQQAWK,7,1043.5547,9.009449,0.011452,0,0,0
apo,34,41,WVVQQAWK,7,1043.5547,9.03815,0.002463,10,-0.036539,0.015773
apo,34,41,WVVQQAWK,7,1043.5547,9.060344,0.010725,30,-0.149216,0.025386
apo,34,41,WVVQQAWK,7,1043.5547,9.061037,0.003145,95,-0.162044,0.021547
apo,34,41,WVVQQAWK,7,1043.5547,9.073267,0.000834,1000,-0.151627,0.037947
apo,34,41,WVVQQAWK,7,1043.5547,9.063681,0.004658,10000,-0.182067,0.024873
cDG,34,41,WVVQQAWK,7,1043.5547,8.997607,0.003119,0,0,0
cDG,34,41,WVVQQAWK,7,1043.5547,9.042012,0.018515,10,-0.068864,0.061093
cDG,34,41,WVVQQAWK,7,1043.5547,9.065159,0.011069,30,-0.153984,0.029822
cDG,34,41,WVVQQAWK,7,1043.5547,9.059503,0.006379,95,-0.155039,0.032256
cDG,34,41,WVVQQAWK,7,1043.5547,9.066,0.007603,1000,-0.151113,0.030749
cDG,34,41,WVVQQAWK,7,1043.5547,9.064811,0.00517,10000,-0.162339,0.036873
apo,34,45,WVVQQAWKIARE,11,1512.8196,9.126892,0.00628,0,0,0
apo,34,45,WVVQQAWKIARE,11,1512.8196,9.153955,0.001116,10,0.490901,0.018247
apo,34,45,WVVQQAWKIARE,11,1512.8196,9.171866,0.010111,30,0.487852,0.014584
apo,34,45,WVVQQAWKIARE,11,1512.8196,9.17208,0.002362,95,0.476167,0.013366
apo,34,45,WVVQQAWKIARE,11,1512.8196,9.187673,0.003,1000,0.450215,0.013796
apo,34,45,WVVQQAWKIARE,11,1512.8196,9.179189,0.003136,10000,0.486622,0.024615
cDG,34,45,WVVQQAWKIARE,11,1512.8196,9.120468,0.003283,0,0,0
cDG,34,45,WVVQQAWKIARE,11,1512.8196,9.15845,0.019089,10,0.523982,0.029093
cDG,34,45,WVVQQAWKIARE,11,1512.8196,9.177637,0.009314,30,0.515178,0.016001
cDG,34,45,WVVQQAWKIARE,11,1512.8196,9.171749,0.007655,95,0.511704,0.019502
cDG,34,45,WVVQQAWKIARE,11,1512.8196,9.178297,0.009592,1000,0.507316,0.018997
cDG,34,45,WVVQQAWKIARE,11,1512.8196,9.183938,0.004024,10000,0.522582,0.018235
apo,34,50,WVVQQAWKIARERIKSF,16,2144.2002,9.754274,0.006831,0,0,0
apo,34,50,WVVQQAWKIARERIKSF,16,2144.2002,9.798171,0.005085,10,2.102464,0.049887
apo,34,50,WVVQQAWKIARERIKSF,16,2144.2002,9.810225,0.0123,30,2.810331,0.034548
apo,34,50,WVVQQAWKIARERIKSF,16,2144.2002,9.815059,0.002118,95,3.447676,0.03412
apo,34,50,WVVQQAWKIARERIKSF,16,2144.2002,9.833297,0.003982,1000,4.050445,0.053319
apo,34,50,WVVQQAWKIARERIKSF,16,2144.2002,9.838711,0.004227,10000,4.085358,0.053805
cDG,34,50,WVVQQAWKIARERIKSF,16,2144.2002,9.764573,0.006635,0,0,0
cDG,34,50,WVVQQAWKIARERIKSF,16,2144.2002,9.79753,0.020332,10,1.945517,0.098665
cDG,34,50,WVVQQAWKIARERIKSF,16,2144.2002,9.82163,0.010653,30,2.573238,0.048723
cDG,34,50,WVVQQAWKIARERIKSF,16,2144.2002,9.816952,0.003156,95,3.238128,0.013762
cDG,34,50,WVVQQAWKIARERIKSF,16,2144.2002,9.826083,0.008466,1000,3.957231,0.055448
cDG,34,50,WVVQQAWKIARERIKSF,16,2144.2002,9.838744,0.005565,10000,4.153344,0.058139
apo,34,54,WVVQQAWKIARERIKSFPAVN,19,2525.4014,9.615957,0.002024,0,0,0
apo,34,54,WVVQQAWKIARERIKSFPAVN,19,2525.4014,9.647624,0.005107,10,3.95369,0.051835
apo,34,54,WVVQQAWKIARERIKSFPAVN,19,2525.4014,9.652723,0.01045,30,4.704237,0.056178
apo,34,54,WVVQQAWKIARERIKSFPAVN,19,2525.4014,9.658406,0.001919,95,5.298031,0.083633
apo,34,54,WVVQQAWKIARERIKSFPAVN,19,2525.4014,9.682813,0.004212,1000,5.85862,0.066214
apo,34,54,WVVQQAWKIARERIKSFPAVN,19,2525.4014,9.690759,0.000926,10000,5.881702,0.05009
cDG,34,54,WVVQQAWKIARERIKSFPAVN,19,2525.4014,9.615666,0.007993,0,0,0
cDG,34,54,WVVQQAWKIARERIKSFPAVN,19,2525.4014,9.651491,0.01706,10,3.654713,0.170822
cDG,34,54,WVVQQAWKIARERIKSFPAVN,19,2525.4014,9.669987,0.004576,30,4.385967,0.02023
cDG,34,54,WVVQQAWKIARERIKSFPAVN,19,2525.4014,9.658798,0.003192,95,5.077254,0.018723
cDG,34,54,WVVQQAWKIARERIKSFPAVN,19,2525.4014,9.677892,0.008205,1000,5.721366,0.080216
cDG,34,54,WVVQQAWKIARERIKSFPAVN,19,2525.4014,9.69165,0.006746,10000,5.992543,0.021327
apo,35,41,VVQQAWK,6,857.4754,7.319586,0.017191,0,0,0
apo,35,41,VVQQAWK,6,857.4754,7.346301,0.008734,10,-0.044955,0.034231
apo,35,41,VVQQAWK,6,857.4754,7.373876,0.00951,30,-0.118457,0.019086
apo,35,41,VVQQAWK,6,857.4754,7.38158,0.00565,95,-0.103718,0.018994
apo,35,41,VVQQAWK,6,857.4754,7.375887,0.002292,1000,-0.105873,0.020719
apo,35,41,VVQQAWK,6,857.4754,7.37294,0.004642,10000,-0.153381,0.092561
cDG,35,41,VVQQAWK,6,857.4754,7.299779,0.006888,0,0,0
cDG,35,41,VVQQAWK,6,857.4754,7.347981,0.022184,10,-0.036028,0.038235
cDG,35,41,VVQQAWK,6,857.4754,7.381572,0.006815,30,-0.091281,0.023752
cDG,35,41,VVQQAWK,6,857.4754,7.372657,0.015296,95,-0.093374,0.027391
cDG,35,41,VVQQAWK,6,857.4754,7.373475,0.005711,1000,-0.057597,0.024615
cDG,35,41,VVQQAWK,6,857.4754,7.378619,0.006875,10000,-0.093981,0.029133
apo,35,46,VVQQAWKIARER,11,1482.8414,7.388712,0.011909,0,0,0
apo,35,46,VVQQAWKIARER,11,1482.8414,7.407408,0.001674,10,0.8942,0.032381
apo,35,46,VVQQAWKIARER,11,1482.8414,7.429231,0.009551,30,1.020059,0.024175
apo,35,46,VVQQAWKIARER,11,1482.8414,7.431981,0.002714,95,1.095189,0.03024
apo,35,46,VVQQAWKIARER,11,1482.8414,7.43112,0.000232,1000,1.145423,0.026906
apo,35,46,VVQQAWKIARER,11,1482.8414,7.429827,0.003712,10000,1.159194,0.023465
cDG,35,46,VVQQAWKIARER,11,1482.8414,7.370593,0.005126,0,0,0
cDG,35,46,VVQQAWKIARER,11,1482.8414,7.417717,0.017607,10,0.911138,0.031727
cDG,35,46,VVQQAWKIARER,11,1482.8414,7.435785,0.010124,30,1.036195,0.014763
cDG,35,46,VVQQAWKIARER,11,1482.8414,7.430805,0.010314,95,1.15825,0.017065
cDG,35,46,VVQQAWKIARER,11,1482.8414,7.429744,0.004069,1000,1.152834,0.032427
cDG,35,46,VVQQAWKIARER,11,1482.8414,7.43499,0.006149,10000,1.212635,0.023659
apo,35,48,VVQQAWKIARERIK,13,1724.0204,7.630314,0.011742,0,0,0
apo,35,48,VVQQAWKIARERIK,13,1724.0204,7.643352,0.00319,10,1.204534,0.032043
apo,35,48,VVQQAWKIARERIK,13,1724.0204,7.666239,0.00954,30,1.571447,0.042296
apo,35,48,VVQQAWKIARERIK,13,1724.0204,7.671301,0.003695,95,1.96154,0.047049
apo,35,48,VVQQAWKIARERIK,13,1724.0204,7.671677,0.001983,1000,2.536063,0.03328
apo,35,48,VVQQAWKIARERIK,13,1724.0204,7.672384,0.004793,10000,2.515372,0.044959
cDG,35,48,VVQQAWKIARERIK,13,1724.0204,7.612656,0.006742,0,0,0
cDG,35,48,VVQQAWKIARERIK,13,1724.0204,7.651909,0.017041,10,1.126695,0.054098
cDG,35,48,VVQQAWKIARERIK,13,1724.0204,7.67271,0.009973,30,1.448439,0.020525
cDG,35,48,VVQQAWKIARERIK,13,1724.0204,7.669518,0.011058,95,1.881059,0.012189
cDG,35,48,VVQQAWKIARERIK,13,1724.0204,7.669258,0.006872,1000,2.384528,0.039464
cDG,35,48,VVQQAWKIARERIK,13,1724.0204,7.675758,0.004518,10000,2.582125,0.039473
apo,35,50,VVQQAWKIARERIKSF,15,1958.1209,8.583384,0.01115,0,0,0
apo,35,50,VVQQAWKIARERIKSF,15,1958.1209,8.586387,0.00093,10,2.042287,0.026008
apo,35,50,VVQQAWKIARERIKSF,15,1958.1209,8.605839,0.013371,30,2.71442,0.029839
apo,35,50,VVQQAWKIARERIKSF,15,1958.1209,8.604888,0.003254,95,3.277569,0.032659
apo,35,50,VVQQAWKIARERIKSF,15,1958.1209,8.610986,0.002207,1000,3.920486,0.053861
apo,35,50,VVQQAWKIARERIKSF,15,1958.1209,8.606762,0.005518,10000,3.872638,0.023119
cDG,35,50,VVQQAWKIARERIKSF,15,1958.1209,8.562967,0.006313,0,0,0
cDG,35,50,VVQQAWKIARERIKSF,15,1958.1209,8.591289,0.017754,10,1.979199,0.080145
cDG,35,50,VVQQAWKIARERIKSF,15,1958.1209,8.613813,0.010159,30,2.515912,0.041606
cDG,35,50,VVQQAWKIARERIKSF,15,1958.1209,8.607895,0.007645,95,3.080717,0.025286
cDG,35,50,VVQQAWKIARERIKSF,15,1958.1209,8.603631,0.008052,1000,3.794427,0.095317
cDG,35,50,VVQQAWKIARERIKSF,15,1958.1209,8.60557,0.005399,10000,4.048377,0.03454
apo,35,54,VVQQAWKIARERIKSFPAVN,18,2339.3221,8.516074,0.014506,0,0,0
apo,35,54,VVQQAWKIARERIKSFPAVN,18,2339.3221,8.53715,0.005179,10,4.124077,0.07322
apo,35,54,VVQQAWKIARERIKSFPAVN,18,2339.3221,8.55879,0.011189,30,4.84161,0.021359
apo,35,54,VVQQAWKIARERIKSFPAVN,18,2339.3221,8.555672,0.002988,95,5.504027,0.062138
apo,35,54,VVQQAWKIARERIKSFPAVN,18,2339.3221,8.556228,0.002524,1000,6.089695,0.049071
apo,35,54,VVQQAWKIARERIKSFPAVN,18,2339.3221,8.553453,0.00285,10000,6.097104,0.080954
cDG,35,54,VVQQAWKIARERIKSFPAVN,18,2339.3221,8.506107,0.004464,0,0,0
cDG,35,54,VVQQAWKIARERIKSFPAVN,18,2339.3221,8.5489,0.017568,10,3.853973,0.188762
cDG,35,54,VVQQAWKIARERIKSFPAVN,18,2339.3221,8.557908,0.011364,30,4.624117,0.020057
cDG,35,54,VVQQAWKIARERIKSFPAVN,18,2339.3221,8.55429,0.010805,95,5.323516,0.072281
cDG,35,54,VVQQAWKIARERIKSFPAVN,18,2339.3221,8.554158,0.00811,1000,5.964631,0.101674
cDG,35,54,VVQQAWKIARERIKSFPAVN,18,2339.3221,8.55478,0.003296,10000,6.223649,0.025126
apo,36,45,VQQAWKIARE,9,1227.6719,7.838973,0.013379,0,0,0
apo,36,45,VQQAWKIARE,9,1227.6719,7.86001,0.00384,10,0.60405,0.032056
apo,36,45,VQQAWKIARE,9,1227.6719,7.886473,0.008945,30,0.63932,0.036584
apo,36,45,VQQAWKIARE,9,1227.6719,7.883631,0.003638,95,0.578972,0.021669
apo,36,45,VQQAWKIARE,9,1227.6719,7.887431,0.00192,1000,0.591069,0.023173
apo,36,45,VQQAWKIARE,9,1227.6719,7.887146,0.001114,10000,0.639983,0.032867
cDG,36,45,VQQAWKIARE,9,1227.6719,7.818715,0.005865,0,0,0
cDG,36,45,VQQAWKIARE,9,1227.6719,7.870829,0.019218,10,0.634597,0.03121
cDG,36,45,VQQAWKIARE,9,1227.6719,7.892724,0.012389,30,0.653633,0.031298
cDG,36,45,VQQAWKIARE,9,1227.6719,7.885193,0.009643,95,0.606462,0.031142
cDG,36,45,VQQAWKIARE,9,1227.6719,7.885488,0.005204,1000,0.620037,0.039964
cDG,36,45,VQQAWKIARE,9,1227.6719,7.887673,0.00435,10000,0.679701,0.0298
apo,37,45,QQAWKIARE,8,1128.6035,7.838284,0.013554,0,0,0
apo,37,45,QQAWKIARE,8,1128.6035,7.854761,0.002128,10,0.567231,0.035
apo,37,45,QQAWKIARE,8,1128.6035,7.880824,0.010343,30,0.617105,0.036098
apo,37,45,QQAWKIARE,8,1128.6035,7.881034,0.003811,95,0.563298,0.042334
apo,37,45,QQAWKIARE,8,1128.6035,7.886652,0.003519,1000,0.560829,0.047236
apo,37,45,QQAWKIARE,8,1128.6035,7.881489,0.002409,10000,0.640881,0.039613
cDG,37,45,QQAWKIARE,8,1128.6035,7.817558,0.006416,0,0,0
cDG,37,45,QQAWKIARE,8,1128.6035,7.864087,0.020038,10,0.536804,0.072755
cDG,37,45,QQAWKIARE,8,1128.6035,7.888587,0.012456,30,0.583561,0.037538
cDG,37,45,QQAWKIARE,8,1128.6035,7.879361,0.01064,95,0.576383,0.041996
cDG,37,45,QQAWKIARE,8,1128.6035,7.881673,0.005234,1000,0.58177,0.040332
cDG,37,45,QQAWKIARE,8,1128.6035,7.884577,0.004478,10000,0.627737,0.040052
apo,37,46,QQAWKIARER,9,1284.7046,7.384683,0.013452,0,0,0
apo,37,46,QQAWKIARER,9,1284.7046,7.401397,0.002513,10,0.907767,0.010796
apo,37,46,QQAWKIARER,9,1284.7046,7.425643,0.009539,30,1.068065,0.028013
apo,37,46,QQAWKIARER,9,1284.7046,7.430064,0.004556,95,1.125205,0.022217
apo,37,46,QQAWKIARER,9,1284.7046,7.428396,0.001895,1000,1.168346,0.016772
apo,37,46,QQAWKIARER,9,1284.7046,7.427361,0.003369,10000,1.194865,0.004953
cDG,37,46,QQAWKIARER,9,1284.7046,7.368815,0.004789,0,0,0
cDG,37,46,QQAWKIARER,9,1284.7046,7.410031,0.01608,10,0.883712,0.025714
cDG,37,46,QQAWKIARER,9,1284.7046,7.432656,0.009378,30,1.014532,0.019357
cDG,37,46,QQAWKIARER,9,1284.7046,7.42795,0.010966,95,1.135897,0.027405
cDG,37,46,QQAWKIARER,9,1284.7046,7.427235,0.003936,1000,1.162787,0.03177
cDG,37,46,QQAWKIARER,9,1284.7046,7.433354,0.005577,10000,1.205691,0.03326
apo,40,45,WKIARE,5,801.4492,7.340808,0.013672,0,0,0
apo,40,45,WKIARE,5,801.4492,7.366075,0.001303,10,0.56465,0.017385
apo,40,45,WKIARE,5,801.4492,7.396182,0.009333,30,0.630771,0.015925
apo,40,45,WKIARE,5,801.4492,7.399481,0.001933,95,0.601274,0.015773
apo,40,45,WKIARE,5,801.4492,7.40117,0.00151,1000,0.592553,0.019428
apo,40,45,WKIARE,5,801.4492,7.39757,0.001322,10000,0.653951,0.021512
cDG,40,45,WKIARE,5,801.4492,7.323261,0.008989,0,0,0
cDG,40,45,WKIARE,5,801.4492,7.383152,0.018853,10,0.582286,0.034579
cDG,40,45,WKIARE,5,801.4492,7.400039,0.008068,30,0.591888,0.022908
cDG,40,45,WKIARE,5,801.4492,7.395531,0.012234,95,0.556541,0.023938
cDG,40,45,WKIARE,5,801.4492,7.396155,0.004896,1000,0.587752,0.02607
cDG,40,45,WKIARE,5,801.4492,7.39931,0.005331,10000,0.601775,0.027966
apo,40,54,WKIARERIKSFPAVN,13,1814.031,7.895284,0.015944,0,0,0
apo,40,54,WKIARERIKSFPAVN,13,1814.031,7.905612,0.001181,10,3.671478,0.056095
apo,40,54,WKIARERIKSFPAVN,13,1814.031,7.9261,0.010771,30,4.320511,0.042849
apo,40,54,WKIARERIKSFPAVN,13,1814.031,7.927088,0.004047,95,4.779736,0.078739
apo,40,54,WKIARERIKSFPAVN,13,1814.031,7.930838,0.000476,1000,5.341682,0.09779
apo,40,54,WKIARERIKSFPAVN,13,1814.031,7.929365,0.003884,10000,5.36995,0.065009
cDG,40,54,WKIARERIKSFPAVN,13,1814.031,7.873466,0.007519,0,0,0
cDG,40,54,WKIARERIKSFPAVN,13,1814.031,7.914911,0.019501,10,3.447002,0.172371
cDG,40,54,WKIARERIKSFPAVN,13,1814.031,7.934071,0.009489,30,4.035171,0.027451
cDG,40,54,WKIARERIKSFPAVN,13,1814.031,7.926706,0.009443,95,4.587366,0.045917
cDG,40,54,WKIARERIKSFPAVN,13,1814.031,7.929384,0.004574,1000,5.191873,0.077247
cDG,40,54,WKIARERIKSFPAVN,13,1814.031,7.933305,0.005604,10000,5.456964,0.047686
apo,46,54,RIKSFPAVN,7,1030.5918,7.377217,0.00797,0,0,0
apo,46,54,RIKSFPAVN,7,1030.5918,7.395947,0.00286,10,2.190609,0.08791
apo,46,54,RIKSFPAVN,7,1030.5918,7.420458,0.008477,30,2.634393,0.062491
apo,46,54,RIKSFPAVN,7,1030.5918,7.424119,0.001697,95,2.682901,0.076575
apo,46,54,RIKSFPAVN,7,1030.5918,7.424203,0.00031,1000,2.773239,0.092253
apo,46,54,RIKSFPAVN,7,1030.5918,7.421062,0.002328,10000,2.741258,0.060978
cDG,46,54,RIKSFPAVN,7,1030.5918,7.363337,0.003894,0,0,0
cDG,46,54,RIKSFPAVN,7,1030.5918,7.407481,0.018419,10,2.101038,0.11084
cDG,46,54,RIKSFPAVN,7,1030.5918,7.427322,0.008587,30,2.41,0.032215
cDG,46,54,RIKSFPAVN,7,1030.5918,7.421466,0.008944,95,2.613604,0.040701
cDG,46,54,RIKSFPAVN,7,1030.5918,7.419006,0.004075,1000,2.793697,0.072445
cDG,46,54,RIKSFPAVN,7,1030.5918,7.422863,0.005824,10000,2.835707,0.064002
apo,46,55,RIKSFPAVND,8,1145.6188,7.470562,0.017927,0,0,0
apo,46,55,RIKSFPAVND,8,1145.6188,7.477024,0.001325,10,3.045147,0.088092
apo,46,55,RIKSFPAVND,8,1145.6188,7.506456,0.009134,30,3.641405,0.155943
apo,46,55,RIKSFPAVND,8,1145.6188,7.510385,0.004564,95,3.675581,0.206033
apo,46,55,RIKSFPAVND,8,1145.6188,7.507371,0.000818,1000,3.809963,0.086362
apo,46,55,RIKSFPAVND,8,1145.6188,7.509439,0.004263,10000,3.725695,0.132107
cDG,46,55,RIKSFPAVND,8,1145.6188,7.452704,0.009436,0,0,0
cDG,46,55,RIKSFPAVND,8,1145.6188,7.489922,0.02049,10,2.98948,0.20343
cDG,46,55,RIKSFPAVND,8,1145.6188,7.514238,0.011961,30,3.483771,0.016945
cDG,46,55,RIKSFPAVND,8,1145.6188,7.507463,0.011706,95,3.651526,0.048278
cDG,46,55,RIKSFPAVND,8,1145.6188,7.507014,0.004549,1000,3.803846,0.065041
cDG,46,55,RIKSFPAVND,8,1145.6188,7.510698,0.005475,10000,3.865188,0.053218
apo,46,60,RIKSFPAVNDVTGDE,13,1646.8259,8.143153,0.014802,0,0,0
apo,46,60,RIKSFPAVNDVTGDE,13,1646.8259,8.143066,0.002262,10,5.619623,0.061622
apo,46,60,RIKSFPAVNDVTGDE,13,1646.8259,8.162148,0.0116,30,6.101309,0.047275
apo,46,60,RIKSFPAVNDVTGDE,13,1646.8259,8.167794,0.002901,95,6.134435,0.073266
apo,46,60,RIKSFPAVNDVTGDE,13,1646.8259,8.171858,0.001271,1000,6.197894,0.047273
apo,46,60,RIKSFPAVNDVTGDE,13,1646.8259,8.167876,0.002919,10000,6.156772,0.092301
cDG,46,60,RIKSFPAVNDVTGDE,13,1646.8259,8.128402,0.002367,0,0,0
cDG,46,60,RIKSFPAVNDVTGDE,13,1646.8259,8.150557,0.015053,10,5.333878,0.231177
cDG,46,60,RIKSFPAVNDVTGDE,13,1646.8259,8.16925,0.011576,30,5.790316,0.027337
cDG,46,60,RIKSFPAVNDVTGDE,13,1646.8259,8.160946,0.007428,95,6.067762,0.086007
cDG,46,60,RIKSFPAVNDVTGDE,13,1646.8259,8.163886,0.004216,1000,6.167472,0.102066
cDG,46,60,RIKSFPAVNDVTGDE,13,1646.8259,8.171349,0.004559,10000,6.174012,0.115811
apo,46,66,RIKSFPAVNDVTGDERQDPRE,18,2428.209,7.550762,0.017425,0,0,0
apo,46,66,RIKSFPAVNDVTGDERQDPRE,18,2428.209,7.545863,0.001854,10,7.511595,0.245427
apo,46,66,RIKSFPAVNDVTGDERQDPRE,18,2428.209,7.574871,0.009317,30,8.20786,0.146558
apo,46,66,RIKSFPAVNDVTGDERQDPRE,18,2428.209,7.576516,0.003048,95,7.988257,0.197097
apo,46,66,RIKSFPAVNDVTGDERQDPRE,18,2428.209,7.575758,0.001038,1000,8.087537,0.164578
apo,46,66,RIKSFPAVNDVTGDERQDPRE,18,2428.209,7.577494,0.003872,10000,7.949012,0.104427
cDG,46,66,RIKSFPAVNDVTGDERQDPRE,18,2428.209,7.542586,0.007812,0,0,0
cDG,46,66,RIKSFPAVNDVTGDERQDPRE,18,2428.209,7.55584,0.017445,10,7.478029,0.213935
cDG,46,66,RIKSFPAVNDVTGDERQDPRE,18,2428.209,7.575873,0.009085,30,7.883031,0.043326
cDG,46,66,RIKSFPAVNDVTGDERQDPRE,18,2428.209,7.572389,0.012653,95,7.956828,0.06714
cDG,46,66,RIKSFPAVNDVTGDERQDPRE,18,2428.209,7.573279,0.006177,1000,7.990879,0.164968
cDG,46,66,RIKSFPAVNDVTGDERQDPRE,18,2428.209,7.578779,0.004049,10000,8.137654,0.132014
apo,46,69,RIKSFPAVNDVTGDERQDPREEKL,21,2798.4306,7.755548,0.01307,0,0,0
apo,46,69,RIKSFPAVNDVTGDERQDPREEKL,21,2798.4306,7.758647,0.000574,10,9.839939,0.071935
apo,46,69,RIKSFPAVNDVTGDERQDPREEKL,21,2798.4306,7.779513,0.010071,30,10.363063,0.021677
apo,46,69,RIKSFPAVNDVTGDERQDPREEKL,21,2798.4306,7.784589,0.00289,95,10.372907,0.118234
apo,46,69,RIKSFPAVNDVTGDERQDPREEKL,21,2798.4306,7.785184,0.000761,1000,10.211137,0.21942
apo,46,69,RIKSFPAVNDVTGDERQDPREEKL,21,2798.4306,7.785656,0.003138,10000,10.162125,0.21758
cDG,46,69,RIKSFPAVNDVTGDERQDPREEKL,21,2798.4306,7.742544,0.007267,0,0,0
cDG,46,69,RIKSFPAVNDVTGDERQDPREEKL,21,2798.4306,7.765353,0.017186,10,9.539927,0.254393
cDG,46,69,RIKSFPAVNDVTGDERQDPREEKL,21,2798.4306,7.787385,0.008841,30,10.20033,0.033881
cDG,46,69,RIKSFPAVNDVTGDERQDPREEKL,21,2798.4306,7.783648,0.011984,95,10.25604,0.0594
cDG,46,69,RIKSFPAVNDVTGDERQDPREEKL,21,2798.4306,7.784057,0.004832,1000,10.258922,0.138314
cDG,46,69,RIKSFPAVNDVTGDERQDPREEKL,21,2798.4306,7.788746,0.003509,10000,10.257999,0.24281
apo,46,70,RIKSFPAVNDVTGDERQDPREEKLA,22,2869.4677,7.650449,0.012189,0,0,0
apo,46,70,RIKSFPAVNDVTGDERQDPREEKLA,22,2869.4677,7.655042,0.001388,10,10.196496,0.05545
apo,46,70,RIKSFPAVNDVTGDERQDPREEKLA,22,2869.4677,7.677319,0.011919,30,10.904875,0.046395
apo,46,70,RIKSFPAVNDVTGDERQDPREEKLA,22,2869.4677,7.681308,0.002285,95,10.94239,0.058063
apo,46,70,RIKSFPAVNDVTGDERQDPREEKLA,22,2869.4677,7.683944,0.001447,1000,10.975474,0.08612
apo,46,70,RIKSFPAVNDVTGDERQDPREEKLA,22,2869.4677,7.683901,0.002915,10000,10.811301,0.072406
cDG,46,70,RIKSFPAVNDVTGDERQDPREEKLA,22,2869.4677,7.638229,0.007713,0,0,0
cDG,46,70,RIKSFPAVNDVTGDERQDPREEKLA,22,2869.4677,7.661592,0.016826,10,10.071672,0.310109
cDG,46,70,RIKSFPAVNDVTGDERQDPREEKLA,22,2869.4677,7.686854,0.008037,30,10.74535,0.100368
cDG,46,70,RIKSFPAVNDVTGDERQDPREEKLA,22,2869.4677,7.67977,0.012098,95,10.809413,0.125222
cDG,46,70,RIKSFPAVNDVTGDERQDPREEKLA,22,2869.4677,7.681247,0.006428,1000,10.910318,0.148728
cDG,46,70,RIKSFPAVNDVTGDERQDPREEKLA,22,2869.4677,7.68614,0.004211,10000,11.061101,0.122212
apo,46,71,RIKSFPAVNDVTGDERQDPREEKLAA,23,2940.5048,7.662526,0.012287,0,0,0
apo,46,71,RIKSFPAVNDVTGDERQDPREEKLAA,23,2940.5048,7.66237,0.001956,10,10.945154,0.051813
apo,46,71,RIKSFPAVNDVTGDERQDPREEKLAA,23,2940.5048,7.686313,0.009103,30,11.430936,0.069636
apo,46,71,RIKSFPAVNDVTGDERQDPREEKLAA,23,2940.5048,7.688334,0.002604,95,11.435985,0.059758
apo,46,71,RIKSFPAVNDVTGDERQDPREEKLAA,23,2940.5048,7.692545,0.001365,1000,11.401641,0.026679
apo,46,71,RIKSFPAVNDVTGDERQDPREEKLAA,23,2940.5048,7.690834,0.003399,10000,11.32508,0.136519
cDG,46,71,RIKSFPAVNDVTGDERQDPREEKLAA,23,2940.5048,7.648286,0.00473,0,0,0
cDG,46,71,RIKSFPAVNDVTGDERQDPREEKLAA,23,2940.5048,7.672435,0.016412,10,10.688773,0.274988
cDG,46,71,RIKSFPAVNDVTGDERQDPREEKLAA,23,2940.5048,7.692514,0.009814,30,11.273269,0.054566
cDG,46,71,RIKSFPAVNDVTGDERQDPREEKLAA,23,2940.5048,7.687111,0.012654,95,11.290115,0.065834
cDG,46,71,RIKSFPAVNDVTGDERQDPREEKLAA,23,2940.5048,7.687823,0.006743,1000,11.345829,0.096908
cDG,46,71,RIKSFPAVNDVTGDERQDPREEKLAA,23,2940.5048,7.695035,0.004152,10000,11.464312,0.052396
apo,47,54,IKSFPAVN,6,874.4907,7.751566,0.013669,0,0,0
apo,47,54,IKSFPAVN,6,874.4907,7.757341,0.002864,10,2.406667,0.063217
apo,47,54,IKSFPAVN,6,874.4907,7.773696,0.011084,30,2.749742,0.073009
apo,47,54,IKSFPAVN,6,874.4907,7.774477,0.001642,95,2.783114,0.085872
apo,47,54,IKSFPAVN,6,874.4907,7.778501,0.002921,1000,2.813163,0.037818
apo,47,54,IKSFPAVN,6,874.4907,7.774578,0.002713,10000,2.723269,0.042107
cDG,47,54,IKSFPAVN,6,874.4907,7.73526,0.008205,0,0,0
cDG,47,54,IKSFPAVN,6,874.4907,7.760615,0.014028,10,2.162182,0.092015
cDG,47,54,IKSFPAVN,6,874.4907,7.778859,0.010848,30,2.495565,0.041999
cDG,47,54,IKSFPAVN,6,874.4907,7.775106,0.010565,95,2.68682,0.042153
cDG,47,54,IKSFPAVN,6,874.4907,7.77339,0.005326,1000,2.784146,0.054687
cDG,47,54,IKSFPAVN,6,874.4907,7.776911,0.00554,10000,2.797761,0.048212
apo,47,66,IKSFPAVNDVTGDERQDPRE,17,2272.1079,7.794633,0.014171,0,0,0
apo,47,66,IKSFPAVNDVTGDERQDPRE,17,2272.1079,7.792093,0.000931,10,7.755431,0.053941
apo,47,66,IKSFPAVNDVTGDERQDPRE,17,2272.1079,7.810846,0.010847,30,8.038617,0.134163
apo,47,66,IKSFPAVNDVTGDERQDPRE,17,2272.1079,7.813961,0.001544,95,8.029375,0.043738
apo,47,66,IKSFPAVNDVTGDERQDPRE,17,2272.1079,7.815959,0.001732,1000,7.885113,0.062272
apo,47,66,IKSFPAVNDVTGDERQDPRE,17,2272.1079,7.816678,0.001836,10000,7.851196,0.130112
cDG,47,66,IKSFPAVNDVTGDERQDPRE,17,2272.1079,7.779359,0.005624,0,0,0
cDG,47,66,IKSFPAVNDVTGDERQDPRE,17,2272.1079,7.796804,0.015171,10,7.435499,0.155988
cDG,47,66,IKSFPAVNDVTGDERQDPRE,17,2272.1079,7.81601,0.008997,30,7.892773,0.071551
cDG,47,66,IKSFPAVNDVTGDERQDPRE,17,2272.1079,7.811989,0.00926,95,7.948643,0.067128
cDG,47,66,IKSFPAVNDVTGDERQDPRE,17,2272.1079,7.811989,0.005185,1000,7.942327,0.081841
cDG,47,66,IKSFPAVNDVTGDERQDPRE,17,2272.1079,7.817023,0.004027,10000,8.029585,0.066445
apo,47,68,IKSFPAVNDVTGDERQDPREEK,19,2529.2454,7.548245,0.018259,0,0,0
apo,47,68,IKSFPAVNDVTGDERQDPREEK,19,2529.2454,7.546592,0.00192,10,7.921964,0.110563
apo,47,68,IKSFPAVNDVTGDERQDPREEK,19,2529.2454,7.569814,0.011641,30,8.33742,0.025289
apo,47,68,IKSFPAVNDVTGDERQDPREEK,19,2529.2454,7.574624,0.00169,95,8.015174,0.099207
apo,47,68,IKSFPAVNDVTGDERQDPREEK,19,2529.2454,7.577867,0.003525,1000,7.992453,0.190848
apo,47,68,IKSFPAVNDVTGDERQDPREEK,19,2529.2454,7.576349,0.003944,10000,7.85257,0.116412
cDG,47,68,IKSFPAVNDVTGDERQDPREEK,19,2529.2454,7.535498,0.006288,0,0,0
cDG,47,68,IKSFPAVNDVTGDERQDPREEK,19,2529.2454,7.548684,0.014273,10,7.691376,0.136115
cDG,47,68,IKSFPAVNDVTGDERQDPREEK,19,2529.2454,7.576344,0.011916,30,8.187429,0.037982
cDG,47,68,IKSFPAVNDVTGDERQDPREEK,19,2529.2454,7.572658,0.011174,95,8.139563,0.028868
cDG,47,68,IKSFPAVNDVTGDERQDPREEK,19,2529.2454,7.572347,0.0043,1000,8.077266,0.194634
cDG,47,68,IKSFPAVNDVTGDERQDPREEK,19,2529.2454,7.577692,0.004701,10000,8.11557,0.151028
apo,47,69,IKSFPAVNDVTGDERQDPREEKL,20,2642.3295,7.968135,0.014357,0,0,0
apo,47,69,IKSFPAVNDVTGDERQDPREEKL,20,2642.3295,7.975357,0.001667,10,8.746858,0.074809
apo,47,69,IKSFPAVNDVTGDERQDPREEKL,20,2642.3295,7.999639,0.016632,30,8.952041,0.050483
apo,47,69,IKSFPAVNDVTGDERQDPREEKL,20,2642.3295,7.996644,0.003402,95,8.900893,0.054269
apo,47,69,IKSFPAVNDVTGDERQDPREEKL,20,2642.3295,8.007916,0.001777,1000,8.646686,0.297708
apo,47,69,IKSFPAVNDVTGDERQDPREEKL,20,2642.3295,8.003016,0.006349,10000,8.626622,0.18672
cDG,47,69,IKSFPAVNDVTGDERQDPREEKL,20,2642.3295,7.957627,0.005666,0,0,0
cDG,47,69,IKSFPAVNDVTGDERQDPREEKL,20,2642.3295,7.975345,0.021726,10,8.520291,0.093263
cDG,47,69,IKSFPAVNDVTGDERQDPREEKL,20,2642.3295,8.007347,0.014448,30,8.802521,0.060003
cDG,47,69,IKSFPAVNDVTGDERQDPREEKL,20,2642.3295,8.00052,0.012049,95,8.752821,0.050825
cDG,47,69,IKSFPAVNDVTGDERQDPREEKL,20,2642.3295,8.002698,0.004207,1000,8.598667,0.191436
cDG,47,69,IKSFPAVNDVTGDERQDPREEKL,20,2642.3295,8.010217,0.007773,10000,8.811192,0.098353
apo,47,71,IKSFPAVNDVTGDERQDPREEKLAA,22,2784.4037,7.865802,0.01472,0,0,0
apo,47,71,IKSFPAVNDVTGDERQDPREEKLAA,22,2784.4037,7.866167,0.000644,10,10.232204,0.099852
apo,47,71,IKSFPAVNDVTGDERQDPREEKLAA,22,2784.4037,7.883684,0.009259,30,10.449565,0.032104
apo,47,71,IKSFPAVNDVTGDERQDPREEKLAA,22,2784.4037,7.888266,0.007478,95,10.41498,0.100518
apo,47,71,IKSFPAVNDVTGDERQDPREEKLAA,22,2784.4037,7.888041,0.002933,1000,10.272558,0.150502
apo,47,71,IKSFPAVNDVTGDERQDPREEKLAA,22,2784.4037,7.887146,0.000281,10000,10.205912,0.127369
cDG,47,71,IKSFPAVNDVTGDERQDPREEKLAA,22,2784.4037,7.849493,0.008403,0,0,0
cDG,47,71,IKSFPAVNDVTGDERQDPREEKLAA,22,2784.4037,7.869912,0.013808,10,9.933346,0.168503
cDG,47,71,IKSFPAVNDVTGDERQDPREEKLAA,22,2784.4037,7.89003,0.009268,30,10.363673,0.026227
cDG,47,71,IKSFPAVNDVTGDERQDPREEKLAA,22,2784.4037,7.884543,0.006416,95,10.377411,0.087244
cDG,47,71,IKSFPAVNDVTGDERQDPREEKLAA,22,2784.4037,7.884639,0.005609,1000,10.463193,0.076519
cDG,47,71,IKSFPAVNDVTGDERQDPREEKLAA,22,2784.4037,7.896828,0.016346,10000,10.415103,0.060038
apo,51,66,PAVNDVTGDERQDPRE,13,1796.8284,6.763223,0.016782,0,0,0
apo,51,66,PAVNDVTGDERQDPRE,13,1796.8284,6.755352,0.00271,10,6.424552,0.072324
apo,51,66,PAVNDVTGDERQDPRE,13,1796.8284,6.763989,0.009256,30,6.480234,0.161853
apo,51,66,PAVNDVTGDERQDPRE,13,1796.8284,6.769611,0.001999,95,6.224261,0.106256
apo,51,66,PAVNDVTGDERQDPRE,13,1796.8284,6.767927,0.000705,1000,6.229805,0.050783
apo,51,66,PAVNDVTGDERQDPRE,13,1796.8284,6.768765,0.00334,10000,5.981971,0.107075
cDG,51,66,PAVNDVTGDERQDPRE,13,1796.8284,6.756123,0.005146,0,0,0
cDG,51,66,PAVNDVTGDERQDPRE,13,1796.8284,6.760753,0.010134,10,6.092433,0.141975
cDG,51,66,PAVNDVTGDERQDPRE,13,1796.8284,6.767355,0.008428,30,6.379936,0.037952
cDG,51,66,PAVNDVTGDERQDPRE,13,1796.8284,6.770071,0.011203,95,6.122813,0.167347
cDG,51,66,PAVNDVTGDERQDPRE,13,1796.8284,6.765553,0.002413,1000,6.07404,0.067697
cDG,51,66,PAVNDVTGDERQDPRE,13,1796.8284,6.769911,0.005397,10000,5.906431,0.079224
apo,51,71,PAVNDVTGDERQDPREEKLAA,18,2309.1242,7.210476,0.011249,0,0,0
apo,51,71,PAVNDVTGDERQDPREEKLAA,18,2309.1242,7.210316,0.001136,10,9.486048,0.104923
apo,51,71,PAVNDVTGDERQDPREEKLAA,18,2309.1242,7.227566,0.009206,30,9.664408,0.039357
apo,51,71,PAVNDVTGDERQDPREEKLAA,18,2309.1242,7.229863,0.001931,95,9.329,0.080581
apo,51,71,PAVNDVTGDERQDPREEKLAA,18,2309.1242,7.228964,0.002194,1000,9.323523,0.051702
apo,51,71,PAVNDVTGDERQDPREEKLAA,18,2309.1242,7.227939,0.001052,10000,9.156594,0.128282
cDG,51,71,PAVNDVTGDERQDPREEKLAA,18,2309.1242,7.197777,0.005719,0,0,0
cDG,51,71,PAVNDVTGDERQDPREEKLAA,18,2309.1242,7.217335,0.011757,10,9.393001,0.222333
cDG,51,71,PAVNDVTGDERQDPREEKLAA,18,2309.1242,7.231049,0.007916,30,9.618363,0.053632
cDG,51,71,PAVNDVTGDERQDPREEKLAA,18,2309.1242,7.229778,0.009707,95,9.416707,0.032064
cDG,51,71,PAVNDVTGDERQDPREEKLAA,18,2309.1242,7.226407,0.003466,1000,9.324447,0.07847
cDG,51,71,PAVNDVTGDERQDPREEKLAA,18,2309.1242,7.230602,0.00494,10000,9.346719,0.024339
apo,55,60,DVTGDE,5,634.2441,6.088471,0.010727,0,0,0
apo,55,60,DVTGDE,5,634.2441,6.099604,0.018541,10,1.440853,0.030852
apo,55,60,DVTGDE,5,634.2441,6.102844,0.008504,30,1.507152,0.024382
apo,55,60,DVTGDE,5,634.2441,6.111016,0.017956,95,1.428167,0.02791
apo,55,60,DVTGDE,5,634.2441,6.115557,0.010221,1000,1.414315,0.028835
apo,55,60,DVTGDE,5,634.2441,6.104926,0.01242,10000,1.370652,0.016514
cDG,55,60,DVTGDE,5,634.2441,6.061648,0.032724,0,0,0
cDG,55,60,DVTGDE,5,634.2441,6.100797,0.00789,10,1.482868,0.058505
cDG,55,60,DVTGDE,5,634.2441,6.107804,0.016828,30,1.517806,0.02895
cDG,55,60,DVTGDE,5,634.2441,6.112513,0.04962,95,1.446934,0.03682
cDG,55,60,DVTGDE,5,634.2441,6.096438,0.007695,1000,1.384364,0.026019
cDG,55,60,DVTGDE,5,634.2441,6.107682,0.011903,10000,1.423582,0.009615
apo,55,66,DVTGDERQDPRE,10,1415.6272,6.15412,0.010471,0,0,0
apo,55,66,DVTGDERQDPRE,10,1415.6272,6.149849,0.004362,10,3.873279,0.142059
apo,55,66,DVTGDERQDPRE,10,1415.6272,6.15846,0.009368,30,4.021716,0.061703
apo,55,66,DVTGDERQDPRE,10,1415.6272,6.171359,0.002968,95,3.780464,0.096114
apo,55,66,DVTGDERQDPRE,10,1415.6272,6.168453,0.003144,1000,3.699069,0.060959
apo,55,66,DVTGDERQDPRE,10,1415.6272,6.165475,0.002978,10000,3.662563,0.080096
cDG,55,66,DVTGDERQDPRE,10,1415.6272,6.137185,0.013878,0,0,0
cDG,55,66,DVTGDERQDPRE,10,1415.6272,6.153124,0.006744,10,3.992374,0.122053
cDG,55,66,DVTGDERQDPRE,10,1415.6272,6.163253,0.012203,30,4.027327,0.046215
cDG,55,66,DVTGDERQDPRE,10,1415.6272,6.172812,0.019951,95,3.874326,0.047646
cDG,55,66,DVTGDERQDPRE,10,1415.6272,6.160882,0.008041,1000,3.713018,0.100082
cDG,55,66,DVTGDERQDPRE,10,1415.6272,6.165003,0.005908,10000,3.817001,0.037215
apo,55,69,DVTGDERQDPREEKL,13,1785.8488,7.068443,0.015239,0,0,0
apo,55,69,DVTGDERQDPREEKL,13,1785.8488,7.069644,0.001858,10,5.558616,0.166236
apo,55,69,DVTGDERQDPREEKL,13,1785.8488,7.093051,0.012416,30,5.824129,0.086786
apo,55,69,DVTGDERQDPREEKL,13,1785.8488,7.097815,0.002829,95,5.570717,0.076792
apo,55,69,DVTGDERQDPREEKL,13,1785.8488,7.094815,0.002195,1000,5.578258,0.085986
apo,55,69,DVTGDERQDPREEKL,13,1785.8488,7.094554,0.00218,10000,5.431711,0.102915
cDG,55,69,DVTGDERQDPREEKL,13,1785.8488,7.054428,0.007239,0,0,0
cDG,55,69,DVTGDERQDPREEKL,13,1785.8488,7.080771,0.016506,10,5.768924,0.154183
cDG,55,69,DVTGDERQDPREEKL,13,1785.8488,7.096026,0.009946,30,5.851641,0.043434
cDG,55,69,DVTGDERQDPREEKL,13,1785.8488,7.093457,0.011923,95,5.658234,0.062352
cDG,55,69,DVTGDERQDPREEKL,13,1785.8488,7.091476,0.003267,1000,5.515132,0.084007
cDG,55,69,DVTGDERQDPREEKL,13,1785.8488,7.096998,0.004268,10000,5.6503,0.044181
apo,55,71,DVTGDERQDPREEKLAA,15,1927.923,6.936944,0.017646,0,0,0
apo,55,71,DVTGDERQDPREEKLAA,15,1927.923,6.935651,0.00256,10,6.961966,0.196387
apo,55,71,DVTGDERQDPREEKLAA,15,1927.923,6.950002,0.009958,30,7.299068,0.061877
apo,55,71,DVTGDERQDPREEKLAA,15,1927.923,6.953617,0.002269,95,6.798604,0.176093
apo,55,71,DVTGDERQDPREEKLAA,15,1927.923,6.952379,0.00192,1000,6.822998,0.125432
apo,55,71,DVTGDERQDPREEKLAA,15,1927.923,6.952573,0.00234,10000,6.74124,0.07212
cDG,55,71,DVTGDERQDPREEKLAA,15,1927.923,6.919435,0.007008,0,0,0
cDG,55,71,DVTGDERQDPREEKLAA,15,1927.923,6.943197,0.010974,10,7.115772,0.213027
cDG,55,71,DVTGDERQDPREEKLAA,15,1927.923,6.953922,0.009524,30,7.25758,0.032581
cDG,55,71,DVTGDERQDPREEKLAA,15,1927.923,6.952168,0.01121,95,6.968408,0.024136
cDG,55,71,DVTGDERQDPREEKLAA,15,1927.923,6.949692,0.003448,1000,6.837356,0.208681
cDG,55,71,DVTGDERQDPREEKLAA,15,1927.923,6.954689,0.005258,10000,6.846282,0.099449
apo,55,80,DVTGDERQDPREEKLAAALEHHHHHH,24,3063.4403,6.924113,0.019672,0,0,0
apo,55,80,DVTGDERQDPREEKLAAALEHHHHHH,24,3063.4403,6.918452,0.004554,10,7.893876,0.197896
apo,55,80,DVTGDERQDPREEKLAAALEHHHHHH,24,3063.4403,6.931445,0.009465,30,8.094238,0.077332
apo,55,80,DVTGDERQDPREEKLAAALEHHHHHH,24,3063.4403,6.94009,0.008255,95,7.994229,0.090792
apo,55,80,DVTGDERQDPREEKLAAALEHHHHHH,24,3063.4403,6.942568,0.003873,1000,7.969963,0.022181
apo,55,80,DVTGDERQDPREEKLAAALEHHHHHH,24,3063.4403,6.948431,0.003971,10000,7.907872,0.094165
cDG,55,80,DVTGDERQDPREEKLAAALEHHHHHH,24,3063.4403,6.897794,0.01115,0,0,0
cDG,55,80,DVTGDERQDPREEKLAAALEHHHHHH,24,3063.4403,6.928939,0.013194,10,7.724579,0.090992
cDG,55,80,DVTGDERQDPREEKLAAALEHHHHHH,24,3063.4403,6.941646,0.010387,30,8.063119,0.035574
cDG,55,80,DVTGDERQDPREEKLAAALEHHHHHH,24,3063.4403,6.940217,0.010977,95,7.93209,0.124327
cDG,55,80,DVTGDERQDPREEKLAAALEHHHHHH,24,3063.4403,6.93778,0.006183,1000,7.832299,0.083779
cDG,55,80,DVTGDERQDPREEKLAAALEHHHHHH,24,3063.4403,6.951434,0.007507,10000,8.085783,0.075972
apo,56,71,VTGDERQDPREEKLAA,14,1812.8961,6.627255,0.017882,0,0,0
apo,56,71,VTGDERQDPREEKLAA,14,1812.8961,6.618968,0.000592,10,6.647451,0.216191
apo,56,71,VTGDERQDPREEKLAA,14,1812.8961,6.642169,0.016175,30,6.759962,0.11186
apo,56,71,VTGDERQDPREEKLAA,14,1812.8961,6.652445,0.006971,95,6.486704,0.131562
apo,56,71,VTGDERQDPREEKLAA,14,1812.8961,6.651355,0.004091,1000,6.471742,0.051548
apo,56,71,VTGDERQDPREEKLAA,14,1812.8961,6.656562,0.003536,10000,6.305528,0.120888
cDG,56,71,VTGDERQDPREEKLAA,14,1812.8961,6.610243,0.009881,0,0,0
cDG,56,71,VTGDERQDPREEKLAA,14,1812.8961,6.631583,0.019459,10,6.720279,0.14348
cDG,56,71,VTGDERQDPREEKLAA,14,1812.8961,6.646307,0.010517,30,6.791643,0.100805
cDG,56,71,VTGDERQDPREEKLAA,14,1812.8961,6.64536,0.016581,95,6.663289,0.06621
cDG,56,71,VTGDERQDPREEKLAA,14,1812.8961,6.644154,0.008558,1000,6.317398,0.208669
cDG,56,71,VTGDERQDPREEKLAA,14,1812.8961,6.649406,0.009092,10000,6.496492,0.127467
apo,57,69,TGDERQDPREEKL,11,1571.7534,7.076366,0.014874,0,0,0
apo,57,69,TGDERQDPREEKL,11,1571.7534,7.067941,0.002787,10,5.415802,0.132165
apo,57,69,TGDERQDPREEKL,11,1571.7534,7.088197,0.011257,30,5.676831,0.051535
apo,57,69,TGDERQDPREEKL,11,1571.7534,7.092978,0.002828,95,5.408651,0.083478
apo,57,69,TGDERQDPREEKL,11,1571.7534,7.093441,0.001615,1000,5.329294,0.096675
apo,57,69,TGDERQDPREEKL,11,1571.7534,7.091306,0.002446,10000,5.235541,0.08059
cDG,57,69,TGDERQDPREEKL,11,1571.7534,7.055938,0.008157,0,0,0
cDG,57,69,TGDERQDPREEKL,11,1571.7534,7.080229,0.012583,10,5.517668,0.150619
cDG,57,69,TGDERQDPREEKL,11,1571.7534,7.094944,0.011116,30,5.572737,0.036399
cDG,57,69,TGDERQDPREEKL,11,1571.7534,7.095725,0.011939,95,5.437325,0.067825
cDG,57,69,TGDERQDPREEKL,11,1571.7534,7.091003,0.00289,1000,5.255552,0.111555
cDG,57,69,TGDERQDPREEKL,11,1571.7534,7.095359,0.005662,10000,5.35071,0.014808
apo,57,71,TGDERQDPREEKLAA,13,1713.8277,6.93625,0.016405,0,0,0
apo,57,71,TGDERQDPREEKLAA,13,1713.8277,6.932469,0.001875,10,6.922699,0.138547
apo,57,71,TGDERQDPREEKLAA,13,1713.8277,6.947096,0.010755,30,7.088685,0.02143
apo,57,71,TGDERQDPREEKLAA,13,1713.8277,6.950402,0.0024,95,6.786026,0.138727
apo,57,71,TGDERQDPREEKLAA,13,1713.8277,6.950732,0.001908,1000,6.766439,0.134776
apo,57,71,TGDERQDPREEKLAA,13,1713.8277,6.950772,0.003059,10000,6.611797,0.123106
cDG,57,71,TGDERQDPREEKLAA,13,1713.8277,6.916642,0.006109,0,0,0
cDG,57,71,TGDERQDPREEKLAA,13,1713.8277,6.941167,0.011487,10,6.929113,0.197387
cDG,57,71,TGDERQDPREEKLAA,13,1713.8277,6.951722,0.010596,30,7.089344,0.047687
cDG,57,71,TGDERQDPREEKLAA,13,1713.8277,6.951254,0.01104,95,6.781568,0.104286
cDG,57,71,TGDERQDPREEKLAA,13,1713.8277,6.949006,0.003287,1000,6.668012,0.151979
cDG,57,71,TGDERQDPREEKLAA,13,1713.8277,6.953241,0.005624,10000,6.781413,0.056567
apo,59,71,DERQDPREEKLAA,11,1555.7585,6.623456,0.016598,0,0,0
apo,59,71,DERQDPREEKLAA,11,1555.7585,6.615542,0.001067,10,5.791053,0.112043
apo,59,71,DERQDPREEKLAA,11,1555.7585,6.635697,0.016199,30,5.881366,0.079081
apo,59,71,DERQDPREEKLAA,11,1555.7585,6.640034,0.006096,95,5.594841,0.096162
apo,59,71,DERQDPREEKLAA,11,1555.7585,6.641181,0.002884,1000,5.560126,0.08628
apo,59,71,DERQDPREEKLAA,11,1555.7585,6.641759,0.00602,10000,5.457002,0.063937
cDG,59,71,DERQDPREEKLAA,11,1555.7585,6.60654,0.008665,0,0,0
cDG,59,71,DERQDPREEKLAA,11,1555.7585,6.624957,0.015115,10,5.815367,0.103106
cDG,59,71,DERQDPREEKLAA,11,1555.7585,6.638883,0.010731,30,5.829478,0.0346
cDG,59,71,DERQDPREEKLAA,11,1555.7585,6.638598,0.015698,95,5.613507,0.045566
cDG,59,71,DERQDPREEKLAA,11,1555.7585,6.635325,0.004138,1000,5.492673,0.108416
cDG,59,71,DERQDPREEKLAA,11,1555.7585,6.640275,0.010311,10000,5.561219,0.040213
apo,60,71,ERQDPREEKLAA,10,1440.7316,6.403772,0.01594,0,0,0
apo,60,71,ERQDPREEKLAA,10,1440.7316,6.408745,0.002893,10,5.157388,0.10956
apo,60,71,ERQDPREEKLAA,10,1440.7316,6.425461,0.009072,30,5.298337,0.032367
apo,60,71,ERQDPREEKLAA,10,1440.7316,6.437298,0.003892,95,5.024278,0.112163
apo,60,71,ERQDPREEKLAA,10,1440.7316,6.432273,0.002143,1000,5.071749,0.041002
apo,60,71,ERQDPREEKLAA,10,1440.7316,6.431761,0.002737,10000,4.868602,0.090173
cDG,60,71,ERQDPREEKLAA,10,1440.7316,6.391089,0.010716,0,0,0
cDG,60,71,ERQDPREEKLAA,10,1440.7316,6.416444,0.017268,10,5.176979,0.139095
cDG,60,71,ERQDPREEKLAA,10,1440.7316,6.431708,0.013238,30,5.223867,0.083284
cDG,60,71,ERQDPREEKLAA,10,1440.7316,6.436829,0.013997,95,5.068974,0.074218
cDG,60,71,ERQDPREEKLAA,10,1440.7316,6.430012,0.003251,1000,4.886679,0.045663
cDG,60,71,ERQDPREEKLAA,10,1440.7316,6.434451,0.005598,10000,4.994553,0.068849
apo,61,71,RQDPREEKLAA,9,1311.689,6.31571,0.013616,0,0,0
apo,61,71,RQDPREEKLAA,9,1311.689,6.3143,0.003647,10,4.392388,0.102795
apo,61,71,RQDPREEKLAA,9,1311.689,6.335485,0.01263,30,4.480746,0.060514
apo,61,71,RQDPREEKLAA,9,1311.689,6.347129,0.004001,95,4.2656,0.077776
apo,61,71,RQDPREEKLAA,9,1311.689,6.341669,0.002542,1000,4.214747,0.044522
apo,61,71,RQDPREEKLAA,9,1311.689,6.340887,0.002234,10000,4.146725,0.051508
cDG,61,71,RQDPREEKLAA,9,1311.689,6.302508,0.007398,0,0,0
cDG,61,71,RQDPREEKLAA,9,1311.689,6.324912,0.014583,10,4.416032,0.081523
cDG,61,71,RQDPREEKLAA,9,1311.689,6.340317,0.014227,30,4.437633,0.041241
cDG,61,71,RQDPREEKLAA,9,1311.689,6.34853,0.016055,95,4.322453,0.042801
cDG,61,71,RQDPREEKLAA,9,1311.689,6.338024,0.00341,1000,4.174792,0.078808
cDG,61,71,RQDPREEKLAA,9,1311.689,6.34075,0.005272,10000,4.258144,0.029041
apo,67,71,EKLAA,4,530.3059,6.140897,0.008776,0,0,0
apo,67,71,EKLAA,4,530.3059,6.146993,0.013879,10,1.59899,0.067707
apo,67,71,EKLAA,4,530.3059,6.17273,0.010183,30,1.590708,0.056813
apo,67,71,EKLAA,4,530.3059,6.183579,0.014677,95,1.505849,0.057905
apo,67,71,EKLAA,4,530.3059,6.185398,0.007099,1000,1.526863,0.058089
apo,67,71,EKLAA,4,530.3059,6.181634,0.009428,10000,1.495148,0.061876
cDG,67,71,EKLAA,4,530.3059,6.117178,0.021983,0,0,0
cDG,67,71,EKLAA,4,530.3059,6.160084,0.015854,10,1.592504,0.019679
cDG,67,71,EKLAA,4,530.3059,6.178323,0.016787,30,1.571601,0.019098
cDG,67,71,EKLAA,4,530.3059,6.185746,0.042567,95,1.511501,0.01383
cDG,67,71,EKLAA,4,530.3059,6.171222,0.007679,1000,1.527661,0.041432
cDG,67,71,EKLAA,4,530.3059,6.179491,0.010424,10000,1.521418,0.025701