State,Start,End,Sequence,Peptide mass (Da),Retention time (min),Exposure,Uptake,Uptake SD (Da)
Apo,15,35,APNTSGWHLRSTTKVPTTMKT,2314.1972,5.263795,0,0,0
Apo,15,35,APNTSGWHLRSTTKVPTTMKT,2314.1972,5.609454,0.167,6.63942,0.375224
Apo,15,35,APNTSGWHLRSTTKVPTTMKT,2314.1972,5.215569,1,8.2206,0.258135
Apo,15,35,APNTSGWHLRSTTKVPTTMKT,2314.1972,5.227322,16.667002,7.945926,0.246352
Apo,15,35,APNTSGWHLRSTTKVPTTMKT,2314.1972,5.290462,83.333,8.035665,0.147666
Apo,15,35,APNTSGWHLRSTTKVPTTMKT,2314.1972,5.574733,420.000031,9.697356,0.137036
LPS,15,35,APNTSGWHLRSTTKVPTTMKT,2314.1972,5.263795,0,0,0
LPS,15,35,APNTSGWHLRSTTKVPTTMKT,2314.1972,5.608865,0.167,6.752799,0.281127
LPS,15,35,APNTSGWHLRSTTKVPTTMKT,2314.1972,5.253512,1,9.120742,0.453077
LPS,15,35,APNTSGWHLRSTTKVPTTMKT,2314.1972,5.251869,16.667002,8.518177,0.134549
LPS,15,35,APNTSGWHLRSTTKVPTTMKT,2314.1972,5.260676,83.333,8.637959,0.161276
LPS,15,35,APNTSGWHLRSTTKVPTTMKT,2314.1972,5.608874,420.000031,10.306501,0.224161
LPS + Thanatin,15,35,APNTSGWHLRSTTKVPTTMKT,2314.1972,5.263795,0,0,0
LPS + Thanatin,15,35,APNTSGWHLRSTTKVPTTMKT,2314.1972,5.611265,0.167,6.034126,0.429504
LPS + Thanatin,15,35,APNTSGWHLRSTTKVPTTMKT,2314.1972,5.245178,1,8.8742,0.414483
LPS + Thanatin,15,35,APNTSGWHLRSTTKVPTTMKT,2314.1972,5.229406,16.667002,8.712592,0.404822
LPS + Thanatin,15,35,APNTSGWHLRSTTKVPTTMKT,2314.1972,5.46702,83.333,8.347773,0.154643
LPS + Thanatin,15,35,APNTSGWHLRSTTKVPTTMKT,2314.1972,5.621378,420.000031,9.543638,0.481356
Thanatin,15,35,APNTSGWHLRSTTKVPTTMKT,2314.1972,5.263795,0,0,0
Thanatin,15,35,APNTSGWHLRSTTKVPTTMKT,2314.1972,5.60988,0.167,6.585048,0.298328
Thanatin,15,35,APNTSGWHLRSTTKVPTTMKT,2314.1972,5.360068,1,8.621827,0.136551
Thanatin,15,35,APNTSGWHLRSTTKVPTTMKT,2314.1972,5.395632,16.667002,8.264203,0.130274
Thanatin,15,35,APNTSGWHLRSTTKVPTTMKT,2314.1972,5.478175,83.333,8.310185,0.300919
Thanatin,15,35,APNTSGWHLRSTTKVPTTMKT,2314.1972,5.648314,420.000031,9.319208,0.194791
Apo,39,61,QSSDPNGPLSRAVRNQLRLNGVD,2493.2917,6.534081,0,0,0
Apo,39,61,QSSDPNGPLSRAVRNQLRLNGVD,2493.2917,6.916336,0.167,0.967871,0.077271
Apo,39,61,QSSDPNGPLSRAVRNQLRLNGVD,2493.2917,6.514543,1,2.531981,0.16542
Apo,39,61,QSSDPNGPLSRAVRNQLRLNGVD,2493.2917,6.522145,16.667002,4.576831,0.292621
Apo,39,61,QSSDPNGPLSRAVRNQLRLNGVD,2493.2917,6.626616,83.333,6.273515,0.081547
Apo,39,61,QSSDPNGPLSRAVRNQLRLNGVD,2493.2917,6.869905,420.000031,9.806989,0.074664
LPS,39,61,QSSDPNGPLSRAVRNQLRLNGVD,2493.2917,6.534081,0,0,0
LPS,39,61,QSSDPNGPLSRAVRNQLRLNGVD,2493.2917,6.92275,0.167,1.114308,0.142759
LPS,39,61,QSSDPNGPLSRAVRNQLRLNGVD,2493.2917,6.520259,1,2.758984,0.10098
LPS,39,61,QSSDPNGPLSRAVRNQLRLNGVD,2493.2917,6.516741,16.667002,4.717832,0.162949
LPS,39,61,QSSDPNGPLSRAVRNQLRLNGVD,2493.2917,6.552631,83.333,6.576829,0.389655
LPS,39,61,QSSDPNGPLSRAVRNQLRLNGVD,2493.2917,6.906208,420.000031,9.762728,0.079874
LPS + Thanatin,39,61,QSSDPNGPLSRAVRNQLRLNGVD,2493.2917,6.534081,0,0,0
LPS + Thanatin,39,61,QSSDPNGPLSRAVRNQLRLNGVD,2493.2917,6.926428,0.167,0.87549,0.103204
LPS + Thanatin,39,61,QSSDPNGPLSRAVRNQLRLNGVD,2493.2917,6.514759,1,2.680437,0.069086
LPS + Thanatin,39,61,QSSDPNGPLSRAVRNQLRLNGVD,2493.2917,6.485801,16.667002,4.649448,0.072903
LPS + Thanatin,39,61,QSSDPNGPLSRAVRNQLRLNGVD,2493.2917,6.740904,83.333,6.110884,0.179613
LPS + Thanatin,39,61,QSSDPNGPLSRAVRNQLRLNGVD,2493.2917,6.920212,420.000031,9.236839,0.065101
Thanatin,39,61,QSSDPNGPLSRAVRNQLRLNGVD,2493.2917,6.534081,0,0,0
Thanatin,39,61,QSSDPNGPLSRAVRNQLRLNGVD,2493.2917,6.922231,0.167,0.926482,0.080422
Thanatin,39,61,QSSDPNGPLSRAVRNQLRLNGVD,2493.2917,6.628104,1,2.731621,0.069922
Thanatin,39,61,QSSDPNGPLSRAVRNQLRLNGVD,2493.2917,6.669092,16.667002,4.751003,0.159493
Thanatin,39,61,QSSDPNGPLSRAVRNQLRLNGVD,2493.2917,6.745932,83.333,6.331309,0.222267
Thanatin,39,61,QSSDPNGPLSRAVRNQLRLNGVD,2493.2917,6.950907,420.000031,9.418982,0.075942
Apo,43,57,PNGPLSRAVRNQLRL,1690.9823,6.483539,0,0,0
Apo,43,57,PNGPLSRAVRNQLRL,1690.9823,6.88719,0.167,0.866161,0.076653
Apo,43,57,PNGPLSRAVRNQLRL,1690.9823,6.435681,1,1.441154,0.150755
Apo,43,57,PNGPLSRAVRNQLRL,1690.9823,6.436945,16.667002,2.73314,0.183979
Apo,43,57,PNGPLSRAVRNQLRL,1690.9823,6.585098,83.333,3.622987,0.117814
Apo,43,57,PNGPLSRAVRNQLRL,1690.9823,6.841761,420.000031,5.869321,0.185497
LPS,43,57,PNGPLSRAVRNQLRL,1690.9823,6.483539,0,0,0
LPS,43,57,PNGPLSRAVRNQLRL,1690.9823,6.891762,0.167,0.929325,0.086171
LPS,43,57,PNGPLSRAVRNQLRL,1690.9823,6.529912,1,1.622648,0.097952
LPS,43,57,PNGPLSRAVRNQLRL,1690.9823,6.498448,16.667002,2.495511,0.160492
LPS,43,57,PNGPLSRAVRNQLRL,1690.9823,6.509553,83.333,3.515278,0.26356
LPS,43,57,PNGPLSRAVRNQLRL,1690.9823,6.876234,420.000031,5.758104,0.138798
LPS + Thanatin,43,57,PNGPLSRAVRNQLRL,1690.9823,6.483539,0,0,0
LPS + Thanatin,43,57,PNGPLSRAVRNQLRL,1690.9823,6.895612,0.167,0.764554,0.077732
LPS + Thanatin,43,57,PNGPLSRAVRNQLRL,1690.9823,6.479105,1,1.408675,0.079054
LPS + Thanatin,43,57,PNGPLSRAVRNQLRL,1690.9823,6.473143,16.667002,2.449638,0.083911
LPS + Thanatin,43,57,PNGPLSRAVRNQLRL,1690.9823,6.660713,83.333,3.428478,0.110458
LPS + Thanatin,43,57,PNGPLSRAVRNQLRL,1690.9823,6.8939,420.000031,5.284697,0.107257
Thanatin,43,57,PNGPLSRAVRNQLRL,1690.9823,6.483539,0,0,0
Thanatin,43,57,PNGPLSRAVRNQLRL,1690.9823,6.887911,0.167,0.78813,0.08077
Thanatin,43,57,PNGPLSRAVRNQLRL,1690.9823,6.723007,1,1.481648,0.07594
Thanatin,43,57,PNGPLSRAVRNQLRL,1690.9823,6.70912,16.667002,2.583324,0.101715
Thanatin,43,57,PNGPLSRAVRNQLRL,1690.9823,6.678674,83.333,3.504654,0.131593
Thanatin,43,57,PNGPLSRAVRNQLRL,1690.9823,6.925673,420.000031,5.485138,0.076551
Apo,62,67,LIDAST,619.3297,4.792059,0,0,0
Apo,62,67,LIDAST,619.3297,5.082576,0.167,2.564038,0.091553
Apo,62,67,LIDAST,619.3297,4.798597,1,2.680671,0.036519
Apo,62,67,LIDAST,619.3297,4.801345,16.667002,2.399451,0.048518
Apo,62,67,LIDAST,619.3297,4.825089,83.333,2.439897,0.027217
Apo,62,67,LIDAST,619.3297,5.060756,420.000031,2.934501,0.016919
LPS,62,67,LIDAST,619.3297,4.792059,0,0,0
LPS,62,67,LIDAST,619.3297,5.081016,0.167,2.712462,0.036742
LPS,62,67,LIDAST,619.3297,4.806016,1,2.899983,0.12672
LPS,62,67,LIDAST,619.3297,4.808156,16.667002,2.511586,0.046214
LPS,62,67,LIDAST,619.3297,4.821945,83.333,2.545195,0.007221
LPS,62,67,LIDAST,619.3297,5.076445,420.000031,2.950703,0.01356
LPS + Thanatin,62,67,LIDAST,619.3297,4.792059,0,0,0
LPS + Thanatin,62,67,LIDAST,619.3297,5.075623,0.167,2.478005,0.079192
LPS + Thanatin,62,67,LIDAST,619.3297,4.802171,1,2.829627,0.109627
LPS + Thanatin,62,67,LIDAST,619.3297,4.784409,16.667002,2.548242,0.09086
LPS + Thanatin,62,67,LIDAST,619.3297,4.964943,83.333,2.452459,0.035373
LPS + Thanatin,62,67,LIDAST,619.3297,5.082154,420.000031,2.787355,0.017532
Thanatin,62,67,LIDAST,619.3297,4.792059,0,0,0
Thanatin,62,67,LIDAST,619.3297,5.077991,0.167,2.537844,0.072659
Thanatin,62,67,LIDAST,619.3297,4.901874,1,2.788609,0.055611
Thanatin,62,67,LIDAST,619.3297,4.915362,16.667002,2.5235,0.05327
Thanatin,62,67,LIDAST,619.3297,4.94367,83.333,2.504034,0.087759
Thanatin,62,67,LIDAST,619.3297,5.094945,420.000031,2.85906,0.010111
Apo,68,77,LRKDVPSLRL,1196.7474,5.735318,0,0,0
Apo,68,77,LRKDVPSLRL,1196.7474,6.155636,0.167,0.802861,0.084797
Apo,68,77,LRKDVPSLRL,1196.7474,5.639772,1,0.839645,0.070293
Apo,68,77,LRKDVPSLRL,1196.7474,5.652419,16.667002,1.558088,0.105675
Apo,68,77,LRKDVPSLRL,1196.7474,5.71654,83.333,1.932041,0.062658
Apo,68,77,LRKDVPSLRL,1196.7474,6.102777,420.000031,2.602979,0.104357
LPS,68,77,LRKDVPSLRL,1196.7474,5.735318,0,0,0
LPS,68,77,LRKDVPSLRL,1196.7474,6.147311,0.167,0.875032,0.069559
LPS,68,77,LRKDVPSLRL,1196.7474,5.695418,1,1.068287,0.097966
LPS,68,77,LRKDVPSLRL,1196.7474,5.686074,16.667002,1.727203,0.066404
LPS,68,77,LRKDVPSLRL,1196.7474,5.701182,83.333,2.18513,0.067921
LPS,68,77,LRKDVPSLRL,1196.7474,6.144708,420.000031,2.65991,0.098791
LPS + Thanatin,68,77,LRKDVPSLRL,1196.7474,5.735318,0,0,0
LPS + Thanatin,68,77,LRKDVPSLRL,1196.7474,6.152954,0.167,0.787722,0.07604
LPS + Thanatin,68,77,LRKDVPSLRL,1196.7474,5.682969,1,1.020245,0.072056
LPS + Thanatin,68,77,LRKDVPSLRL,1196.7474,5.664294,16.667002,1.725307,0.076357
LPS + Thanatin,68,77,LRKDVPSLRL,1196.7474,5.970257,83.333,2.034737,0.108518
LPS + Thanatin,68,77,LRKDVPSLRL,1196.7474,6.163521,420.000031,2.515917,0.093475
Thanatin,68,77,LRKDVPSLRL,1196.7474,5.735318,0,0,0
Thanatin,68,77,LRKDVPSLRL,1196.7474,6.133784,0.167,0.77347,0.07447
Thanatin,68,77,LRKDVPSLRL,1196.7474,5.798314,1,0.967977,0.072192
Thanatin,68,77,LRKDVPSLRL,1196.7474,5.848421,16.667002,1.642477,0.109299
Thanatin,68,77,LRKDVPSLRL,1196.7474,5.995092,83.333,2.051094,0.104167
Thanatin,68,77,LRKDVPSLRL,1196.7474,6.205187,420.000031,2.511112,0.093334
Apo,90,97,FQDGRTAE,923.4217,3.988014,0,0,0
Apo,90,97,FQDGRTAE,923.4217,4.222566,0.167,0.226626,0.070882
Apo,90,97,FQDGRTAE,923.4217,3.971102,1,0.150966,0.034149
Apo,90,97,FQDGRTAE,923.4217,3.972507,16.667002,0.159068,0.0375
Apo,90,97,FQDGRTAE,923.4217,3.984172,83.333,0.199032,0.036544
Apo,90,97,FQDGRTAE,923.4217,4.191556,420.000031,0.52245,0.146756
LPS,90,97,FQDGRTAE,923.4217,3.988014,0,0,0
LPS,90,97,FQDGRTAE,923.4217,4.211535,0.167,0.278729,0.098798
LPS,90,97,FQDGRTAE,923.4217,4.017997,1,0.202445,0.038974
LPS,90,97,FQDGRTAE,923.4217,4.000675,16.667002,0.199382,0.065387
LPS,90,97,FQDGRTAE,923.4217,3.989632,83.333,0.235248,0.039303
LPS,90,97,FQDGRTAE,923.4217,4.282498,420.000031,0.586531,0.038133
LPS + Thanatin,90,97,FQDGRTAE,923.4217,3.988014,0,0,0
LPS + Thanatin,90,97,FQDGRTAE,923.4217,4.264925,0.167,0.288661,0.07072
LPS + Thanatin,90,97,FQDGRTAE,923.4217,3.971679,1,0.226104,0.062678
LPS + Thanatin,90,97,FQDGRTAE,923.4217,3.950824,16.667002,0.177875,0.065961
LPS + Thanatin,90,97,FQDGRTAE,923.4217,4.300131,83.333,0.329631,0.041231
LPS + Thanatin,90,97,FQDGRTAE,923.4217,4.2549,420.000031,0.531791,0.117817
Thanatin,90,97,FQDGRTAE,923.4217,3.988014,0,0,0
Thanatin,90,97,FQDGRTAE,923.4217,4.196219,0.167,0.275035,0.074018
Thanatin,90,97,FQDGRTAE,923.4217,4.113129,1,0.153946,0.056546
Thanatin,90,97,FQDGRTAE,923.4217,4.178238,16.667002,0.176433,0.077165
Thanatin,90,97,FQDGRTAE,923.4217,4.265348,83.333,0.198925,0.059503
Thanatin,90,97,FQDGRTAE,923.4217,3.960278,420.000031,0.380104,0.037671
Apo,103,119,TVHASVLIPGHDIYPIT,1832.9905,6.626581,0,0,0
Apo,103,119,TVHASVLIPGHDIYPIT,1832.9905,7.037008,0.167,2.194013,0.097978
Apo,103,119,TVHASVLIPGHDIYPIT,1832.9905,6.576312,1,2.314128,0.060285
Apo,103,119,TVHASVLIPGHDIYPIT,1832.9905,6.585908,16.667002,2.581609,0.147237
Apo,103,119,TVHASVLIPGHDIYPIT,1832.9905,6.66168,83.333,3.494785,0.054984
Apo,103,119,TVHASVLIPGHDIYPIT,1832.9905,6.979029,420.000031,5.095127,0.080378
LPS,103,119,TVHASVLIPGHDIYPIT,1832.9905,6.616983,0,0,0
LPS,103,119,TVHASVLIPGHDIYPIT,1832.9905,7.020516,0.167,2.344228,0.066702
LPS,103,119,TVHASVLIPGHDIYPIT,1832.9905,6.57371,1,2.397614,0.055985
LPS,103,119,TVHASVLIPGHDIYPIT,1832.9905,6.566841,16.667002,2.766833,0.053165
LPS,103,119,TVHASVLIPGHDIYPIT,1832.9905,6.622007,83.333,3.726009,0.202087
LPS,103,119,TVHASVLIPGHDIYPIT,1832.9905,7.016032,420.000031,5.077387,0.052022
LPS + Thanatin,103,119,TVHASVLIPGHDIYPIT,1832.9905,6.626581,0,0,0
LPS + Thanatin,103,119,TVHASVLIPGHDIYPIT,1832.9905,7.013317,0.167,2.139168,0.110314
LPS + Thanatin,103,119,TVHASVLIPGHDIYPIT,1832.9905,6.580274,1,2.410282,0.068832
LPS + Thanatin,103,119,TVHASVLIPGHDIYPIT,1832.9905,6.545552,16.667002,2.72706,0.073599
LPS + Thanatin,103,119,TVHASVLIPGHDIYPIT,1832.9905,6.847514,83.333,3.525109,0.083264
LPS + Thanatin,103,119,TVHASVLIPGHDIYPIT,1832.9905,7.032907,420.000031,4.859549,0.060517
Thanatin,103,119,TVHASVLIPGHDIYPIT,1832.9905,6.61492,0,0,0
Thanatin,103,119,TVHASVLIPGHDIYPIT,1832.9905,7.020204,0.167,2.147517,0.063895
Thanatin,103,119,TVHASVLIPGHDIYPIT,1832.9905,6.672053,1,2.307222,0.073587
Thanatin,103,119,TVHASVLIPGHDIYPIT,1832.9905,6.764132,16.667002,2.796169,0.05853
Thanatin,103,119,TVHASVLIPGHDIYPIT,1832.9905,6.851095,83.333,3.543395,0.156919
Thanatin,103,119,TVHASVLIPGHDIYPIT,1832.9905,7.06391,420.000031,4.810089,0.023367
Apo,110,119,IPGHDIYPIT,1125.5939,6.085238,0,0,0
Apo,110,119,IPGHDIYPIT,1125.5939,6.615524,0.167,1.935504,0.052543
Apo,110,119,IPGHDIYPIT,1125.5939,6.061349,1,2.21091,0.025088
Apo,110,119,IPGHDIYPIT,1125.5939,6.057751,16.667002,2.189959,0.090273
Apo,110,119,IPGHDIYPIT,1125.5939,6.10116,83.333,2.614209,0.028236
Apo,110,119,IPGHDIYPIT,1125.5939,6.435112,420.000031,3.369634,0.024597
LPS,110,119,IPGHDIYPIT,1125.5939,6.085238,0,0,0
LPS,110,119,IPGHDIYPIT,1125.5939,6.693831,0.167,2.117382,0.035883
LPS,110,119,IPGHDIYPIT,1125.5939,6.141171,1,2.542643,0.114818
LPS,110,119,IPGHDIYPIT,1125.5939,6.111912,16.667002,2.304281,0.049533
LPS,110,119,IPGHDIYPIT,1125.5939,6.089192,83.333,2.797543,0.110027
LPS,110,119,IPGHDIYPIT,1125.5939,6.466235,420.000031,3.560952,0.070971
LPS + Thanatin,110,119,IPGHDIYPIT,1125.5939,6.085238,0,0,0
LPS + Thanatin,110,119,IPGHDIYPIT,1125.5939,6.475059,0.167,1.960195,0.096605
LPS + Thanatin,110,119,IPGHDIYPIT,1125.5939,6.069511,1,2.381139,0.126157
LPS + Thanatin,110,119,IPGHDIYPIT,1125.5939,6.137743,16.667002,2.434752,0.11143
LPS + Thanatin,110,119,IPGHDIYPIT,1125.5939,6.348804,83.333,2.592219,0.044272
LPS + Thanatin,110,119,IPGHDIYPIT,1125.5939,6.482853,420.000031,3.417098,0.108122
Thanatin,110,119,IPGHDIYPIT,1125.5939,6.085238,0,0,0
Thanatin,110,119,IPGHDIYPIT,1125.5939,6.499206,0.167,1.94667,0.055965
Thanatin,110,119,IPGHDIYPIT,1125.5939,6.188606,1,2.35417,0.116476
Thanatin,110,119,IPGHDIYPIT,1125.5939,6.340862,16.667002,2.363369,0.0571
Thanatin,110,119,IPGHDIYPIT,1125.5939,6.291381,83.333,2.656802,0.118347
Thanatin,110,119,IPGHDIYPIT,1125.5939,6.506538,420.000031,3.560365,0.063197
Apo,123,134,YRSFFDNPQAAL,1428.6906,7.496259,0,0,0
Apo,123,134,YRSFFDNPQAAL,1428.6906,7.953772,0.167,0.273246,0.053748
Apo,123,134,YRSFFDNPQAAL,1428.6906,7.456433,1,0.718487,0.079383
Apo,123,134,YRSFFDNPQAAL,1428.6906,7.469012,16.667002,2.217136,0.133933
Apo,123,134,YRSFFDNPQAAL,1428.6906,7.553198,83.333,3.104088,0.058135
Apo,123,134,YRSFFDNPQAAL,1428.6906,7.917243,420.000031,4.610621,0.054752
LPS,123,134,YRSFFDNPQAAL,1428.6906,7.496259,0,0,0
LPS,123,134,YRSFFDNPQAAL,1428.6906,7.952663,0.167,0.328937,0.058009
LPS,123,134,YRSFFDNPQAAL,1428.6906,7.481122,1,0.81774,0.063945
LPS,123,134,YRSFFDNPQAAL,1428.6906,7.451199,16.667002,2.34559,0.05702
LPS,123,134,YRSFFDNPQAAL,1428.6906,7.509091,83.333,3.30118,0.13787
LPS,123,134,YRSFFDNPQAAL,1428.6906,7.944745,420.000031,4.595412,0.069255
LPS + Thanatin,123,134,YRSFFDNPQAAL,1428.6906,7.496259,0,0,0
LPS + Thanatin,123,134,YRSFFDNPQAAL,1428.6906,7.955196,0.167,0.292587,0.056021
LPS + Thanatin,123,134,YRSFFDNPQAAL,1428.6906,7.458591,1,0.799248,0.059082
LPS + Thanatin,123,134,YRSFFDNPQAAL,1428.6906,7.43367,16.667002,2.32554,0.057214
LPS + Thanatin,123,134,YRSFFDNPQAAL,1428.6906,7.775747,83.333,3.118371,0.080342
LPS + Thanatin,123,134,YRSFFDNPQAAL,1428.6906,7.960957,420.000031,4.402959,0.064944
Thanatin,123,134,YRSFFDNPQAAL,1428.6906,7.496259,0,0,0
Thanatin,123,134,YRSFFDNPQAAL,1428.6906,7.954606,0.167,0.301955,0.060608
Thanatin,123,134,YRSFFDNPQAAL,1428.6906,7.659999,1,0.805938,0.060473
Thanatin,123,134,YRSFFDNPQAAL,1428.6906,7.707743,16.667002,2.315556,0.066247
Thanatin,123,134,YRSFFDNPQAAL,1428.6906,7.781696,83.333,3.175738,0.071025
Thanatin,123,134,YRSFFDNPQAAL,1428.6906,8.000239,420.000031,4.440411,0.068522
Apo,135,142,AKDAEQDM,907.3826,4.52317,0,0,0
Apo,135,142,AKDAEQDM,907.3826,4.86274,0.167,0.258699,0.093734
Apo,135,142,AKDAEQDM,907.3826,4.463689,1,0.122889,0.089166
Apo,135,142,AKDAEQDM,907.3826,4.466547,16.667002,0.131665,0.088927
Apo,135,142,AKDAEQDM,907.3826,4.502276,83.333,0.141643,0.089558
Apo,135,142,AKDAEQDM,907.3826,4.832079,420.000031,0.2417,0.090395
LPS,135,142,AKDAEQDM,907.3826,4.52317,0,0,0
LPS,135,142,AKDAEQDM,907.3826,4.858737,0.167,0.291046,0.089748
LPS,135,142,AKDAEQDM,907.3826,4.506313,1,0.158218,0.098543
LPS,135,142,AKDAEQDM,907.3826,4.481988,16.667002,0.139169,0.093113
LPS,135,142,AKDAEQDM,907.3826,4.499603,83.333,0.169004,0.103171
LPS,135,142,AKDAEQDM,907.3826,4.854842,420.000031,0.304574,0.090228
LPS + Thanatin,135,142,AKDAEQDM,907.3826,4.52317,0,0,0
LPS + Thanatin,135,142,AKDAEQDM,907.3826,4.854445,0.167,0.235355,0.091298
LPS + Thanatin,135,142,AKDAEQDM,907.3826,4.488443,1,0.131498,0.095299
LPS + Thanatin,135,142,AKDAEQDM,907.3826,4.474604,16.667002,0.110675,0.1021
LPS + Thanatin,135,142,AKDAEQDM,907.3826,4.726294,83.333,0.222219,0.098084
LPS + Thanatin,135,142,AKDAEQDM,907.3826,4.864181,420.000031,0.310018,0.091634
Thanatin,135,142,AKDAEQDM,907.3826,4.52317,0,0,0
Thanatin,135,142,AKDAEQDM,907.3826,4.859518,0.167,0.26262,0.091526
Thanatin,135,142,AKDAEQDM,907.3826,4.646185,1,0.144769,0.122062
Thanatin,135,142,AKDAEQDM,907.3826,4.670748,16.667002,0.135425,0.112335
Thanatin,135,142,AKDAEQDM,907.3826,4.684583,83.333,0.215351,0.104934
Thanatin,135,142,AKDAEQDM,907.3826,4.884746,420.000031,0.288849,0.090151
Apo,143,147,IIQEM,633.3276,5.802683,0,0,0
Apo,143,147,IIQEM,633.3276,6.168762,0.167,0.06792,0.015596
Apo,143,147,IIQEM,633.3276,5.786301,1,0.013755,0.016203
Apo,143,147,IIQEM,633.3276,5.79212,16.667002,0.025434,0.01624
Apo,143,147,IIQEM,633.3276,5.842903,83.333,0.033247,0.017032
Apo,143,147,IIQEM,633.3276,6.131932,420.000031,0.083489,0.022612
LPS,143,147,IIQEM,633.3276,5.802683,0,0,0
LPS,143,147,IIQEM,633.3276,6.165281,0.167,0.082401,0.015194
LPS,143,147,IIQEM,633.3276,5.811278,1,0.003468,0.021868
LPS,143,147,IIQEM,633.3276,5.783649,16.667002,0.006264,0.01543
LPS,143,147,IIQEM,633.3276,5.820535,83.333,0.037865,0.04289
LPS,143,147,IIQEM,633.3276,6.163209,420.000031,0.099784,0.01639
LPS + Thanatin,143,147,IIQEM,633.3276,5.802683,0,0,0
LPS + Thanatin,143,147,IIQEM,633.3276,6.165579,0.167,0.08465,0.014451
LPS + Thanatin,143,147,IIQEM,633.3276,5.802919,1,-0.002042,0.014883
LPS + Thanatin,143,147,IIQEM,633.3276,5.780443,16.667002,-0.000234,0.015161
LPS + Thanatin,143,147,IIQEM,633.3276,6.022648,83.333,0.069602,0.031186
LPS + Thanatin,143,147,IIQEM,633.3276,6.173261,420.000031,0.114194,0.015897
Thanatin,143,147,IIQEM,633.3276,5.802683,0,0,0
Thanatin,143,147,IIQEM,633.3276,6.16374,0.167,0.081517,0.016966
Thanatin,143,147,IIQEM,633.3276,5.918751,1,0.001347,0.024483
Thanatin,143,147,IIQEM,633.3276,5.955709,16.667002,0.019899,0.030809
Thanatin,143,147,IIQEM,633.3276,6.029718,83.333,0.06475,0.036722
Thanatin,143,147,IIQEM,633.3276,6.188127,420.000031,0.120799,0.014918
Apo,147,155,MYDKAAEQL,1068.503,5.581336,0,0,0
Apo,147,155,MYDKAAEQL,1068.503,5.952303,0.167,0.185432,0.068248
Apo,147,155,MYDKAAEQL,1068.503,5.542547,1,0.01864,0.067782
Apo,147,155,MYDKAAEQL,1068.503,5.551528,16.667002,0.035075,0.068594
Apo,147,155,MYDKAAEQL,1068.503,5.606717,83.333,0.061179,0.069818
Apo,147,155,MYDKAAEQL,1068.503,5.912866,420.000031,0.285682,0.071353
LPS,147,155,MYDKAAEQL,1068.503,5.581336,0,0,0
LPS,147,155,MYDKAAEQL,1068.503,5.949299,0.167,0.217135,0.068221
LPS,147,155,MYDKAAEQL,1068.503,5.576611,1,0.038875,0.071763
LPS,147,155,MYDKAAEQL,1068.503,5.568374,16.667002,0.036657,0.076703
LPS,147,155,MYDKAAEQL,1068.503,5.58418,83.333,0.08552,0.079283
LPS,147,155,MYDKAAEQL,1068.503,5.948143,420.000031,0.328913,0.066551
LPS + Thanatin,147,155,MYDKAAEQL,1068.503,5.581336,0,0,0
LPS + Thanatin,147,155,MYDKAAEQL,1068.503,5.949915,0.167,0.198568,0.067618
LPS + Thanatin,147,155,MYDKAAEQL,1068.503,5.563455,1,0.037111,0.070744
LPS + Thanatin,147,155,MYDKAAEQL,1068.503,5.546529,16.667002,0.027809,0.070809
LPS + Thanatin,147,155,MYDKAAEQL,1068.503,5.777492,83.333,0.142817,0.082503
LPS + Thanatin,147,155,MYDKAAEQL,1068.503,5.961701,420.000031,0.335156,0.068372
Thanatin,147,155,MYDKAAEQL,1068.503,5.581336,0,0,0
Thanatin,147,155,MYDKAAEQL,1068.503,5.9483,0.167,0.199441,0.069662
Thanatin,147,155,MYDKAAEQL,1068.503,5.686448,1,0.032448,0.08424
Thanatin,147,155,MYDKAAEQL,1068.503,5.711092,16.667002,0.03212,0.084141
Thanatin,147,155,MYDKAAEQL,1068.503,5.809347,83.333,0.116148,0.079269
Thanatin,147,155,MYDKAAEQL,1068.503,5.985921,420.000031,0.304681,0.066274
Apo,148,155,YDKAAEQL,937.4625,5.120319,0,0,0
Apo,148,155,YDKAAEQL,937.4625,5.478944,0.167,0.127311,0.036988
Apo,148,155,YDKAAEQL,937.4625,5.070389,1,0.045664,0.036696
Apo,148,155,YDKAAEQL,937.4625,5.077669,16.667002,0.046379,0.037308
Apo,148,155,YDKAAEQL,937.4625,5.133627,83.333,0.048918,0.034629
Apo,148,155,YDKAAEQL,937.4625,5.44636,420.000031,0.168137,0.054813
LPS,148,155,YDKAAEQL,937.4625,5.120319,0,0,0
LPS,148,155,YDKAAEQL,937.4625,5.477318,0.167,0.155575,0.043411
LPS,148,155,YDKAAEQL,937.4625,5.111845,1,0.046536,0.042036
LPS,148,155,YDKAAEQL,937.4625,5.09567,16.667002,0.060153,0.040411
LPS,148,155,YDKAAEQL,937.4625,5.112365,83.333,0.092214,0.051921
LPS,148,155,YDKAAEQL,937.4625,5.476021,420.000031,0.239366,0.041049
LPS + Thanatin,148,155,YDKAAEQL,937.4625,5.120319,0,0,0
LPS + Thanatin,148,155,YDKAAEQL,937.4625,5.469891,0.167,0.149283,0.048978
LPS + Thanatin,148,155,YDKAAEQL,937.4625,5.094854,1,0.042913,0.03577
LPS + Thanatin,148,155,YDKAAEQL,937.4625,5.078227,16.667002,0.036013,0.035748
LPS + Thanatin,148,155,YDKAAEQL,937.4625,5.311196,83.333,0.108342,0.071861
LPS + Thanatin,148,155,YDKAAEQL,937.4625,5.479584,420.000031,0.221118,0.042813
Thanatin,148,155,YDKAAEQL,937.4625,5.120319,0,0,0
Thanatin,148,155,YDKAAEQL,937.4625,5.475091,0.167,0.128467,0.047307
Thanatin,148,155,YDKAAEQL,937.4625,5.199685,1,0.008684,0.038823
Thanatin,148,155,YDKAAEQL,937.4625,5.222851,16.667002,0.013596,0.04274
Thanatin,148,155,YDKAAEQL,937.4625,5.348442,83.333,0.076577,0.067367
Thanatin,148,155,YDKAAEQL,937.4625,5.506615,420.000031,0.142757,0.043649
Apo,156,163,IRKLPSVQ,940.5938,4.657538,0,0,0
Apo,156,163,IRKLPSVQ,940.5938,4.989397,0.167,1.916131,0.105342
Apo,156,163,IRKLPSVQ,940.5938,4.603858,1,2.472107,0.042209
Apo,156,163,IRKLPSVQ,940.5938,4.6097,16.667002,2.531146,0.118501
Apo,156,163,IRKLPSVQ,940.5938,4.650775,83.333,3.119795,0.034926
Apo,156,163,IRKLPSVQ,940.5938,4.953173,420.000031,4.268619,0.029233
LPS,156,163,IRKLPSVQ,940.5938,4.657538,0,0,0
LPS,156,163,IRKLPSVQ,940.5938,4.982696,0.167,2.144704,0.076495
LPS,156,163,IRKLPSVQ,940.5938,4.641827,1,2.588935,0.066283
LPS,156,163,IRKLPSVQ,940.5938,4.642563,16.667002,2.622604,0.139029
LPS,156,163,IRKLPSVQ,940.5938,4.647799,83.333,3.445434,0.138558
LPS,156,163,IRKLPSVQ,940.5938,4.979517,420.000031,4.243653,0.044947
LPS + Thanatin,156,163,IRKLPSVQ,940.5938,4.657538,0,0,0
LPS + Thanatin,156,163,IRKLPSVQ,940.5938,4.970937,0.167,1.879871,0.148445
LPS + Thanatin,156,163,IRKLPSVQ,940.5938,4.633664,1,2.562741,0.034574
LPS + Thanatin,156,163,IRKLPSVQ,940.5938,4.621704,16.667002,2.634759,0.033481
LPS + Thanatin,156,163,IRKLPSVQ,940.5938,4.853022,83.333,3.11968,0.101049
LPS + Thanatin,156,163,IRKLPSVQ,940.5938,4.985819,420.000031,4.126975,0.021716
Thanatin,156,163,IRKLPSVQ,940.5938,4.657538,0,0,0
Thanatin,156,163,IRKLPSVQ,940.5938,4.980994,0.167,1.934925,0.081753
Thanatin,156,163,IRKLPSVQ,940.5938,4.724352,1,2.556188,0.034813
Thanatin,156,163,IRKLPSVQ,940.5938,4.767454,16.667002,2.624258,0.061302
Thanatin,156,163,IRKLPSVQ,940.5938,4.8579,83.333,3.09812,0.055572
Thanatin,156,163,IRKLPSVQ,940.5938,5.009569,420.000031,4.150625,0.035866
Apo,164,168,VADVE,532.2613,4.16472,0,0,0
Apo,164,168,VADVE,532.2613,4.447003,0.167,2.190304,0.097956
Apo,164,168,VADVE,532.2613,4.162451,1,2.343328,0.034022
Apo,164,168,VADVE,532.2613,4.163042,16.667002,2.108316,0.040819
Apo,164,168,VADVE,532.2613,4.180757,83.333,2.15117,0.023482
Apo,164,168,VADVE,532.2613,4.42926,420.000031,2.558535,0.017639
LPS,164,168,VADVE,532.2613,4.16472,0,0,0
LPS,164,168,VADVE,532.2613,4.446904,0.167,2.324388,0.034343
LPS,164,168,VADVE,532.2613,4.171807,1,2.462035,0.057047
LPS,164,168,VADVE,532.2613,4.171056,16.667002,2.158952,0.074086
LPS,164,168,VADVE,532.2613,4.180157,83.333,2.211699,0.014015
LPS,164,168,VADVE,532.2613,4.434427,420.000031,2.518421,0.022212
LPS + Thanatin,164,168,VADVE,532.2613,4.16472,0,0,0
LPS + Thanatin,164,168,VADVE,532.2613,4.444327,0.167,2.102884,0.076567
LPS + Thanatin,164,168,VADVE,532.2613,4.167807,1,2.42327,0.041886
LPS + Thanatin,164,168,VADVE,532.2613,4.151418,16.667002,2.190071,0.038338
LPS + Thanatin,164,168,VADVE,532.2613,4.304565,83.333,2.181703,0.054412
LPS + Thanatin,164,168,VADVE,532.2613,4.449664,420.000031,2.427824,0.026825
Thanatin,164,168,VADVE,532.2613,4.16472,0,0,0
Thanatin,164,168,VADVE,532.2613,4.441228,0.167,2.153507,0.064422
Thanatin,164,168,VADVE,532.2613,4.24347,1,2.439916,0.042477
Thanatin,164,168,VADVE,532.2613,4.249335,16.667002,2.20838,0.050493
Thanatin,164,168,VADVE,532.2613,4.29893,83.333,2.194436,0.041947
Thanatin,164,168,VADVE,532.2613,4.465864,420.000031,2.471996,0.030539
Apo,169,196,ATQQEEKPVAGSTAPASSGNRVSTTLGQ,2772.3759,4.868691,0,0,0
Apo,169,196,ATQQEEKPVAGSTAPASSGNRVSTTLGQ,2772.3759,5.146597,0.167,13.623468,0.542185
Apo,169,196,ATQQEEKPVAGSTAPASSGNRVSTTLGQ,2772.3759,4.814657,1,15.405074,0.264765
Apo,169,196,ATQQEEKPVAGSTAPASSGNRVSTTLGQ,2772.3759,4.824202,16.667002,13.765527,0.37698
Apo,169,196,ATQQEEKPVAGSTAPASSGNRVSTTLGQ,2772.3759,4.862681,83.333,13.993612,0.231797
Apo,169,196,ATQQEEKPVAGSTAPASSGNRVSTTLGQ,2772.3759,5.117316,420.000031,16.337543,0.142078
LPS,169,196,ATQQEEKPVAGSTAPASSGNRVSTTLGQ,2772.3759,4.868691,0,0,0
LPS,169,196,ATQQEEKPVAGSTAPASSGNRVSTTLGQ,2772.3759,5.14607,0.167,14.983909,0.134293
LPS,169,196,ATQQEEKPVAGSTAPASSGNRVSTTLGQ,2772.3759,4.82567,1,16.637061,0.458476
LPS,169,196,ATQQEEKPVAGSTAPASSGNRVSTTLGQ,2772.3759,4.816741,16.667002,14.750652,0.064186
LPS,169,196,ATQQEEKPVAGSTAPASSGNRVSTTLGQ,2772.3759,4.848282,83.333,14.812734,0.173007
LPS,169,196,ATQQEEKPVAGSTAPASSGNRVSTTLGQ,2772.3759,5.141905,420.000031,17.051484,0.101669
LPS + Thanatin,169,196,ATQQEEKPVAGSTAPASSGNRVSTTLGQ,2772.3759,4.868691,0,0,0
LPS + Thanatin,169,196,ATQQEEKPVAGSTAPASSGNRVSTTLGQ,2772.3759,5.143703,0.167,13.54788,0.56413
LPS + Thanatin,169,196,ATQQEEKPVAGSTAPASSGNRVSTTLGQ,2772.3759,4.820976,1,16.218984,0.250133
LPS + Thanatin,169,196,ATQQEEKPVAGSTAPASSGNRVSTTLGQ,2772.3759,4.79556,16.667002,14.586269,0.107673
LPS + Thanatin,169,196,ATQQEEKPVAGSTAPASSGNRVSTTLGQ,2772.3759,5.007371,83.333,14.628269,0.111335
LPS + Thanatin,169,196,ATQQEEKPVAGSTAPASSGNRVSTTLGQ,2772.3759,5.154669,420.000031,15.991071,0.100801
Thanatin,169,196,ATQQEEKPVAGSTAPASSGNRVSTTLGQ,2772.3759,4.868691,0,0,0
Thanatin,169,196,ATQQEEKPVAGSTAPASSGNRVSTTLGQ,2772.3759,5.143968,0.167,13.867946,0.465907
Thanatin,169,196,ATQQEEKPVAGSTAPASSGNRVSTTLGQ,2772.3759,4.934952,1,15.993909,0.074658
Thanatin,169,196,ATQQEEKPVAGSTAPASSGNRVSTTLGQ,2772.3759,4.955794,16.667002,14.479794,0.184264
Thanatin,169,196,ATQQEEKPVAGSTAPASSGNRVSTTLGQ,2772.3759,4.999918,83.333,14.602712,0.336458
Thanatin,169,196,ATQQEEKPVAGSTAPASSGNRVSTTLGQ,2772.3759,5.170992,420.000031,15.966984,0.057883
Apo,173,196,EEKPVAGSTAPASSGNRVSTTLGQ,2344.1739,4.865235,0,0,0
Apo,173,196,EEKPVAGSTAPASSGNRVSTTLGQ,2344.1739,5.135071,0.167,11.715652,0.595712
Apo,173,196,EEKPVAGSTAPASSGNRVSTTLGQ,2344.1739,4.802014,1,13.148293,0.228175
Apo,173,196,EEKPVAGSTAPASSGNRVSTTLGQ,2344.1739,4.811803,16.667002,11.754746,0.295263
Apo,173,196,EEKPVAGSTAPASSGNRVSTTLGQ,2344.1739,4.864658,83.333,11.969295,0.209203
Apo,173,196,EEKPVAGSTAPASSGNRVSTTLGQ,2344.1739,5.109159,420.000031,13.89565,0.118694
LPS,173,196,EEKPVAGSTAPASSGNRVSTTLGQ,2344.1739,4.865235,0,0,0
LPS,173,196,EEKPVAGSTAPASSGNRVSTTLGQ,2344.1739,5.138659,0.167,12.643937,0.113296
LPS,173,196,EEKPVAGSTAPASSGNRVSTTLGQ,2344.1739,4.825799,1,14.245535,0.443563
LPS,173,196,EEKPVAGSTAPASSGNRVSTTLGQ,2344.1739,4.820498,16.667002,12.394602,0.327385
LPS,173,196,EEKPVAGSTAPASSGNRVSTTLGQ,2344.1739,4.839347,83.333,12.593081,0.097554
LPS,173,196,EEKPVAGSTAPASSGNRVSTTLGQ,2344.1739,5.134752,420.000031,14.393109,0.07846
LPS + Thanatin,173,196,EEKPVAGSTAPASSGNRVSTTLGQ,2344.1739,4.865235,0,0,0
LPS + Thanatin,173,196,EEKPVAGSTAPASSGNRVSTTLGQ,2344.1739,5.140628,0.167,11.593528,0.422486
LPS + Thanatin,173,196,EEKPVAGSTAPASSGNRVSTTLGQ,2344.1739,4.812914,1,13.779289,0.197147
LPS + Thanatin,173,196,EEKPVAGSTAPASSGNRVSTTLGQ,2344.1739,4.78623,16.667002,12.384825,0.080517
LPS + Thanatin,173,196,EEKPVAGSTAPASSGNRVSTTLGQ,2344.1739,4.996463,83.333,12.478634,0.093439
LPS + Thanatin,173,196,EEKPVAGSTAPASSGNRVSTTLGQ,2344.1739,5.147577,420.000031,13.535815,0.095367
Thanatin,173,196,EEKPVAGSTAPASSGNRVSTTLGQ,2344.1739,4.865235,0,0,0
Thanatin,173,196,EEKPVAGSTAPASSGNRVSTTLGQ,2344.1739,5.138302,0.167,11.700596,0.396395
Thanatin,173,196,EEKPVAGSTAPASSGNRVSTTLGQ,2344.1739,4.925324,1,13.628896,0.046974
Thanatin,173,196,EEKPVAGSTAPASSGNRVSTTLGQ,2344.1739,4.949204,16.667002,12.291919,0.141255
Thanatin,173,196,EEKPVAGSTAPASSGNRVSTTLGQ,2344.1739,5.03051,83.333,12.362161,0.228842
Thanatin,173,196,EEKPVAGSTAPASSGNRVSTTLGQ,2344.1739,5.164921,420.000031,13.596867,0.046294