Protein,Start,End,Sequence,Modification,Fragment,MaxUptake,MHP,State,Exposure,Center,Center SD,Uptake,Uptake SD,RT,RT SD
PRAS40,3,9,SGRPEEL,,,5,787.3945,Apo,0,787.723694,0,0,0,5.58758,0
PRAS40,3,9,SGRPEEL,,,5,787.3945,Apo,0.005,789.886987,0.003272,2.163293,0.003272,5.573729,0.004459
PRAS40,3,9,SGRPEEL,,,5,787.3945,Apo,0.05,790.000737,0.048517,2.277043,0.048517,5.571817,0.006224
PRAS40,3,9,SGRPEEL,,,5,787.3945,Apo,0.5,789.906098,0.077461,2.182404,0.077461,5.566412,0.005154
PRAS40,3,9,SGRPEEL,,,5,787.3945,Apo,5,790.078182,0.012036,2.354487,0.012036,5.562508,0.006359
PRAS40,3,9,SGRPEEL,,,5,787.3945,Apo,50.000004,789.879679,0.010924,2.155985,0.010924,5.594996,0.002286
PRAS40,3,9,SGRPEEL,,,5,787.3945,withRaptor,0,787.723694,0,0,0,5.58758,0
PRAS40,3,9,SGRPEEL,,,5,787.3945,withRaptor,0.005,789.724033,0.050336,2.000338,0.050336,5.564238,0.006266
PRAS40,3,9,SGRPEEL,,,5,787.3945,withRaptor,0.05,789.965876,0.047545,2.242182,0.047545,5.554631,0.006001
PRAS40,3,9,SGRPEEL,,,5,787.3945,withRaptor,0.5,789.902046,0.008308,2.178352,0.008308,5.551372,0.010311
PRAS40,3,9,SGRPEEL,,,5,787.3945,withRaptor,5,789.905633,0.004893,2.181939,0.004893,5.571709,0.004024
PRAS40,3,9,SGRPEEL,,,5,787.3945,withRaptor,50.000004,789.980408,0.064252,2.256714,0.064252,5.562338,0.002146
PRAS40,10,16,WEAVVGA,,,6,731.3723,Apo,0,731.759866,0,0,0,8.278794,0
PRAS40,10,16,WEAVVGA,,,6,731.3723,Apo,0.005,734.548371,0.063146,2.788505,0.063146,8.2552,0.003635
PRAS40,10,16,WEAVVGA,,,6,731.3723,Apo,0.05,735.094064,0.044113,3.334198,0.044113,8.245388,0.003157
PRAS40,10,16,WEAVVGA,,,6,731.3723,Apo,0.5,735.085948,0.017944,3.326082,0.017944,8.245842,0.006644
PRAS40,10,16,WEAVVGA,,,6,731.3723,Apo,5,735.118533,0.014796,3.358667,0.014796,8.245131,0.001042
PRAS40,10,16,WEAVVGA,,,6,731.3723,Apo,50.000004,735.085138,0.048117,3.325272,0.048117,8.266813,0.008431
PRAS40,10,16,WEAVVGA,,,6,731.3723,withRaptor,0,731.759866,0,0,0,8.278794,0
PRAS40,10,16,WEAVVGA,,,6,731.3723,withRaptor,0.005,734.191928,0.123415,2.432062,0.123415,8.250401,0.000169
PRAS40,10,16,WEAVVGA,,,6,731.3723,withRaptor,0.05,735.042616,0.012778,3.28275,0.012778,8.233437,0.001143
PRAS40,10,16,WEAVVGA,,,6,731.3723,withRaptor,0.5,735.043094,0.02544,3.283228,0.02544,8.252528,0.015119
PRAS40,10,16,WEAVVGA,,,6,731.3723,withRaptor,5,735.087826,0.007652,3.32796,0.007652,8.254509,0.007917
PRAS40,10,16,WEAVVGA,,,6,731.3723,withRaptor,50.000004,735.134952,0.044162,3.375086,0.044162,8.239884,0.003102
PRAS40,10,18,WEAVVGAAE,,,8,931.452,Apo,0,931.916222,0,0,0,8.113564,0
PRAS40,10,18,WEAVVGAAE,,,8,931.452,Apo,0.005,936.118697,0.065719,4.202475,0.065719,8.0933,0.000192
PRAS40,10,18,WEAVVGAAE,,,8,931.452,Apo,0.05,936.673354,0.024153,4.757132,0.024153,8.082255,0.002361
PRAS40,10,18,WEAVVGAAE,,,8,931.452,Apo,0.5,936.683236,0.046796,4.767014,0.046796,8.085869,0.006229
PRAS40,10,18,WEAVVGAAE,,,8,931.452,Apo,5,936.707828,0.032805,4.791607,0.032805,8.081722,0.002942
PRAS40,10,18,WEAVVGAAE,,,8,931.452,Apo,50.000004,936.71199,0.011803,4.795769,0.011803,8.10853,0.004976
PRAS40,10,18,WEAVVGAAE,,,8,931.452,withRaptor,0,931.916222,0,0,0,8.113564,0
PRAS40,10,18,WEAVVGAAE,,,8,931.452,withRaptor,0.005,935.628615,0.151644,3.712393,0.151644,8.088052,0.002244
PRAS40,10,18,WEAVVGAAE,,,8,931.452,withRaptor,0.05,936.669909,0.056546,4.753687,0.056546,8.0721,0.005101
PRAS40,10,18,WEAVVGAAE,,,8,931.452,withRaptor,0.5,936.698921,0.089718,4.7827,0.089718,8.093158,0.012616
PRAS40,10,18,WEAVVGAAE,,,8,931.452,withRaptor,5,936.678584,0.083315,4.762362,0.083315,8.090457,0.008231
PRAS40,10,18,WEAVVGAAE,,,8,931.452,withRaptor,50.000004,936.621665,0.075384,4.705444,0.075384,8.082951,0.002776
PRAS40,12,27,AVVGAAERFRARTGTE,,,15,1690.8983,Apo,0,1691.932556,0,0,0,5.854828,0
PRAS40,12,27,AVVGAAERFRARTGTE,,,15,1690.8983,Apo,0.005,1700.838841,0.182573,8.906285,0.182573,5.814484,0.000848
PRAS40,12,27,AVVGAAERFRARTGTE,,,15,1690.8983,Apo,0.05,1700.959092,0.0806,9.026535,0.0806,5.814745,0.001685
PRAS40,12,27,AVVGAAERFRARTGTE,,,15,1690.8983,Apo,0.5,1701.015432,0.148249,9.082875,0.148249,5.809053,0.003697
PRAS40,12,27,AVVGAAERFRARTGTE,,,15,1690.8983,Apo,5,1701.167959,0.162725,9.235403,0.162725,5.811182,0.008361
PRAS40,12,27,AVVGAAERFRARTGTE,,,15,1690.8983,Apo,50.000004,1701.000757,0.121236,9.0682,0.121236,5.839203,0.002477
PRAS40,12,27,AVVGAAERFRARTGTE,,,15,1690.8983,withRaptor,0,1691.932556,0,0,0,5.854828,0
PRAS40,12,27,AVVGAAERFRARTGTE,,,15,1690.8983,withRaptor,0.005,1700.283603,0.092267,8.351047,0.092267,5.813164,0.008579
PRAS40,12,27,AVVGAAERFRARTGTE,,,15,1690.8983,withRaptor,0.05,1700.932317,0.225021,8.999761,0.225021,5.799908,0.006441
PRAS40,12,27,AVVGAAERFRARTGTE,,,15,1690.8983,withRaptor,0.5,1700.728717,0.033862,8.79616,0.033862,5.798658,0.009727
PRAS40,12,27,AVVGAAERFRARTGTE,,,15,1690.8983,withRaptor,5,1700.772201,0.153786,8.839645,0.153786,5.836206,0.019781
PRAS40,12,27,AVVGAAERFRARTGTE,,,15,1690.8983,withRaptor,50.000004,1701.091378,0.166682,9.158822,0.166682,5.805725,0.008632
PRAS40,14,20,VGAAERF,,,6,749.3941,Apo,0,749.81409,0,0,0,7.110096,0
PRAS40,14,20,VGAAERF,,,6,749.3941,Apo,0.005,753.325448,0.032351,3.511358,0.032351,7.074306,0.006574
PRAS40,14,20,VGAAERF,,,6,749.3941,Apo,0.05,753.440598,0.068114,3.626508,0.068114,7.071654,0.004668
PRAS40,14,20,VGAAERF,,,6,749.3941,Apo,0.5,753.362955,0.046542,3.548865,0.046542,7.072792,0.004688
PRAS40,14,20,VGAAERF,,,6,749.3941,Apo,5,753.496013,0.050413,3.681923,0.050413,7.074274,0.000316
PRAS40,14,20,VGAAERF,,,6,749.3941,Apo,50.000004,753.529763,0.044052,3.715673,0.044052,7.088051,0.005675
PRAS40,14,20,VGAAERF,,,6,749.3941,withRaptor,0,749.81409,0,0,0,7.110096,0
PRAS40,14,20,VGAAERF,,,6,749.3941,withRaptor,0.005,752.994794,0.073064,3.180703,0.073064,7.062254,0.007858
PRAS40,14,20,VGAAERF,,,6,749.3941,withRaptor,0.05,753.431992,0.080953,3.617902,0.080953,7.05688,0.002229
PRAS40,14,20,VGAAERF,,,6,749.3941,withRaptor,0.5,753.434367,0.021587,3.620277,0.021587,7.058217,0.01389
PRAS40,14,20,VGAAERF,,,6,749.3941,withRaptor,5,753.463188,0.057329,3.649098,0.057329,7.070533,0.004972
PRAS40,14,20,VGAAERF,,,6,749.3941,withRaptor,50.000004,753.473204,0.050009,3.659114,0.050009,7.062629,0.002576
PRAS40,16,28,AAERFRARTGTEL,,,12,1477.787,Apo,0,1478.717634,0,0,0,5.55969,0
PRAS40,16,28,AAERFRARTGTEL,,,12,1477.787,Apo,0.005,1484.71337,0.013801,5.995736,0.013801,5.531684,0.004807
PRAS40,16,28,AAERFRARTGTEL,,,12,1477.787,Apo,0.05,1484.851751,0.029829,6.134118,0.029829,5.540547,0.007932
PRAS40,16,28,AAERFRARTGTEL,,,12,1477.787,Apo,0.5,1484.842266,0.046983,6.124633,0.046983,5.5337,0.009616
PRAS40,16,28,AAERFRARTGTEL,,,12,1477.787,Apo,5,1484.896872,0.049721,6.179239,0.049721,5.535479,0.008257
PRAS40,16,28,AAERFRARTGTEL,,,12,1477.787,Apo,50.000004,1484.879107,0.046472,6.161474,0.046472,5.55948,0.007755
PRAS40,16,28,AAERFRARTGTEL,,,12,1477.787,withRaptor,0,1478.717634,0,0,0,5.55969,0
PRAS40,16,28,AAERFRARTGTEL,,,12,1477.787,withRaptor,0.005,1484.433783,0.116569,5.71615,0.116569,5.538261,0.010663
PRAS40,16,28,AAERFRARTGTEL,,,12,1477.787,withRaptor,0.05,1484.753084,0.10605,6.035451,0.10605,5.515941,0.003222
PRAS40,16,28,AAERFRARTGTEL,,,12,1477.787,withRaptor,0.5,1484.610601,0.042352,5.892968,0.042352,5.519531,0.018481
PRAS40,16,28,AAERFRARTGTEL,,,12,1477.787,withRaptor,5,1484.75212,0.038142,6.034486,0.038142,5.537484,0.003054
PRAS40,16,28,AAERFRARTGTEL,,,12,1477.787,withRaptor,50.000004,1484.754365,0.084672,6.036731,0.084672,5.540957,0.01458
PRAS40,17,27,AERFRARTGTE,,,10,1293.6658,Apo,0,1294.172235,0,0,0,4.225405,0
PRAS40,17,27,AERFRARTGTE,,,10,1293.6658,Apo,0.005,1299.720607,0.082227,5.548373,0.082227,4.228952,0.008255
PRAS40,17,27,AERFRARTGTE,,,10,1293.6658,Apo,0.05,1299.829064,0.094922,5.656829,0.094922,4.228622,0.006756
PRAS40,17,27,AERFRARTGTE,,,10,1293.6658,Apo,0.5,1299.811607,0.063948,5.639373,0.063948,4.234186,0.012302
PRAS40,17,27,AERFRARTGTE,,,10,1293.6658,Apo,5,1299.929385,0.039673,5.757151,0.039673,4.226398,0.002361
PRAS40,17,27,AERFRARTGTE,,,10,1293.6658,Apo,50.000004,1299.834279,0.027214,5.662044,0.027214,4.267141,0.01365
PRAS40,17,27,AERFRARTGTE,,,10,1293.6658,withRaptor,0,1294.172235,0,0,0,4.225405,0
PRAS40,17,27,AERFRARTGTE,,,10,1293.6658,withRaptor,0.005,1299.69389,0.159137,5.521656,0.159137,4.241747,0.014817
PRAS40,17,27,AERFRARTGTE,,,10,1293.6658,withRaptor,0.05,1299.606928,0.082322,5.434693,0.082322,4.217126,0.010976
PRAS40,17,27,AERFRARTGTE,,,10,1293.6658,withRaptor,0.5,1299.719301,0.005088,5.547066,0.005088,4.244102,0.020625
PRAS40,17,27,AERFRARTGTE,,,10,1293.6658,withRaptor,5,1299.844005,0.087668,5.67177,0.087668,4.245795,0.012463
PRAS40,17,27,AERFRARTGTE,,,10,1293.6658,withRaptor,50.000004,1299.852481,0.092446,5.680247,0.092446,4.221436,0.005318
PRAS40,31,54,LTAAPPPPPRPGPCAYPAHGRGAL,,,15,2364.2394,Apo,0,2365.701927,0,0,0,6.491622,0
PRAS40,31,54,LTAAPPPPPRPGPCAYPAHGRGAL,,,15,2364.2394,Apo,0.005,2373.217236,0.057633,7.51531,0.057633,6.474201,0.000992
PRAS40,31,54,LTAAPPPPPRPGPCAYPAHGRGAL,,,15,2364.2394,Apo,0.05,2373.247445,0.093469,7.545519,0.093469,6.473276,0.003023
PRAS40,31,54,LTAAPPPPPRPGPCAYPAHGRGAL,,,15,2364.2394,Apo,0.5,2373.194709,0.027623,7.492782,0.027623,6.468765,0.002781
PRAS40,31,54,LTAAPPPPPRPGPCAYPAHGRGAL,,,15,2364.2394,Apo,5,2373.17197,0.056937,7.470044,0.056937,6.474782,0.005251
PRAS40,31,54,LTAAPPPPPRPGPCAYPAHGRGAL,,,15,2364.2394,Apo,50.000004,2373.258977,0.076417,7.55705,0.076417,6.499645,0.009151
PRAS40,31,54,LTAAPPPPPRPGPCAYPAHGRGAL,,,15,2364.2394,withRaptor,0,2365.701927,0,0,0,6.491622,0
PRAS40,31,54,LTAAPPPPPRPGPCAYPAHGRGAL,,,15,2364.2394,withRaptor,0.005,2373.040068,0.09685,7.338142,0.09685,6.468418,0.004454
PRAS40,31,54,LTAAPPPPPRPGPCAYPAHGRGAL,,,15,2364.2394,withRaptor,0.05,2373.141223,0.115192,7.439297,0.115192,6.460423,0.001387
PRAS40,31,54,LTAAPPPPPRPGPCAYPAHGRGAL,,,15,2364.2394,withRaptor,0.5,2373.100526,0.069996,7.398599,0.069996,6.458106,0.007924
PRAS40,31,54,LTAAPPPPPRPGPCAYPAHGRGAL,,,15,2364.2394,withRaptor,5,2373.117538,0.100456,7.415611,0.100456,6.478607,0.009729
PRAS40,31,54,LTAAPPPPPRPGPCAYPAHGRGAL,,,15,2364.2394,withRaptor,50.000004,2373.192421,0.068895,7.490495,0.068895,6.469781,0.004996
PRAS40,35,54,PPPPPRPGPCAYPAHGRGAL,,,11,2008.0334,Apo,0,2009.021667,0,0,0,6.487365,0
PRAS40,35,54,PPPPPRPGPCAYPAHGRGAL,,,11,2008.0334,Apo,0.005,2015.445496,0.045231,6.423828,0.045231,6.468431,0.003942
PRAS40,35,54,PPPPPRPGPCAYPAHGRGAL,,,11,2008.0334,Apo,0.05,2015.500993,0.107002,6.479326,0.107002,6.460688,0.004521
PRAS40,35,54,PPPPPRPGPCAYPAHGRGAL,,,11,2008.0334,Apo,0.5,2015.342642,0.098368,6.320974,0.098368,6.470071,0.005667
PRAS40,35,54,PPPPPRPGPCAYPAHGRGAL,,,11,2008.0334,Apo,5,2015.52362,0.090028,6.501953,0.090028,6.46992,0.000932
PRAS40,35,54,PPPPPRPGPCAYPAHGRGAL,,,11,2008.0334,Apo,50.000004,2015.544668,0.146462,6.523,0.146462,6.483239,0.006676
PRAS40,35,54,PPPPPRPGPCAYPAHGRGAL,,,11,2008.0334,withRaptor,0,2009.021667,0,0,0,6.487365,0
PRAS40,35,54,PPPPPRPGPCAYPAHGRGAL,,,11,2008.0334,withRaptor,0.005,2015.52994,0.098112,6.508273,0.098112,6.459462,0.005512
PRAS40,35,54,PPPPPRPGPCAYPAHGRGAL,,,11,2008.0334,withRaptor,0.05,2015.443262,0.108815,6.421594,0.108815,6.460101,0.004358
PRAS40,35,54,PPPPPRPGPCAYPAHGRGAL,,,11,2008.0334,withRaptor,0.5,2015.306904,0.053281,6.285236,0.053281,6.453683,0.012364
PRAS40,35,54,PPPPPRPGPCAYPAHGRGAL,,,11,2008.0334,withRaptor,5,2015.492056,0.094327,6.470389,0.094327,6.483926,0.030079
PRAS40,35,54,PPPPPRPGPCAYPAHGRGAL,,,11,2008.0334,withRaptor,50.000004,2015.526691,0.072223,6.505023,0.072223,6.464254,0.004732
PRAS40,51,60,RGALAEAARR,,,9,1070.6178,Apo,0,1071.2551,0.05046,0,0,8.051651,0.00026
PRAS40,51,60,RGALAEAARR,,,9,1070.6178,Apo,0.005,1073.930497,0.053564,2.675398,0.073589,8.039515,0.005214
PRAS40,51,60,RGALAEAARR,,,9,1070.6178,Apo,0.05,1074.206419,0.041011,2.95132,0.065024,8.032147,0.00499
PRAS40,51,60,RGALAEAARR,,,9,1070.6178,Apo,0.5,1074.209777,0.039406,2.954677,0.064024,8.034957,0.006692
PRAS40,51,60,RGALAEAARR,,,9,1070.6178,Apo,5,1074.187495,0.079065,2.932395,0.093795,8.030768,0.001206
PRAS40,51,60,RGALAEAARR,,,9,1070.6178,Apo,50.000004,1074.184234,0.047554,2.929134,0.069337,8.061293,0.010226
PRAS40,51,60,RGALAEAARR,,,9,1070.6178,withRaptor,0,1071.2551,0.05046,0,0,8.051651,0.00026
PRAS40,51,60,RGALAEAARR,,,9,1070.6178,withRaptor,0.005,1073.969439,0.125716,2.714339,0.135465,8.037886,0.003006
PRAS40,51,60,RGALAEAARR,,,9,1070.6178,withRaptor,0.05,1074.195892,0.028255,2.940793,0.057832,8.019386,0.003373
PRAS40,51,60,RGALAEAARR,,,9,1070.6178,withRaptor,0.5,1074.139647,0.019637,2.884548,0.054147,8.0425,0.014977
PRAS40,51,60,RGALAEAARR,,,9,1070.6178,withRaptor,5,1074.177915,0.108202,2.922815,0.11939,8.03519,0.008954
PRAS40,51,60,RGALAEAARR,,,9,1070.6178,withRaptor,50.000004,1074.205757,0.06174,2.950658,0.079738,8.029264,0.005409
PRAS40,58,67,ARRCLHDIAL,,,9,1167.6415,Apo,0,1168.357979,0,0,0,6.687454,0
PRAS40,58,67,ARRCLHDIAL,,,9,1167.6415,Apo,0.005,1170.724513,0.140492,2.366534,0.140492,6.649814,0.013697
PRAS40,58,67,ARRCLHDIAL,,,9,1167.6415,Apo,0.05,1171.087651,0.114679,2.729672,0.114679,6.661005,0.008752
PRAS40,58,67,ARRCLHDIAL,,,9,1167.6415,Apo,0.5,1171.156584,0.153637,2.798606,0.153637,6.661812,0.003875
PRAS40,58,67,ARRCLHDIAL,,,9,1167.6415,Apo,5,1171.257265,0.081633,2.899286,0.081633,6.663097,0.005024
PRAS40,58,67,ARRCLHDIAL,,,9,1167.6415,Apo,50.000004,1171.136362,0.037852,2.778383,0.037852,6.670601,0.009695
PRAS40,58,67,ARRCLHDIAL,,,9,1167.6415,withRaptor,0,1168.357979,0,0,0,6.687454,0
PRAS40,58,67,ARRCLHDIAL,,,9,1167.6415,withRaptor,0.005,1170.243158,0.022989,1.885179,0.022989,6.644909,0.010951
PRAS40,58,67,ARRCLHDIAL,,,9,1167.6415,withRaptor,0.05,1171.216408,0.083371,2.858429,0.083371,6.641658,0.001971
PRAS40,58,67,ARRCLHDIAL,,,9,1167.6415,withRaptor,0.5,1171.156938,0.201957,2.79896,0.201957,6.633779,0.016839
PRAS40,58,67,ARRCLHDIAL,,,9,1167.6415,withRaptor,5,1171.097321,0.047767,2.739342,0.047767,6.647063,0.005603
PRAS40,58,67,ARRCLHDIAL,,,9,1167.6415,withRaptor,50.000004,1170.980766,0.152176,2.622787,0.152176,6.648925,0.008812
PRAS40,65,99,IALAHRAATAARPPAPPPAPQPPSPTPSPPRPTLA,,,21,3469.9179,Apo,0,3471.818425,0.074239,0,0,6.405283,0.001148
PRAS40,65,99,IALAHRAATAARPPAPPPAPQPPSPTPSPPRPTLA,,,21,3469.9179,Apo,0.005,3483.06258,0.063959,11.244155,0.097991,6.385868,0.004345
PRAS40,65,99,IALAHRAATAARPPAPPPAPQPPSPTPSPPRPTLA,,,21,3469.9179,Apo,0.05,3483.409832,0.130746,11.591408,0.150352,6.379742,0.003551
PRAS40,65,99,IALAHRAATAARPPAPPPAPQPPSPTPSPPRPTLA,,,21,3469.9179,Apo,0.5,3483.330455,0.074189,11.512031,0.104955,6.386543,0.001818
PRAS40,65,99,IALAHRAATAARPPAPPPAPQPPSPTPSPPRPTLA,,,21,3469.9179,Apo,5,3483.416001,0.169523,11.597576,0.185066,6.388451,0.003434
PRAS40,65,99,IALAHRAATAARPPAPPPAPQPPSPTPSPPRPTLA,,,21,3469.9179,Apo,50.000004,3483.223836,0.104035,11.405411,0.127808,6.405121,0.005617
PRAS40,65,99,IALAHRAATAARPPAPPPAPQPPSPTPSPPRPTLA,,,21,3469.9179,withRaptor,0,3471.818425,0.074239,0,0,6.405283,0.001148
PRAS40,65,99,IALAHRAATAARPPAPPPAPQPPSPTPSPPRPTLA,,,21,3469.9179,withRaptor,0.005,3483.057608,0.081546,11.239183,0.110278,6.374232,0.005921
PRAS40,65,99,IALAHRAATAARPPAPPPAPQPPSPTPSPPRPTLA,,,21,3469.9179,withRaptor,0.05,3483.370215,0.160356,11.551791,0.176707,6.374474,0.008969
PRAS40,65,99,IALAHRAATAARPPAPPPAPQPPSPTPSPPRPTLA,,,21,3469.9179,withRaptor,0.5,3483.274146,0.152534,11.455722,0.169641,6.370303,0.01234
PRAS40,65,99,IALAHRAATAARPPAPPPAPQPPSPTPSPPRPTLA,,,21,3469.9179,withRaptor,5,3483.449814,0.185808,11.63139,0.20009,6.382567,0.004294
PRAS40,65,99,IALAHRAATAARPPAPPPAPQPPSPTPSPPRPTLA,,,21,3469.9179,withRaptor,50.000004,3483.359111,0.089338,11.540687,0.116159,6.374128,0.00268
PRAS40,66,73,ALAHRAAT,,,7,810.4581,Apo,0,810.858736,0,0,0,4.485498,0
PRAS40,66,73,ALAHRAAT,,,7,810.4581,Apo,0.005,813.717909,0.016232,2.859173,0.016232,4.482579,0.003928
PRAS40,66,73,ALAHRAAT,,,7,810.4581,Apo,0.05,813.700822,0.032998,2.842086,0.032998,4.477084,0.003249
PRAS40,66,73,ALAHRAAT,,,7,810.4581,Apo,0.5,813.54772,0.073162,2.688983,0.073162,4.471925,0.004094
PRAS40,66,73,ALAHRAAT,,,7,810.4581,Apo,5,813.698764,0.079121,2.840027,0.079121,4.474133,0.001018
PRAS40,66,73,ALAHRAAT,,,7,810.4581,Apo,50.000004,813.613633,0.089802,2.754896,0.089802,4.495853,0.009418
PRAS40,66,73,ALAHRAAT,,,7,810.4581,withRaptor,0,810.858736,0,0,0,4.485498,0
PRAS40,66,73,ALAHRAAT,,,7,810.4581,withRaptor,0.005,813.594779,0.12446,2.736043,0.12446,4.476162,0.005443
PRAS40,66,73,ALAHRAAT,,,7,810.4581,withRaptor,0.05,813.714687,0.087626,2.855951,0.087626,4.471208,0.002438
PRAS40,66,73,ALAHRAAT,,,7,810.4581,withRaptor,0.5,813.52485,0.08517,2.666114,0.08517,4.472808,0.010801
PRAS40,66,73,ALAHRAAT,,,7,810.4581,withRaptor,5,813.684626,0.105512,2.825889,0.105512,4.486334,0.015276
PRAS40,66,73,ALAHRAAT,,,7,810.4581,withRaptor,50.000004,813.659346,0.122166,2.80061,0.122166,4.469295,0.003129
PRAS40,69,75,HRAATAA,,,6,697.374,Apo,0,697.817849,0,0,0,5.924964,0
PRAS40,69,75,HRAATAA,,,6,697.374,Apo,0.005,700.394209,0.009754,2.57636,0.009754,5.910275,0.004664
PRAS40,69,75,HRAATAA,,,6,697.374,Apo,0.05,700.599537,0.060598,2.781687,0.060598,5.907975,0.002466
PRAS40,69,75,HRAATAA,,,6,697.374,Apo,0.5,700.620735,0.089338,2.802885,0.089338,5.894421,0.008265
PRAS40,69,75,HRAATAA,,,6,697.374,Apo,5,700.739,0.026023,2.92115,0.026023,5.896829,0.004598
PRAS40,69,75,HRAATAA,,,6,697.374,Apo,50.000004,700.76729,0.074386,2.949441,0.074386,5.926799,0.00574
PRAS40,69,75,HRAATAA,,,6,697.374,withRaptor,0,697.817849,0,0,0,5.924964,0
PRAS40,69,75,HRAATAA,,,6,697.374,withRaptor,0.005,700.444197,0.069337,2.626348,0.069337,5.90109,0.003927
PRAS40,69,75,HRAATAA,,,6,697.374,withRaptor,0.05,700.606693,0.026186,2.788844,0.026186,5.894415,0.005962
PRAS40,69,75,HRAATAA,,,6,697.374,withRaptor,0.5,700.667214,0.10683,2.849364,0.10683,5.888819,0.009547
PRAS40,69,75,HRAATAA,,,6,697.374,withRaptor,5,700.896008,0.094079,3.078158,0.094079,5.904095,0.008963
PRAS40,69,75,HRAATAA,,,6,697.374,withRaptor,50.000004,700.730398,0.080086,2.912548,0.080086,5.894604,0.004027
PRAS40,74,98,AARPPAPPPAPQPPSPTPSPPRPTL,,,11,2494.3565,Apo,0,2495.750396,0,0,0,6.914583,0
PRAS40,74,98,AARPPAPPPAPQPPSPTPSPPRPTL,,,11,2494.3565,Apo,0.005,2502.737097,0.054063,6.9867,0.054063,6.901477,0.003872
PRAS40,74,98,AARPPAPPPAPQPPSPTPSPPRPTL,,,11,2494.3565,Apo,0.05,2502.899459,0.04127,7.149063,0.04127,6.894055,0.002055
PRAS40,74,98,AARPPAPPPAPQPPSPTPSPPRPTL,,,11,2494.3565,Apo,0.5,2502.700508,0.105841,6.950111,0.105841,6.901133,0.008393
PRAS40,74,98,AARPPAPPPAPQPPSPTPSPPRPTL,,,11,2494.3565,Apo,5,2502.771644,0.066983,7.021248,0.066983,6.893078,0.002508
PRAS40,74,98,AARPPAPPPAPQPPSPTPSPPRPTL,,,11,2494.3565,Apo,50.000004,2502.735003,0.049248,6.984607,0.049248,6.916571,0.007232
PRAS40,74,98,AARPPAPPPAPQPPSPTPSPPRPTL,,,11,2494.3565,withRaptor,0,2495.750396,0,0,0,6.914583,0
PRAS40,74,98,AARPPAPPPAPQPPSPTPSPPRPTL,,,11,2494.3565,withRaptor,0.005,2502.618336,0.037704,6.867939,0.037704,6.889836,0.011317
PRAS40,74,98,AARPPAPPPAPQPPSPTPSPPRPTL,,,11,2494.3565,withRaptor,0.05,2502.883176,0.019148,7.13278,0.019148,6.894385,0.004988
PRAS40,74,98,AARPPAPPPAPQPPSPTPSPPRPTL,,,11,2494.3565,withRaptor,0.5,2502.690536,0.083854,6.94014,0.083854,6.891511,0.016171
PRAS40,74,98,AARPPAPPPAPQPPSPTPSPPRPTL,,,11,2494.3565,withRaptor,5,2502.847176,0.032207,7.09678,0.032207,6.90574,0.015104
PRAS40,74,98,AARPPAPPPAPQPPSPTPSPPRPTL,,,11,2494.3565,withRaptor,50.000004,2502.733457,0.070204,6.983061,0.070204,6.894992,0.004298
PRAS40,82,102,PAPQPPSPTPSPPRPTLARED,,,11,2208.1408,Apo,0,2209.289375,0,0,0,6.346032,0
PRAS40,82,102,PAPQPPSPTPSPPRPTLARED,,,11,2208.1408,Apo,0.005,2217.07552,0.046446,7.786144,0.046446,6.321848,0.003947
PRAS40,82,102,PAPQPPSPTPSPPRPTLARED,,,11,2208.1408,Apo,0.05,2217.054035,0.047876,7.764659,0.047876,6.317775,0.004348
PRAS40,82,102,PAPQPPSPTPSPPRPTLARED,,,11,2208.1408,Apo,0.5,2216.919223,0.056594,7.629848,0.056594,6.32171,0.007237
PRAS40,82,102,PAPQPPSPTPSPPRPTLARED,,,11,2208.1408,Apo,5,2217.017366,0.001058,7.727991,0.001058,6.323137,0.000351
PRAS40,82,102,PAPQPPSPTPSPPRPTLARED,,,11,2208.1408,Apo,50.000004,2216.936018,0.101688,7.646643,0.101688,6.35257,0.002669
PRAS40,82,102,PAPQPPSPTPSPPRPTLARED,,,11,2208.1408,withRaptor,0,2209.289375,0,0,0,6.346032,0
PRAS40,82,102,PAPQPPSPTPSPPRPTLARED,,,11,2208.1408,withRaptor,0.005,2216.743561,0.038677,7.454185,0.038677,6.317749,0.006345
PRAS40,82,102,PAPQPPSPTPSPPRPTLARED,,,11,2208.1408,withRaptor,0.05,2216.932549,0.155956,7.643174,0.155956,6.315966,0.003307
PRAS40,82,102,PAPQPPSPTPSPPRPTLARED,,,11,2208.1408,withRaptor,0.5,2216.748534,0.101377,7.459159,0.101377,6.312223,0.012131
PRAS40,82,102,PAPQPPSPTPSPPRPTLARED,,,11,2208.1408,withRaptor,5,2216.922339,0.103306,7.632964,0.103306,6.324904,0.009386
PRAS40,82,102,PAPQPPSPTPSPPRPTLARED,,,11,2208.1408,withRaptor,50.000004,2216.95375,0.131951,7.664374,0.131951,6.323849,0.007297
PRAS40,99,105,AREDNEE,,,6,862.3537,Apo,0,862.766555,0.006187,0,0,3.482936,0.004734
PRAS40,99,105,AREDNEE,,,6,862.3537,Apo,0.005,864.581147,0.027199,1.814592,0.027894,3.492954,0.008411
PRAS40,99,105,AREDNEE,,,6,862.3537,Apo,0.05,864.736261,0.03785,1.969707,0.038352,3.495433,0.00889
PRAS40,99,105,AREDNEE,,,6,862.3537,Apo,0.5,864.688297,0.070819,1.921742,0.071088,3.495907,0.0076
PRAS40,99,105,AREDNEE,,,6,862.3537,Apo,5,864.70253,0.01684,1.935976,0.01794,3.484291,0.006914
PRAS40,99,105,AREDNEE,,,6,862.3537,Apo,50.000004,864.72612,0.07979,1.959566,0.080029,3.510543,0.01038
PRAS40,99,105,AREDNEE,,,6,862.3537,withRaptor,0,862.766555,0.006187,0,0,3.482936,0.004734
PRAS40,99,105,AREDNEE,,,6,862.3537,withRaptor,0.005,864.554899,0.036898,1.788344,0.037413,3.496196,0.006693
PRAS40,99,105,AREDNEE,,,6,862.3537,withRaptor,0.05,864.689012,0.070105,1.922457,0.070377,3.488395,0.01198
PRAS40,99,105,AREDNEE,,,6,862.3537,withRaptor,0.5,864.66792,0.058872,1.901365,0.059196,3.49892,0.011239
PRAS40,99,105,AREDNEE,,,6,862.3537,withRaptor,5,864.710039,0.049057,1.943484,0.049445,3.497479,0.015591
PRAS40,99,105,AREDNEE,,,6,862.3537,withRaptor,50.000004,864.706399,0.047367,1.939844,0.047769,3.488778,0.006472
PRAS40,99,112,AREDNEEDEDEPTE,,,12,1677.6358,Apo,0,1678.374649,2.27E-13,0,0,4.685361,0
PRAS40,99,112,AREDNEEDEDEPTE,,,12,1677.6358,Apo,0.005,1682.076206,0.011779,3.701557,0.011779,4.682949,0.003655
PRAS40,99,112,AREDNEEDEDEPTE,,,12,1677.6358,Apo,0.05,1682.494133,0.040451,4.119484,0.040451,4.68176,0.000892
PRAS40,99,112,AREDNEEDEDEPTE,,,12,1677.6358,Apo,0.5,1682.365797,0.108173,3.991148,0.108173,4.681662,0.002437
PRAS40,99,112,AREDNEEDEDEPTE,,,12,1677.6358,Apo,5,1682.409596,0.041937,4.034947,0.041937,4.683973,0.001096
PRAS40,99,112,AREDNEEDEDEPTE,,,12,1677.6358,Apo,50.000004,1682.399158,0.024095,4.02451,0.024095,4.706861,0.003728
PRAS40,99,112,AREDNEEDEDEPTE,,,12,1677.6358,withRaptor,0,1678.374649,2.27E-13,0,0,4.685361,0
PRAS40,99,112,AREDNEEDEDEPTE,,,12,1677.6358,withRaptor,0.005,1682.03452,0.059933,3.659872,0.059933,4.683346,0.003432
PRAS40,99,112,AREDNEEDEDEPTE,,,12,1677.6358,withRaptor,0.05,1682.31197,0.081664,3.937321,0.081664,4.672316,0.009706
PRAS40,99,112,AREDNEEDEDEPTE,,,12,1677.6358,withRaptor,0.5,1682.25933,0.057463,3.884681,0.057463,4.680486,0.010035
PRAS40,99,112,AREDNEEDEDEPTE,,,12,1677.6358,withRaptor,5,1682.348813,0.086384,3.974164,0.086384,4.694132,0.010585
PRAS40,99,112,AREDNEEDEDEPTE,,,12,1677.6358,withRaptor,50.000004,1682.34149,0.244197,3.966842,0.244197,4.68575,0.002269
PRAS40,99,113,AREDNEEDEDEPTET,,,13,1778.6835,Apo,0,1779.575355,2.27E-13,0,0,4.716227,0
PRAS40,99,113,AREDNEEDEDEPTET,,,13,1778.6835,Apo,0.005,1783.803585,0.021335,4.228229,0.021335,4.724194,0.003955
PRAS40,99,113,AREDNEEDEDEPTET,,,13,1778.6835,Apo,0.05,1784.180323,0.056715,4.604968,0.056715,4.729329,0.004105
PRAS40,99,113,AREDNEEDEDEPTET,,,13,1778.6835,Apo,0.5,1784.153688,0.042592,4.578332,0.042592,4.720574,0.009021
PRAS40,99,113,AREDNEEDEDEPTET,,,13,1778.6835,Apo,5,1784.129431,0.029902,4.554075,0.029902,4.727371,0.006245
PRAS40,99,113,AREDNEEDEDEPTET,,,13,1778.6835,Apo,50.000004,1784.180719,0.022679,4.605364,0.022679,4.749637,0.001746
PRAS40,99,113,AREDNEEDEDEPTET,,,13,1778.6835,withRaptor,0,1779.575355,2.27E-13,0,0,4.716227,0
PRAS40,99,113,AREDNEEDEDEPTET,,,13,1778.6835,withRaptor,0.005,1783.890421,0.168143,4.315066,0.168143,4.726742,0.005524
PRAS40,99,113,AREDNEEDEDEPTET,,,13,1778.6835,withRaptor,0.05,1784.163963,0.119095,4.588607,0.119095,4.715411,0.013766
PRAS40,99,113,AREDNEEDEDEPTET,,,13,1778.6835,withRaptor,0.5,1783.962384,0.044619,4.387029,0.044619,4.723583,0.006787
PRAS40,99,113,AREDNEEDEDEPTET,,,13,1778.6835,withRaptor,5,1784.103016,0.071766,4.52766,0.071766,4.733337,0.013173
PRAS40,99,113,AREDNEEDEDEPTET,,,13,1778.6835,withRaptor,50.000004,1784.152034,0.023948,4.576679,0.023948,4.725706,0.002254
PRAS40,99,114,AREDNEEDEDEPTETE,,,14,1907.7261,Apo,0,1908.641327,0,0,0,4.883323,0
PRAS40,99,114,AREDNEEDEDEPTETE,,,14,1907.7261,Apo,0.005,1913.364977,0.051497,4.72365,0.051497,4.88203,0.005515
PRAS40,99,114,AREDNEEDEDEPTETE,,,14,1907.7261,Apo,0.05,1913.924205,0.09268,5.282878,0.09268,4.87786,0.001148
PRAS40,99,114,AREDNEEDEDEPTETE,,,14,1907.7261,Apo,0.5,1913.984225,0.037689,5.342898,0.037689,4.873826,0.003607
PRAS40,99,114,AREDNEEDEDEPTETE,,,14,1907.7261,Apo,5,1914.04683,0.024535,5.405502,0.024535,4.876999,0.001271
PRAS40,99,114,AREDNEEDEDEPTETE,,,14,1907.7261,Apo,50.000004,1913.999401,0.066802,5.358074,0.066802,4.899229,0.005298
PRAS40,99,114,AREDNEEDEDEPTETE,,,14,1907.7261,withRaptor,0,1908.641327,0,0,0,4.883323,0
PRAS40,99,114,AREDNEEDEDEPTETE,,,14,1907.7261,withRaptor,0.005,1913.294061,0.114062,4.652734,0.114062,4.881857,0.008665
PRAS40,99,114,AREDNEEDEDEPTETE,,,14,1907.7261,withRaptor,0.05,1913.823046,0.187381,5.181719,0.187381,4.864737,0.006433
PRAS40,99,114,AREDNEEDEDEPTETE,,,14,1907.7261,withRaptor,0.5,1913.816207,0.084811,5.17488,0.084811,4.868415,0.007922
PRAS40,99,114,AREDNEEDEDEPTETE,,,14,1907.7261,withRaptor,5,1913.920026,0.051864,5.278699,0.051864,4.893827,0.006795
PRAS40,99,114,AREDNEEDEDEPTETE,,,14,1907.7261,withRaptor,50.000004,1913.895316,0.072347,5.253989,0.072347,4.871912,0.002599
PRAS40,99,120,AREDNEEDEDEPTETETSGEQL,,,20,2523.0125,Apo,0,2524.177801,0,0,0,6.686761,0
PRAS40,99,120,AREDNEEDEDEPTETETSGEQL,,,20,2523.0125,Apo,0.005,2531.442668,0.024538,7.264866,0.024538,6.678581,0.009643
PRAS40,99,120,AREDNEEDEDEPTETETSGEQL,,,20,2523.0125,Apo,0.05,2531.723814,0.105536,7.546013,0.105536,6.678546,0.008059
PRAS40,99,120,AREDNEEDEDEPTETETSGEQL,,,20,2523.0125,Apo,0.5,2531.310345,0.066053,7.132543,0.066053,6.679636,0.007963
PRAS40,99,120,AREDNEEDEDEPTETETSGEQL,,,20,2523.0125,Apo,5,2531.633154,0.147314,7.455352,0.147314,6.67514,0.000858
PRAS40,99,120,AREDNEEDEDEPTETETSGEQL,,,20,2523.0125,Apo,50.000004,2531.559633,0.099111,7.381832,0.099111,6.70366,0.011927
PRAS40,99,120,AREDNEEDEDEPTETETSGEQL,,,20,2523.0125,withRaptor,0,2524.177801,0,0,0,6.686761,0
PRAS40,99,120,AREDNEEDEDEPTETETSGEQL,,,20,2523.0125,withRaptor,0.005,2531.37246,0.025401,7.194659,0.025401,6.666261,0.008663
PRAS40,99,120,AREDNEEDEDEPTETETSGEQL,,,20,2523.0125,withRaptor,0.05,2531.469691,0.22764,7.29189,0.22764,6.659985,0.006999
PRAS40,99,120,AREDNEEDEDEPTETETSGEQL,,,20,2523.0125,withRaptor,0.5,2531.104614,0.107277,6.926813,0.107277,6.660516,0.0122
PRAS40,99,120,AREDNEEDEDEPTETETSGEQL,,,20,2523.0125,withRaptor,5,2531.523065,0.262537,7.345264,0.262537,6.670145,0.004943
PRAS40,99,120,AREDNEEDEDEPTETETSGEQL,,,20,2523.0125,withRaptor,50.000004,2531.512664,0.146955,7.334863,0.146955,6.665393,0.004334
PRAS40,100,112,REDNEEDEDEPTE,,,11,1606.5987,Apo,0,1607.202664,2.27E-13,0,0,4.688981,0
PRAS40,100,112,REDNEEDEDEPTE,,,11,1606.5987,Apo,0.005,1610.453477,0.158088,3.250813,0.158088,4.6773,0.007871
PRAS40,100,112,REDNEEDEDEPTE,,,11,1606.5987,Apo,0.05,1610.853071,0.064155,3.650406,0.064155,4.680418,0.006743
PRAS40,100,112,REDNEEDEDEPTE,,,11,1606.5987,Apo,0.5,1610.963148,0.013904,3.760483,0.013904,4.678008,0.003698
PRAS40,100,112,REDNEEDEDEPTE,,,11,1606.5987,Apo,5,1610.970046,0.082805,3.767382,0.082805,4.671399,0.004217
PRAS40,100,112,REDNEEDEDEPTE,,,11,1606.5987,Apo,50.000004,1610.754185,0.049327,3.551521,0.049327,4.703777,0.004467
PRAS40,100,112,REDNEEDEDEPTE,,,11,1606.5987,withRaptor,0,1607.202664,2.27E-13,0,0,4.688981,0
PRAS40,100,112,REDNEEDEDEPTE,,,11,1606.5987,withRaptor,0.005,1610.490508,0.215939,3.287843,0.215939,4.682844,0.004082
PRAS40,100,112,REDNEEDEDEPTE,,,11,1606.5987,withRaptor,0.05,1610.660858,0.109873,3.458193,0.109873,4.668206,0.017
PRAS40,100,112,REDNEEDEDEPTE,,,11,1606.5987,withRaptor,0.5,1610.837737,0.092626,3.635072,0.092626,4.678764,0.008847
PRAS40,100,112,REDNEEDEDEPTE,,,11,1606.5987,withRaptor,5,1610.714503,0.088744,3.511838,0.088744,4.691229,0.01652
PRAS40,100,112,REDNEEDEDEPTE,,,11,1606.5987,withRaptor,50.000004,1610.906247,0.068252,3.703583,0.068252,4.680879,0.0032
PRAS40,106,112,DEDEPTE,,,5,834.2999,Apo,0,834.676017,0,0,0,4.565659,0
PRAS40,106,112,DEDEPTE,,,5,834.2999,Apo,0.005,836.323255,0.016235,1.647238,0.016235,4.566483,0.004245
PRAS40,106,112,DEDEPTE,,,5,834.2999,Apo,0.05,836.446356,0.027997,1.770339,0.027997,4.564254,0.002749
PRAS40,106,112,DEDEPTE,,,5,834.2999,Apo,0.5,836.418014,0.03358,1.741997,0.03358,4.559572,0.001506
PRAS40,106,112,DEDEPTE,,,5,834.2999,Apo,5,836.449068,0.010437,1.773051,0.010437,4.563395,0.0028
PRAS40,106,112,DEDEPTE,,,5,834.2999,Apo,50.000004,836.435112,0.056703,1.759095,0.056703,4.583743,0.006953
PRAS40,106,112,DEDEPTE,,,5,834.2999,withRaptor,0,834.676017,0,0,0,4.565659,0
PRAS40,106,112,DEDEPTE,,,5,834.2999,withRaptor,0.005,836.32017,0.048233,1.644153,0.048233,4.560448,0.003146
PRAS40,106,112,DEDEPTE,,,5,834.2999,withRaptor,0.05,836.441261,0.047438,1.765244,0.047438,4.555292,0.006746
PRAS40,106,112,DEDEPTE,,,5,834.2999,withRaptor,0.5,836.417511,0.042204,1.741494,0.042204,4.56006,0.008481
PRAS40,106,112,DEDEPTE,,,5,834.2999,withRaptor,5,836.400095,0.029696,1.724078,0.029696,4.572368,0.011511
PRAS40,106,112,DEDEPTE,,,5,834.2999,withRaptor,50.000004,836.433397,0.070864,1.75738,0.070864,4.561038,0.00494
PRAS40,106,113,DEDEPTET,,,6,935.3476,Apo,0,935.68772,0,0,0,4.600864,0
PRAS40,106,113,DEDEPTET,,,6,935.3476,Apo,0.005,938.070591,0.036959,2.382871,0.036959,4.601931,0.006418
PRAS40,106,113,DEDEPTET,,,6,935.3476,Apo,0.05,938.068258,0.079945,2.380538,0.079945,4.600143,0.00137
PRAS40,106,113,DEDEPTET,,,6,935.3476,Apo,0.5,938.080731,0.11388,2.393011,0.11388,4.597805,0.003641
PRAS40,106,113,DEDEPTET,,,6,935.3476,Apo,5,938.038641,0.095408,2.350921,0.095408,4.598398,7.76E-05
PRAS40,106,113,DEDEPTET,,,6,935.3476,Apo,50.000004,937.985273,0.038198,2.297553,0.038198,4.628064,0.002666
PRAS40,106,113,DEDEPTET,,,6,935.3476,withRaptor,0,935.68772,0,0,0,4.600864,0
PRAS40,106,113,DEDEPTET,,,6,935.3476,withRaptor,0.005,937.990736,0.120566,2.303016,0.120566,4.601648,0.007459
PRAS40,106,113,DEDEPTET,,,6,935.3476,withRaptor,0.05,938.120009,0.14396,2.43229,0.14396,4.588841,0.012335
PRAS40,106,113,DEDEPTET,,,6,935.3476,withRaptor,0.5,938.130009,0.042783,2.442289,0.042783,4.600553,0.014775
PRAS40,106,113,DEDEPTET,,,6,935.3476,withRaptor,5,938.178285,0.023796,2.490565,0.023796,4.616107,0.009438
PRAS40,106,113,DEDEPTET,,,6,935.3476,withRaptor,50.000004,938.065617,0.116819,2.377897,0.116819,4.595099,0.002273
PRAS40,106,119,DEDEPTETETSGEQ,,,12,1566.5926,Apo,0,1567.305844,0,0,0,4.974568,0
PRAS40,106,119,DEDEPTETETSGEQ,,,12,1566.5926,Apo,0.005,1572.201222,0.063393,4.895379,0.063393,4.972455,0.004804
PRAS40,106,119,DEDEPTETETSGEQ,,,12,1566.5926,Apo,0.05,1572.184241,0.070832,4.878397,0.070832,4.967902,0.001163
PRAS40,106,119,DEDEPTETETSGEQ,,,12,1566.5926,Apo,0.5,1571.873905,0.106556,4.568061,0.106556,4.968985,0.001013
PRAS40,106,119,DEDEPTETETSGEQ,,,12,1566.5926,Apo,5,1572.148039,0.294419,4.842195,0.294419,4.965693,0.002546
PRAS40,106,119,DEDEPTETETSGEQ,,,12,1566.5926,Apo,50.000004,1572.055987,0.279996,4.750143,0.279996,4.991722,0.004998
PRAS40,106,119,DEDEPTETETSGEQ,,,12,1566.5926,withRaptor,0,1567.305844,0,0,0,4.974568,0
PRAS40,106,119,DEDEPTETETSGEQ,,,12,1566.5926,withRaptor,0.005,1572.207035,0.03572,4.901191,0.03572,4.967378,0.008074
PRAS40,106,119,DEDEPTETETSGEQ,,,12,1566.5926,withRaptor,0.05,1571.948651,0.148519,4.642807,0.148519,4.953733,0.006246
PRAS40,106,119,DEDEPTETETSGEQ,,,12,1566.5926,withRaptor,0.5,1571.724521,0.08587,4.418677,0.08587,4.959873,0.010819
PRAS40,106,119,DEDEPTETETSGEQ,,,12,1566.5926,withRaptor,5,1571.972401,0.242728,4.666558,0.242728,4.979981,0.00762
PRAS40,106,119,DEDEPTETETSGEQ,,,12,1566.5926,withRaptor,50.000004,1571.881302,0.153179,4.575459,0.153179,4.963126,0.004528
PRAS40,106,120,DEDEPTETETSGEQL,,,13,1679.6766,Apo,0,1680.412609,0,0,0,7.024236,0
PRAS40,106,120,DEDEPTETETSGEQL,,,13,1679.6766,Apo,0.005,1685.964879,0.03697,5.552269,0.03697,7.015242,0.005615
PRAS40,106,120,DEDEPTETETSGEQL,,,13,1679.6766,Apo,0.05,1685.833836,0.084477,5.421226,0.084477,7.010673,0.008183
PRAS40,106,120,DEDEPTETETSGEQL,,,13,1679.6766,Apo,0.5,1685.648208,0.020366,5.235599,0.020366,7.005652,0.00487
PRAS40,106,120,DEDEPTETETSGEQL,,,13,1679.6766,Apo,5,1685.844362,0.089382,5.431753,0.089382,7.008642,0.000302
PRAS40,106,120,DEDEPTETETSGEQL,,,13,1679.6766,Apo,50.000004,1685.794384,0.226515,5.381775,0.226515,7.032494,0.010238
PRAS40,106,120,DEDEPTETETSGEQL,,,13,1679.6766,withRaptor,0,1680.412609,0,0,0,7.024236,0
PRAS40,106,120,DEDEPTETETSGEQL,,,13,1679.6766,withRaptor,0.005,1685.871615,0.104061,5.459006,0.104061,7.005802,0.010764
PRAS40,106,120,DEDEPTETETSGEQL,,,13,1679.6766,withRaptor,0.05,1685.83103,0.107313,5.418421,0.107313,6.998157,0.007735
PRAS40,106,120,DEDEPTETETSGEQL,,,13,1679.6766,withRaptor,0.5,1685.734547,0.179223,5.321937,0.179223,7.00196,0.013663
PRAS40,106,120,DEDEPTETETSGEQL,,,13,1679.6766,withRaptor,5,1685.891113,0.091298,5.478504,0.091298,7.007989,0.00848
PRAS40,106,120,DEDEPTETETSGEQL,,,13,1679.6766,withRaptor,50.000004,1685.810379,0.108653,5.39777,0.108653,7.007379,0.003198
PRAS40,106,128,DEDEPTETETSGEQLGISDNGGL,,,21,2393.011,Apo,0,2394.2057,0,0,0,8.934303,0
PRAS40,106,128,DEDEPTETETSGEQLGISDNGGL,,,21,2393.011,Apo,0.005,2403.470526,0.056146,9.264826,0.056146,8.91749,0.010076
PRAS40,106,128,DEDEPTETETSGEQLGISDNGGL,,,21,2393.011,Apo,0.05,2403.262715,0.086493,9.057015,0.086493,8.922844,0.009734
PRAS40,106,128,DEDEPTETETSGEQLGISDNGGL,,,21,2393.011,Apo,0.5,2402.906811,0.078836,8.70111,0.078836,8.926979,0.005361
PRAS40,106,128,DEDEPTETETSGEQLGISDNGGL,,,21,2393.011,Apo,5,2403.083607,0.096854,8.877907,0.096854,8.930778,0.000518
PRAS40,106,128,DEDEPTETETSGEQLGISDNGGL,,,21,2393.011,Apo,50.000004,2402.957661,0.155647,8.751961,0.155647,8.941864,0.009496
PRAS40,106,128,DEDEPTETETSGEQLGISDNGGL,,,21,2393.011,withRaptor,0,2394.2057,0,0,0,8.934303,0
PRAS40,106,128,DEDEPTETETSGEQLGISDNGGL,,,21,2393.011,withRaptor,0.005,2403.025392,0.075709,8.819692,0.075709,8.908978,0.009522
PRAS40,106,128,DEDEPTETETSGEQLGISDNGGL,,,21,2393.011,withRaptor,0.05,2402.870032,0.120212,8.664332,0.120212,8.902618,0.002159
PRAS40,106,128,DEDEPTETETSGEQLGISDNGGL,,,21,2393.011,withRaptor,0.5,2402.765015,0.261747,8.559315,0.261747,8.913544,0.022385
PRAS40,106,128,DEDEPTETETSGEQLGISDNGGL,,,21,2393.011,withRaptor,5,2402.875802,0.151693,8.670101,0.151693,8.922324,0.00998
PRAS40,106,128,DEDEPTETETSGEQLGISDNGGL,,,21,2393.011,withRaptor,50.000004,2402.903816,0.176127,8.698116,0.176127,8.909774,0.008719
PRAS40,107,118,EDEPTETETSGE,,,10,1323.507,Apo,0,1324.572532,0,0,0,5.57996,0
PRAS40,107,118,EDEPTETETSGE,,,10,1323.507,Apo,0.005,1327.898475,0.096432,3.325942,0.096432,5.574986,0.003194
PRAS40,107,118,EDEPTETETSGE,,,10,1323.507,Apo,0.05,1328.073008,0.068696,3.500475,0.068696,5.575136,0.001423
PRAS40,107,118,EDEPTETETSGE,,,10,1323.507,Apo,0.5,1327.950102,0.109224,3.377569,0.109224,5.571687,0.00889
PRAS40,107,118,EDEPTETETSGE,,,10,1323.507,Apo,5,1328.136743,0.092295,3.564211,0.092295,5.562009,0.001107
PRAS40,107,118,EDEPTETETSGE,,,10,1323.507,Apo,50.000004,1328.118605,0.037802,3.546073,0.037802,5.596833,0.007794
PRAS40,107,118,EDEPTETETSGE,,,10,1323.507,withRaptor,0,1324.572532,0,0,0,5.57996,0
PRAS40,107,118,EDEPTETETSGE,,,10,1323.507,withRaptor,0.005,1327.750394,0.049693,3.177861,0.049693,5.570353,0.009122
PRAS40,107,118,EDEPTETETSGE,,,10,1323.507,withRaptor,0.05,1328.120057,0.066489,3.547525,0.066489,5.557757,0.018472
PRAS40,107,118,EDEPTETETSGE,,,10,1323.507,withRaptor,0.5,1328.012737,0.093264,3.440205,0.093264,5.56131,0.015328
PRAS40,107,118,EDEPTETETSGE,,,10,1323.507,withRaptor,5,1328.138921,0.12239,3.566388,0.12239,5.574943,0.011467
PRAS40,107,118,EDEPTETETSGE,,,10,1323.507,withRaptor,50.000004,1328.231936,0.024432,3.659404,0.024432,5.571597,0.004641
PRAS40,113,119,TETSGEQ,,,6,751.3105,Apo,0,751.639981,0,0,0,3.508522,0
PRAS40,113,119,TETSGEQ,,,6,751.3105,Apo,0.005,754.276916,0.003806,2.636935,0.003806,3.518029,0.005648
PRAS40,113,119,TETSGEQ,,,6,751.3105,Apo,0.05,754.284777,0.092448,2.644796,0.092448,3.521232,0.004916
PRAS40,113,119,TETSGEQ,,,6,751.3105,Apo,0.5,754.252036,0.063317,2.612055,0.063317,3.51875,0.003856
PRAS40,113,119,TETSGEQ,,,6,751.3105,Apo,5,754.263743,0.03217,2.623761,0.03217,3.508795,0.003209
PRAS40,113,119,TETSGEQ,,,6,751.3105,Apo,50.000004,754.297537,0.053135,2.657556,0.053135,3.539675,0.007736
PRAS40,113,119,TETSGEQ,,,6,751.3105,withRaptor,0,751.639981,0,0,0,3.508522,0
PRAS40,113,119,TETSGEQ,,,6,751.3105,withRaptor,0.005,754.256153,0.06153,2.616171,0.06153,3.523182,0.002735
PRAS40,113,119,TETSGEQ,,,6,751.3105,withRaptor,0.05,754.203917,0.141078,2.563935,0.141078,3.511332,0.010868
PRAS40,113,119,TETSGEQ,,,6,751.3105,withRaptor,0.5,754.188883,0.073255,2.548902,0.073255,3.521494,0.009484
PRAS40,113,119,TETSGEQ,,,6,751.3105,withRaptor,5,754.254342,0.077234,2.61436,0.077234,3.529335,0.012137
PRAS40,113,119,TETSGEQ,,,6,751.3105,withRaptor,50.000004,754.263758,0.052444,2.623776,0.052444,3.516731,0.001769
PRAS40,113,120,TETSGEQL,,,7,864.3945,Apo,0,864.795823,0,0,0,5.958692,0
PRAS40,113,120,TETSGEQL,,,7,864.3945,Apo,0.005,867.94122,0.048823,3.145398,0.048823,5.949903,0.003555
PRAS40,113,120,TETSGEQL,,,7,864.3945,Apo,0.05,867.904926,0.030107,3.109104,0.030107,5.9507,0.005933
PRAS40,113,120,TETSGEQL,,,7,864.3945,Apo,0.5,867.942057,0.040191,3.146235,0.040191,5.941706,0.006923
PRAS40,113,120,TETSGEQL,,,7,864.3945,Apo,5,867.893706,0.03108,3.097884,0.03108,5.943299,0.002152
PRAS40,113,120,TETSGEQL,,,7,864.3945,Apo,50.000004,867.895259,0.018261,3.099436,0.018261,5.972303,0.003667
PRAS40,113,120,TETSGEQL,,,7,864.3945,withRaptor,0,864.795823,0,0,0,5.958692,0
PRAS40,113,120,TETSGEQL,,,7,864.3945,withRaptor,0.005,867.880722,0.047955,3.084899,0.047955,5.946779,0.005446
PRAS40,113,120,TETSGEQL,,,7,864.3945,withRaptor,0.05,867.834661,0.11331,3.038839,0.11331,5.935099,0.008583
PRAS40,113,120,TETSGEQL,,,7,864.3945,withRaptor,0.5,867.858282,0.08598,3.062459,0.08598,5.936805,0.006444
PRAS40,113,120,TETSGEQL,,,7,864.3945,withRaptor,5,867.940541,0.018636,3.144718,0.018636,5.950238,0.007189
PRAS40,113,120,TETSGEQL,,,7,864.3945,withRaptor,50.000004,867.941237,0.050481,3.145414,0.050481,5.945004,0.002509
PRAS40,114,128,ETSGEQLGISDNGGL,,,14,1476.6813,Apo,0,1477.526253,0,0,0,8.620994,0
PRAS40,114,128,ETSGEQLGISDNGGL,,,14,1476.6813,Apo,0.005,1483.067811,0.058333,5.541558,0.058333,8.603689,0.007372
PRAS40,114,128,ETSGEQLGISDNGGL,,,14,1476.6813,Apo,0.05,1483.239514,0.063259,5.713261,0.063259,8.600828,0.001277
PRAS40,114,128,ETSGEQLGISDNGGL,,,14,1476.6813,Apo,0.5,1482.862985,0.0221,5.336732,0.0221,8.608573,0.006089
PRAS40,114,128,ETSGEQLGISDNGGL,,,14,1476.6813,Apo,5,1483.243744,0.00077,5.717491,0.00077,8.603913,0.004936
PRAS40,114,128,ETSGEQLGISDNGGL,,,14,1476.6813,Apo,50.000004,1482.953954,0.175494,5.427702,0.175494,8.621556,0.008136
PRAS40,114,128,ETSGEQLGISDNGGL,,,14,1476.6813,withRaptor,0,1477.526253,0,0,0,8.620994,0
PRAS40,114,128,ETSGEQLGISDNGGL,,,14,1476.6813,withRaptor,0.005,1482.952418,0.081425,5.426165,0.081425,8.597173,0.00173
PRAS40,114,128,ETSGEQLGISDNGGL,,,14,1476.6813,withRaptor,0.05,1483.128201,0.17226,5.601949,0.17226,8.586227,0.004471
PRAS40,114,128,ETSGEQLGISDNGGL,,,14,1476.6813,withRaptor,0.5,1483.07599,0.060055,5.549737,0.060055,8.596766,0.020549
PRAS40,114,128,ETSGEQLGISDNGGL,,,14,1476.6813,withRaptor,5,1483.15187,0.069487,5.625618,0.069487,8.613483,0.012044
PRAS40,114,128,ETSGEQLGISDNGGL,,,14,1476.6813,withRaptor,50.000004,1483.078939,0.082822,5.552686,0.082822,8.592835,0.005482
PRAS40,115,131,TSGEQLGISDNGGLFVM,,,16,1724.816,Apo,0,1725.732563,0,0,0,10.405301,0
PRAS40,115,131,TSGEQLGISDNGGLFVM,,,16,1724.816,Apo,0.005,1732.270876,0.07139,6.538313,0.07139,10.386857,0.004276
PRAS40,115,131,TSGEQLGISDNGGLFVM,,,16,1724.816,Apo,0.05,1732.302668,0.066116,6.570105,0.066116,10.376219,0.001838
PRAS40,115,131,TSGEQLGISDNGGLFVM,,,16,1724.816,Apo,0.5,1732.04263,0.086578,6.310067,0.086578,10.373089,0.01743
PRAS40,115,131,TSGEQLGISDNGGLFVM,,,16,1724.816,Apo,5,1732.177747,0.090229,6.445185,0.090229,10.386096,0.001444
PRAS40,115,131,TSGEQLGISDNGGLFVM,,,16,1724.816,Apo,50.000004,1732.054803,0.085713,6.32224,0.085713,10.402392,0.010092
PRAS40,115,131,TSGEQLGISDNGGLFVM,,,16,1724.816,withRaptor,0,1725.732563,0,0,0,10.405301,0
PRAS40,115,131,TSGEQLGISDNGGLFVM,,,16,1724.816,withRaptor,0.005,1731.688824,0.148431,5.956261,0.148431,10.382977,0.003851
PRAS40,115,131,TSGEQLGISDNGGLFVM,,,16,1724.816,withRaptor,0.05,1731.998248,0.111185,6.265685,0.111185,10.372486,0.004794
PRAS40,115,131,TSGEQLGISDNGGLFVM,,,16,1724.816,withRaptor,0.5,1731.959298,0.065564,6.226735,0.065564,10.377338,0.012291
PRAS40,115,131,TSGEQLGISDNGGLFVM,,,16,1724.816,withRaptor,5,1732.197393,0.120212,6.46483,0.120212,10.39227,0.006519
PRAS40,115,131,TSGEQLGISDNGGLFVM,,,16,1724.816,withRaptor,50.000004,1732.183241,0.101892,6.450678,0.101892,10.374091,0.001243
PRAS40,116,131,SGEQLGISDNGGLFVM,,,15,1623.7683,Apo,0,1624.741562,0,0,0,10.449448,0
PRAS40,116,131,SGEQLGISDNGGLFVM,,,15,1623.7683,Apo,0.005,1630.424383,0.142808,5.682821,0.142808,10.437035,0.001378
PRAS40,116,131,SGEQLGISDNGGLFVM,,,15,1623.7683,Apo,0.05,1630.345891,0.08339,5.604329,0.08339,10.426704,0.000998
PRAS40,116,131,SGEQLGISDNGGLFVM,,,15,1623.7683,Apo,0.5,1630.06653,0.0466,5.324968,0.0466,10.417689,0.014633
PRAS40,116,131,SGEQLGISDNGGLFVM,,,15,1623.7683,Apo,5,1630.312146,0.173555,5.570584,0.173555,10.432593,0.001931
PRAS40,116,131,SGEQLGISDNGGLFVM,,,15,1623.7683,Apo,50.000004,1630.215381,0.168973,5.473819,0.168973,10.45005,0.007018
PRAS40,116,131,SGEQLGISDNGGLFVM,,,15,1623.7683,withRaptor,0,1624.741562,0,0,0,10.449448,0
PRAS40,116,131,SGEQLGISDNGGLFVM,,,15,1623.7683,withRaptor,0.005,1629.845091,0.086484,5.103529,0.086484,10.427858,0.00497
PRAS40,116,131,SGEQLGISDNGGLFVM,,,15,1623.7683,withRaptor,0.05,1630.290827,0.127694,5.549265,0.127694,10.423046,0.001704
PRAS40,116,131,SGEQLGISDNGGLFVM,,,15,1623.7683,withRaptor,0.5,1630.108769,0.062505,5.367207,0.062505,10.428502,0.017671
PRAS40,116,131,SGEQLGISDNGGLFVM,,,15,1623.7683,withRaptor,5,1630.384254,0.284532,5.642692,0.284532,10.447724,0.00601
PRAS40,116,131,SGEQLGISDNGGLFVM,,,15,1623.7683,withRaptor,50.000004,1630.347786,0.16347,5.606224,0.16347,10.428731,0.005408
PRAS40,120,128,LGISDNGGL,,,8,845.4363,Apo,0,845.796422,0,0,0,8.483461,0
PRAS40,120,128,LGISDNGGL,,,8,845.4363,Apo,0.005,849.228569,0.008855,3.432147,0.008855,8.470378,0.004594
PRAS40,120,128,LGISDNGGL,,,8,845.4363,Apo,0.05,849.280869,0.06599,3.484447,0.06599,8.468102,0.003556
PRAS40,120,128,LGISDNGGL,,,8,845.4363,Apo,0.5,849.270276,0.040866,3.473855,0.040866,8.472363,0.007492
PRAS40,120,128,LGISDNGGL,,,8,845.4363,Apo,5,849.31649,0.012299,3.520068,0.012299,8.466021,0.000165
PRAS40,120,128,LGISDNGGL,,,8,845.4363,Apo,50.000004,849.293384,0.014232,3.496962,0.014232,8.488767,0.007247
PRAS40,120,128,LGISDNGGL,,,8,845.4363,withRaptor,0,845.796422,0,0,0,8.483461,0
PRAS40,120,128,LGISDNGGL,,,8,845.4363,withRaptor,0.005,848.999247,0.076857,3.202825,0.076857,8.47032,0.003778
PRAS40,120,128,LGISDNGGL,,,8,845.4363,withRaptor,0.05,849.221389,0.098382,3.424967,0.098382,8.454656,0.001925
PRAS40,120,128,LGISDNGGL,,,8,845.4363,withRaptor,0.5,849.230058,0.026783,3.433636,0.026783,8.475758,0.013015
PRAS40,120,128,LGISDNGGL,,,8,845.4363,withRaptor,5,849.288768,0.026515,3.492346,0.026515,8.47805,0.018978
PRAS40,120,128,LGISDNGGL,,,8,845.4363,withRaptor,50.000004,849.275188,0.015069,3.478766,0.015069,8.461215,0.002588
PRAS40,121,128,GISDNGGL,,,7,732.3523,Apo,0,732.705845,0,0,0,7.028351,0
PRAS40,121,128,GISDNGGL,,,7,732.3523,Apo,0.005,735.622166,0.028289,2.916321,0.028289,7.013422,0.004534
PRAS40,121,128,GISDNGGL,,,7,732.3523,Apo,0.05,735.612002,0.061985,2.906157,0.061985,7.011357,0.002751
PRAS40,121,128,GISDNGGL,,,7,732.3523,Apo,0.5,735.58472,0.010209,2.878875,0.010209,7.010041,0.003391
PRAS40,121,128,GISDNGGL,,,7,732.3523,Apo,5,735.686816,0.03122,2.980971,0.03122,7.011245,7.76E-05
PRAS40,121,128,GISDNGGL,,,7,732.3523,Apo,50.000004,735.621609,0.024803,2.915764,0.024803,7.03126,0.003879
PRAS40,121,128,GISDNGGL,,,7,732.3523,withRaptor,0,732.705845,0,0,0,7.028351,0
PRAS40,121,128,GISDNGGL,,,7,732.3523,withRaptor,0.005,735.430935,0.094467,2.72509,0.094467,7.006116,0.007805
PRAS40,121,128,GISDNGGL,,,7,732.3523,withRaptor,0.05,735.522131,0.110387,2.816286,0.110387,6.999324,0.003229
PRAS40,121,128,GISDNGGL,,,7,732.3523,withRaptor,0.5,735.529268,0.058319,2.823423,0.058319,6.998053,0.008771
PRAS40,121,128,GISDNGGL,,,7,732.3523,withRaptor,5,735.648145,0.017656,2.9423,0.017656,7.01186,0.004436
PRAS40,121,128,GISDNGGL,,,7,732.3523,withRaptor,50.000004,735.597073,0.029119,2.891228,0.029119,7.005277,0.000992
PRAS40,129,137,FVMDEDATL,,,8,1040.4605,Apo,0,1041.070887,0,0,0,9.576657,0
PRAS40,129,137,FVMDEDATL,,,8,1040.4605,Apo,0.005,1042.951142,0.035838,1.880256,0.035838,9.571947,0.005662
PRAS40,129,137,FVMDEDATL,,,8,1040.4605,Apo,0.05,1043.181086,0.105926,2.1102,0.105926,9.555737,0.007709
PRAS40,129,137,FVMDEDATL,,,8,1040.4605,Apo,0.5,1043.272957,0.043119,2.20207,0.043119,9.552695,0.000804
PRAS40,129,137,FVMDEDATL,,,8,1040.4605,Apo,5,1043.206343,0.003459,2.135456,0.003459,9.549881,0.012184
PRAS40,129,137,FVMDEDATL,,,8,1040.4605,Apo,50.000004,1043.296309,0.024281,2.225423,0.024281,9.575801,0.003374
PRAS40,129,137,FVMDEDATL,,,8,1040.4605,withRaptor,0,1041.070887,0,0,0,9.576657,0
PRAS40,129,137,FVMDEDATL,,,8,1040.4605,withRaptor,0.005,1042.524129,0.054134,1.453242,0.054134,9.552516,0.002763
PRAS40,129,137,FVMDEDATL,,,8,1040.4605,withRaptor,0.05,1043.062296,0.067688,1.991409,0.067688,9.536042,0.007773
PRAS40,129,137,FVMDEDATL,,,8,1040.4605,withRaptor,0.5,1043.231903,0.023047,2.161017,0.023047,9.549265,0.007577
PRAS40,129,137,FVMDEDATL,,,8,1040.4605,withRaptor,5,1043.198427,0.049863,2.12754,0.049863,9.571495,0.006205
PRAS40,129,137,FVMDEDATL,,,8,1040.4605,withRaptor,50.000004,1043.214241,0.078181,2.143355,0.078181,9.553735,0.003354
PRAS40,130,137,VMDEDATL,,,7,893.3921,Apo,0,893.88855,0,0,0,7.683704,0
PRAS40,130,137,VMDEDATL,,,7,893.3921,Apo,0.005,896.443313,0.029467,2.554763,0.029467,7.666701,0.004116
PRAS40,130,137,VMDEDATL,,,7,893.3921,Apo,0.05,896.570187,0.029266,2.681637,0.029266,7.662418,0.003167
PRAS40,130,137,VMDEDATL,,,7,893.3921,Apo,0.5,896.555783,0.018714,2.667233,0.018714,7.663142,0.003112
PRAS40,130,137,VMDEDATL,,,7,893.3921,Apo,5,896.542257,0.062045,2.653707,0.062045,7.663062,0.001686
PRAS40,130,137,VMDEDATL,,,7,893.3921,Apo,50.000004,896.549473,0.009864,2.660924,0.009864,7.686655,0.002626
PRAS40,130,137,VMDEDATL,,,7,893.3921,withRaptor,0,893.88855,0,0,0,7.683704,0
PRAS40,130,137,VMDEDATL,,,7,893.3921,withRaptor,0.005,896.230201,0.059115,2.341651,0.059115,7.659518,0.009524
PRAS40,130,137,VMDEDATL,,,7,893.3921,withRaptor,0.05,896.469541,0.05525,2.580992,0.05525,7.648787,0.004011
PRAS40,130,137,VMDEDATL,,,7,893.3921,withRaptor,0.5,896.535419,0.052823,2.64687,0.052823,7.668174,0.013311
PRAS40,130,137,VMDEDATL,,,7,893.3921,withRaptor,5,896.529065,0.028391,2.640515,0.028391,7.668985,0.004988
PRAS40,130,137,VMDEDATL,,,7,893.3921,withRaptor,50.000004,896.512356,0.067021,2.623806,0.067021,7.658348,0.003826
PRAS40,137,155,LQDLPPFCESDPESTDDGS,,,15,2051.8386,Apo,0,2052.904674,0,0,0,10.41718,0
PRAS40,137,155,LQDLPPFCESDPESTDDGS,,,15,2051.8386,Apo,0.005,2057.694607,0.173878,4.789934,0.173878,10.362991,0.046147
PRAS40,137,155,LQDLPPFCESDPESTDDGS,,,15,2051.8386,Apo,0.05,2057.90927,0.012814,5.004596,0.012814,10.316215,0.020702
PRAS40,137,155,LQDLPPFCESDPESTDDGS,,,15,2051.8386,Apo,0.5,2058.070029,0.288447,5.165355,0.288447,10.209098,0.188598
PRAS40,137,155,LQDLPPFCESDPESTDDGS,,,15,2051.8386,Apo,5,2057.902533,0.02919,4.997859,0.02919,10.388479,0.004698
PRAS40,137,155,LQDLPPFCESDPESTDDGS,,,15,2051.8386,Apo,50.000004,2057.977886,0.19487,5.073212,0.19487,10.394671,0.014916
PRAS40,137,155,LQDLPPFCESDPESTDDGS,,,15,2051.8386,withRaptor,0,2052.904674,0,0,0,10.41718,0
PRAS40,137,155,LQDLPPFCESDPESTDDGS,,,15,2051.8386,withRaptor,0.005,2057.685694,0.068393,4.781021,0.068393,10.155416,0.09357
PRAS40,137,155,LQDLPPFCESDPESTDDGS,,,15,2051.8386,withRaptor,0.05,2057.960683,0.210536,5.056009,0.210536,10.033403,0.153699
PRAS40,137,155,LQDLPPFCESDPESTDDGS,,,15,2051.8386,withRaptor,0.5,2057.855899,0.146804,4.951226,0.146804,10.335014,0.025499
PRAS40,137,155,LQDLPPFCESDPESTDDGS,,,15,2051.8386,withRaptor,5,2058.063763,0.238562,5.159089,0.238562,10.38676,0.052554
PRAS40,137,155,LQDLPPFCESDPESTDDGS,,,15,2051.8386,withRaptor,50.000004,2057.793773,0.353779,4.8891,0.353779,10.343853,0.008124
PRAS40,138,156,QDLPPFCESDPESTDDGSL,,,15,2051.8386,Apo,0,2053.382247,0,0,0,10.011726,0
PRAS40,138,156,QDLPPFCESDPESTDDGSL,,,15,2051.8386,Apo,0.005,2058.06565,0.019325,4.683403,0.019325,9.9898,0.000227
PRAS40,138,156,QDLPPFCESDPESTDDGSL,,,15,2051.8386,Apo,0.05,2058.351787,0.063104,4.96954,0.063104,9.981377,0.003933
PRAS40,138,156,QDLPPFCESDPESTDDGSL,,,15,2051.8386,Apo,0.5,2058.090336,0.069223,4.708089,0.069223,10.036855,0.060357
PRAS40,138,156,QDLPPFCESDPESTDDGSL,,,15,2051.8386,Apo,5,2058.420146,0.120813,5.0379,0.120813,10.0422,0.059763
PRAS40,138,156,QDLPPFCESDPESTDDGSL,,,15,2051.8386,Apo,50.000004,2058.34784,0.20391,4.965593,0.20391,10.006581,0.006964
PRAS40,138,156,QDLPPFCESDPESTDDGSL,,,15,2051.8386,withRaptor,0,2053.382247,0,0,0,10.011726,0
PRAS40,138,156,QDLPPFCESDPESTDDGSL,,,15,2051.8386,withRaptor,0.005,2057.855115,0,4.472869,0,9.974422,0
PRAS40,138,156,QDLPPFCESDPESTDDGSL,,,15,2051.8386,withRaptor,0.05,2058.067907,0.193716,4.685661,0.193716,10.111596,0.129055
PRAS40,138,156,QDLPPFCESDPESTDDGSL,,,15,2051.8386,withRaptor,0.5,2057.961385,0.293038,4.579138,0.293038,10.03184,0.075602
PRAS40,138,156,QDLPPFCESDPESTDDGSL,,,15,2051.8386,withRaptor,5,2058.248771,0.22528,4.866525,0.22528,10.037528,0.053356
PRAS40,138,156,QDLPPFCESDPESTDDGSL,,,15,2051.8386,withRaptor,50.000004,2058.197587,0.088774,4.815341,0.088774,10.027016,0.047467
PRAS40,150,162,STDDGSLSEETPA,,,11,1308.5438,Apo,0,1309.448745,0,0,0,5.572702,0
PRAS40,150,162,STDDGSLSEETPA,,,11,1308.5438,Apo,0.005,1312.459405,0.069214,3.01066,0.069214,5.57979,0.006173
PRAS40,150,162,STDDGSLSEETPA,,,11,1308.5438,Apo,0.05,1312.598282,0.098877,3.149537,0.098877,5.577286,0.007401
PRAS40,150,162,STDDGSLSEETPA,,,11,1308.5438,Apo,0.5,1312.642524,0.12752,3.193778,0.12752,5.569477,0.006705
PRAS40,150,162,STDDGSLSEETPA,,,11,1308.5438,Apo,5,1312.681717,0.044153,3.232972,0.044153,5.562933,0.001475
PRAS40,150,162,STDDGSLSEETPA,,,11,1308.5438,Apo,50.000004,1312.775896,0.055148,3.327151,0.055148,5.596048,0.004274
PRAS40,150,162,STDDGSLSEETPA,,,11,1308.5438,withRaptor,0,1309.448745,0,0,0,5.572702,0
PRAS40,150,162,STDDGSLSEETPA,,,11,1308.5438,withRaptor,0.005,1312.261535,0.113066,2.81279,0.113066,5.569345,0.007339
PRAS40,150,162,STDDGSLSEETPA,,,11,1308.5438,withRaptor,0.05,1312.611527,0.162742,3.162781,0.162742,5.556503,0.014562
PRAS40,150,162,STDDGSLSEETPA,,,11,1308.5438,withRaptor,0.5,1312.69372,0.20816,3.244975,0.20816,5.560303,0.014599
PRAS40,150,162,STDDGSLSEETPA,,,11,1308.5438,withRaptor,5,1312.633865,0.111196,3.18512,0.111196,5.568146,0.002362
PRAS40,150,162,STDDGSLSEETPA,,,11,1308.5438,withRaptor,50.000004,1312.680305,0.073816,3.23156,0.073816,5.571131,0.009375
PRAS40,153,165,DGSLSEETPAGPP,,,9,1256.5641,Apo,0,1257.239072,0,0,0,7.517336,0
PRAS40,153,165,DGSLSEETPAGPP,,,9,1256.5641,Apo,0.005,1261.87818,0.068761,4.639108,0.068761,7.497183,0.004834
PRAS40,153,165,DGSLSEETPAGPP,,,9,1256.5641,Apo,0.05,1261.732055,0.086667,4.492983,0.086667,7.495515,0.008162
PRAS40,153,165,DGSLSEETPAGPP,,,9,1256.5641,Apo,0.5,1261.609388,0.045843,4.370316,0.045843,7.505738,0.008552
PRAS40,153,165,DGSLSEETPAGPP,,,9,1256.5641,Apo,5,1262.032639,0.047379,4.793567,0.047379,7.499419,0.001832
PRAS40,153,165,DGSLSEETPAGPP,,,9,1256.5641,Apo,50.000004,1261.896646,0.169995,4.657575,0.169995,7.510061,0.009012
PRAS40,153,165,DGSLSEETPAGPP,,,9,1256.5641,withRaptor,0,1257.239072,0,0,0,7.517336,0
PRAS40,153,165,DGSLSEETPAGPP,,,9,1256.5641,withRaptor,0.005,1261.778859,0.00559,4.539788,0.00559,7.482835,0.007645
PRAS40,153,165,DGSLSEETPAGPP,,,9,1256.5641,withRaptor,0.05,1261.734769,0.12738,4.495697,0.12738,7.486708,0.00694
PRAS40,153,165,DGSLSEETPAGPP,,,9,1256.5641,withRaptor,0.5,1261.470684,0.004949,4.231613,0.004949,7.493864,0.027463
PRAS40,153,165,DGSLSEETPAGPP,,,9,1256.5641,withRaptor,5,1261.888314,0.048171,4.649243,0.048171,7.497647,0.002346
PRAS40,153,165,DGSLSEETPAGPP,,,9,1256.5641,withRaptor,50.000004,1261.891044,0.184149,4.651972,0.184149,7.489488,0.007792
PRAS40,157,179,SEETPAGPPTCSVPPASALPTQQ,,,16,2265.0704,Apo,0,2266.587279,0,0,0,7.509678,0
PRAS40,157,179,SEETPAGPPTCSVPPASALPTQQ,,,16,2265.0704,Apo,0.005,2274.880751,0.054246,8.293472,0.054246,7.494402,0.001472
PRAS40,157,179,SEETPAGPPTCSVPPASALPTQQ,,,16,2265.0704,Apo,0.05,2274.98827,0.089682,8.400991,0.089682,7.490063,0.005844
PRAS40,157,179,SEETPAGPPTCSVPPASALPTQQ,,,16,2265.0704,Apo,0.5,2274.899529,0.030248,8.31225,0.030248,7.493796,0.00621
PRAS40,157,179,SEETPAGPPTCSVPPASALPTQQ,,,16,2265.0704,Apo,5,2274.8841,0.183045,8.296821,0.183045,7.490895,0.004289
PRAS40,157,179,SEETPAGPPTCSVPPASALPTQQ,,,16,2265.0704,Apo,50.000004,2274.878186,0.211881,8.290907,0.211881,7.51785,0.00851
PRAS40,157,179,SEETPAGPPTCSVPPASALPTQQ,,,16,2265.0704,withRaptor,0,2266.587279,0,0,0,7.509678,0
PRAS40,157,179,SEETPAGPPTCSVPPASALPTQQ,,,16,2265.0704,withRaptor,0.005,2274.901925,0.077283,8.314645,0.077283,7.487437,0.009731
PRAS40,157,179,SEETPAGPPTCSVPPASALPTQQ,,,16,2265.0704,withRaptor,0.05,2275.002153,0.223203,8.414873,0.223203,7.479146,0.002934
PRAS40,157,179,SEETPAGPPTCSVPPASALPTQQ,,,16,2265.0704,withRaptor,0.5,2274.922551,0.039868,8.335272,0.039868,7.497034,0.027353
PRAS40,157,179,SEETPAGPPTCSVPPASALPTQQ,,,16,2265.0704,withRaptor,5,2274.983143,0.091745,8.395864,0.091745,7.494534,0.007312
PRAS40,157,179,SEETPAGPPTCSVPPASALPTQQ,,,16,2265.0704,withRaptor,50.000004,2274.993096,0.110713,8.405817,0.110713,7.488916,0.001571
PRAS40,160,168,TPAGPPTCS,,,5,830.3713,Apo,0,830.716796,0.034734,0,0,8.855349,0.006368
PRAS40,160,168,TPAGPPTCS,,,5,830.3713,Apo,0.005,832.859112,0.020522,2.142317,0.040344,8.828467,0.004542
PRAS40,160,168,TPAGPPTCS,,,5,830.3713,Apo,0.05,832.929744,0.06826,2.212948,0.076589,8.825758,0.005917
PRAS40,160,168,TPAGPPTCS,,,5,830.3713,Apo,0.5,832.96282,0.057489,2.246024,0.067168,8.832952,0.006825
PRAS40,160,168,TPAGPPTCS,,,5,830.3713,Apo,5,832.971372,0.075346,2.254576,0.082967,8.8316,0.001312
PRAS40,160,168,TPAGPPTCS,,,5,830.3713,Apo,50.000004,833.008891,0.108514,2.292096,0.113937,8.849534,0.007454
PRAS40,160,168,TPAGPPTCS,,,5,830.3713,withRaptor,0,830.716796,0.034734,0,0,8.855349,0.006368
PRAS40,160,168,TPAGPPTCS,,,5,830.3713,withRaptor,0.005,832.807842,0.05717,2.091046,0.066894,8.815989,0.006349
PRAS40,160,168,TPAGPPTCS,,,5,830.3713,withRaptor,0.05,832.955688,0.114861,2.238892,0.119998,8.809061,0.004568
PRAS40,160,168,TPAGPPTCS,,,5,830.3713,withRaptor,0.5,832.950703,0.10589,2.233908,0.111441,8.818908,0.014577
PRAS40,160,168,TPAGPPTCS,,,5,830.3713,withRaptor,5,832.978289,0.054875,2.261494,0.064944,8.839797,0.015673
PRAS40,160,168,TPAGPPTCS,,,5,830.3713,withRaptor,50.000004,832.982277,0.07572,2.265481,0.083306,8.82132,0.005093
PRAS40,172,189,ASALPTQQYAKSLPVSVP,,,14,1857.0116,Apo,0,1858.136555,0.064198,0,0,9.907658,0.004787
PRAS40,172,189,ASALPTQQYAKSLPVSVP,,,14,1857.0116,Apo,0.005,1865.539362,0.278408,7.402807,0.285714,9.874901,0.006291
PRAS40,172,189,ASALPTQQYAKSLPVSVP,,,14,1857.0116,Apo,0.05,1865.947019,0.351079,7.810464,0.3569,9.867214,0.006638
PRAS40,172,189,ASALPTQQYAKSLPVSVP,,,14,1857.0116,Apo,0.5,1865.931709,0.389347,7.795154,0.394605,9.853982,0.015223
PRAS40,172,189,ASALPTQQYAKSLPVSVP,,,14,1857.0116,Apo,5,1865.865774,0.419097,7.72922,0.423986,9.867239,0.008239
PRAS40,172,189,ASALPTQQYAKSLPVSVP,,,14,1857.0116,Apo,50.000004,1865.97554,0.292966,7.838985,0.299918,9.887067,0.009506
PRAS40,172,189,ASALPTQQYAKSLPVSVP,,,14,1857.0116,withRaptor,0,1858.136555,0.064198,0,0,9.907658,0.004787
PRAS40,172,189,ASALPTQQYAKSLPVSVP,,,14,1857.0116,withRaptor,0.005,1863.30537,0.273949,5.168815,0.281371,9.870754,0.00541
PRAS40,172,189,ASALPTQQYAKSLPVSVP,,,14,1857.0116,withRaptor,0.05,1865.718582,0.361997,7.582027,0.367646,9.861128,0.005735
PRAS40,172,189,ASALPTQQYAKSLPVSVP,,,14,1857.0116,withRaptor,0.5,1865.913486,0.33895,7.776931,0.344976,9.866046,0.01557
PRAS40,172,189,ASALPTQQYAKSLPVSVP,,,14,1857.0116,withRaptor,5,1866.019501,0.279207,7.882946,0.286492,9.875279,0.00925
PRAS40,172,189,ASALPTQQYAKSLPVSVP,,,14,1857.0116,withRaptor,50.000004,1866.129391,0.259129,7.992836,0.266963,9.863727,0.012222
PRAS40,180,188,YAKSLPVSV,,,7,963.551,Apo,0,964.309712,0.069544,0,0,7.373682,0.001567
PRAS40,180,188,YAKSLPVSV,,,7,963.551,Apo,0.005,967.750029,0.037429,3.440317,0.078976,7.34665,0.003389
PRAS40,180,188,YAKSLPVSV,,,7,963.551,Apo,0.05,967.926595,0.054922,3.616883,0.088616,7.341978,0.006235
PRAS40,180,188,YAKSLPVSV,,,7,963.551,Apo,0.5,967.965009,0.062194,3.655297,0.093297,7.346046,0.010785
PRAS40,180,188,YAKSLPVSV,,,7,963.551,Apo,5,968.00936,0.066928,3.699648,0.096518,7.344229,0.005625
PRAS40,180,188,YAKSLPVSV,,,7,963.551,Apo,50.000004,967.875969,0.038793,3.566257,0.079632,7.35884,0.006023
PRAS40,180,188,YAKSLPVSV,,,7,963.551,withRaptor,0,964.309712,0.069544,0,0,7.373682,0.001567
PRAS40,180,188,YAKSLPVSV,,,7,963.551,withRaptor,0.005,965.871829,0.203055,1.562117,0.214634,7.341892,0.008484
PRAS40,180,188,YAKSLPVSV,,,7,963.551,withRaptor,0.05,967.78088,0.028622,3.471168,0.075203,7.332776,0.006949
PRAS40,180,188,YAKSLPVSV,,,7,963.551,withRaptor,0.5,967.904406,0.050034,3.594694,0.085672,7.334492,0.011988
PRAS40,180,188,YAKSLPVSV,,,7,963.551,withRaptor,5,967.929001,0.048689,3.619289,0.084894,7.34697,0.004507
PRAS40,180,188,YAKSLPVSV,,,7,963.551,withRaptor,50.000004,967.969063,0.029735,3.659351,0.075634,7.335291,0.002975
PRAS40,180,193,YAKSLPVSVPVWGF,,,11,1549.8413,Apo,0,1551.388883,0,0,0,11.560947,0
PRAS40,180,193,YAKSLPVSVPVWGF,,,11,1549.8413,Apo,0.005,1556.839723,0.036723,5.450841,0.036723,11.508723,0.003237
PRAS40,180,193,YAKSLPVSVPVWGF,,,11,1549.8413,Apo,0.05,1557.166426,0.08356,5.777543,0.08356,11.508066,0.002074
PRAS40,180,193,YAKSLPVSVPVWGF,,,11,1549.8413,Apo,0.5,1557.18083,0.027905,5.791947,0.027905,11.522919,0.008689
PRAS40,180,193,YAKSLPVSVPVWGF,,,11,1549.8413,Apo,5,1557.1139,0.042822,5.725017,0.042822,11.507826,0.002765
PRAS40,180,193,YAKSLPVSVPVWGF,,,11,1549.8413,Apo,50.000004,1557.098928,0.045143,5.710045,0.045143,11.533715,0.007106
PRAS40,180,193,YAKSLPVSVPVWGF,,,11,1549.8413,withRaptor,0,1551.388883,0,0,0,11.560947,0
PRAS40,180,193,YAKSLPVSVPVWGF,,,11,1549.8413,withRaptor,0.005,1554.569344,0.156498,3.180461,0.156498,11.504621,0.00339
PRAS40,180,193,YAKSLPVSVPVWGF,,,11,1549.8413,withRaptor,0.05,1556.933297,0.082052,5.544414,0.082052,11.495224,0.005245
PRAS40,180,193,YAKSLPVSVPVWGF,,,11,1549.8413,withRaptor,0.5,1557.09236,0.021461,5.703477,0.021461,11.516047,0.012705
PRAS40,180,193,YAKSLPVSVPVWGF,,,11,1549.8413,withRaptor,5,1557.122505,0.014088,5.733622,0.014088,11.515523,0.007936
PRAS40,180,193,YAKSLPVSVPVWGF,,,11,1549.8413,withRaptor,50.000004,1557.188605,0.066029,5.799722,0.066029,11.504425,0.003667
PRAS40,181,188,AKSLPVSV,,,6,800.4876,Apo,0,800.825733,0,0,0,7.373915,0
PRAS40,181,188,AKSLPVSV,,,6,800.4876,Apo,0.005,804.030185,0.052893,3.204452,0.052893,7.350528,0.001823
PRAS40,181,188,AKSLPVSV,,,6,800.4876,Apo,0.05,804.246882,0.031513,3.421149,0.031513,7.345882,0.002408
PRAS40,181,188,AKSLPVSV,,,6,800.4876,Apo,0.5,804.154705,0.090557,3.328972,0.090557,7.345217,0.008648
PRAS40,181,188,AKSLPVSV,,,6,800.4876,Apo,5,804.074661,0.126206,3.248927,0.126206,7.345264,0.003814
PRAS40,181,188,AKSLPVSV,,,6,800.4876,Apo,50.000004,804.078075,0.132218,3.252342,0.132218,7.36417,0.003706
PRAS40,181,188,AKSLPVSV,,,6,800.4876,withRaptor,0,800.825733,0,0,0,7.373915,0
PRAS40,181,188,AKSLPVSV,,,6,800.4876,withRaptor,0.005,802.372178,0.030106,1.546445,0.030106,7.341531,0.007274
PRAS40,181,188,AKSLPVSV,,,6,800.4876,withRaptor,0.05,804.011197,0.080768,3.185464,0.080768,7.334584,0.00069
PRAS40,181,188,AKSLPVSV,,,6,800.4876,withRaptor,0.5,804.176139,0.080375,3.350406,0.080375,7.32678,0.00179
PRAS40,181,188,AKSLPVSV,,,6,800.4876,withRaptor,5,804.075193,0.172828,3.24946,0.172828,7.348777,0.004603
PRAS40,181,188,AKSLPVSV,,,6,800.4876,withRaptor,50.000004,804.116369,0.180655,3.290636,0.180655,7.335947,0.011689
PRAS40,193,215,FKEKRTEARSSDEENGPPSSPDL,,,19,2576.2223,Apo,0,2577.60591,0,0,0,5.332973,0
PRAS40,193,215,FKEKRTEARSSDEENGPPSSPDL,,,19,2576.2223,Apo,0.005,2585.320312,0.087096,7.714402,0.087096,5.336224,0.002614
PRAS40,193,215,FKEKRTEARSSDEENGPPSSPDL,,,19,2576.2223,Apo,0.05,2585.608936,0.121746,8.003027,0.121746,5.337325,6.77E-05
PRAS40,193,215,FKEKRTEARSSDEENGPPSSPDL,,,19,2576.2223,Apo,0.5,2585.278225,0.122639,7.672316,0.122639,5.334455,0.002452
PRAS40,193,215,FKEKRTEARSSDEENGPPSSPDL,,,19,2576.2223,Apo,5,2585.433301,0.118173,7.827391,0.118173,5.330612,0.00203
PRAS40,193,215,FKEKRTEARSSDEENGPPSSPDL,,,19,2576.2223,Apo,50.000004,2585.445442,0.209106,7.839532,0.209106,5.355689,0.008976
PRAS40,193,215,FKEKRTEARSSDEENGPPSSPDL,,,19,2576.2223,withRaptor,0,2577.60591,0,0,0,5.332973,0
PRAS40,193,215,FKEKRTEARSSDEENGPPSSPDL,,,19,2576.2223,withRaptor,0.005,2585.411321,0.186449,7.805412,0.186449,5.328187,0.00419
PRAS40,193,215,FKEKRTEARSSDEENGPPSSPDL,,,19,2576.2223,withRaptor,0.05,2585.44199,0.155337,7.83608,0.155337,5.315764,0.008065
PRAS40,193,215,FKEKRTEARSSDEENGPPSSPDL,,,19,2576.2223,withRaptor,0.5,2585.139626,0.109717,7.533716,0.109717,5.321381,0.010584
PRAS40,193,215,FKEKRTEARSSDEENGPPSSPDL,,,19,2576.2223,withRaptor,5,2585.408034,0.134388,7.802124,0.134388,5.341947,0.00905
PRAS40,193,215,FKEKRTEARSSDEENGPPSSPDL,,,19,2576.2223,withRaptor,50.000004,2585.409382,0.14921,7.803472,0.14921,5.332144,0.004024
PRAS40,201,215,RSSDEENGPPSSPDL,,,11,1586.6929,Apo,0,1587.323342,0,0,0,6.402034,0
PRAS40,201,215,RSSDEENGPPSSPDL,,,11,1586.6929,Apo,0.005,1591.349081,0.031505,4.025739,0.031505,6.383267,0.004349
PRAS40,201,215,RSSDEENGPPSSPDL,,,11,1586.6929,Apo,0.05,1591.520466,0.018745,4.197124,0.018745,6.383918,0.001571
PRAS40,201,215,RSSDEENGPPSSPDL,,,11,1586.6929,Apo,0.5,1591.504732,0.074853,4.18139,0.074853,6.379782,0.002977
PRAS40,201,215,RSSDEENGPPSSPDL,,,11,1586.6929,Apo,5,1591.49112,0.002738,4.167779,0.002738,6.380648,0.001921
PRAS40,201,215,RSSDEENGPPSSPDL,,,11,1586.6929,Apo,50.000004,1591.4576,0.032364,4.134258,0.032364,6.40063,0.006789
PRAS40,201,215,RSSDEENGPPSSPDL,,,11,1586.6929,withRaptor,0,1587.323342,0,0,0,6.402034,0
PRAS40,201,215,RSSDEENGPPSSPDL,,,11,1586.6929,withRaptor,0.005,1591.433795,0.083999,4.110453,0.083999,6.374784,0.006361
PRAS40,201,215,RSSDEENGPPSSPDL,,,11,1586.6929,withRaptor,0.05,1591.461156,0.100049,4.137814,0.100049,6.371188,0.000425
PRAS40,201,215,RSSDEENGPPSSPDL,,,11,1586.6929,withRaptor,0.5,1591.368003,0.040599,4.044661,0.040599,6.369104,0.009409
PRAS40,201,215,RSSDEENGPPSSPDL,,,11,1586.6929,withRaptor,5,1591.530532,0.070447,4.207191,0.070447,6.382715,0.006297
PRAS40,201,215,RSSDEENGPPSSPDL,,,11,1586.6929,withRaptor,50.000004,1591.483305,0.01936,4.159964,0.01936,6.377398,0.002632
PRAS40,216,224,DRIAASMRA,,,8,990.5149,Apo,0,991.236978,0,0,0,5.414509,0
PRAS40,216,224,DRIAASMRA,,,8,990.5149,Apo,0.005,995.689089,0.089732,4.452111,0.089732,5.391492,0.00699
PRAS40,216,224,DRIAASMRA,,,8,990.5149,Apo,0.05,996.188606,0.047064,4.951628,0.047064,5.380448,0.005588
PRAS40,216,224,DRIAASMRA,,,8,990.5149,Apo,0.5,996.175659,0.032843,4.938681,0.032843,5.385183,0.005028
PRAS40,216,224,DRIAASMRA,,,8,990.5149,Apo,5,996.172025,0.070969,4.935047,0.070969,5.380229,0.006148
PRAS40,216,224,DRIAASMRA,,,8,990.5149,Apo,50.000004,996.130771,0.061119,4.893793,0.061119,5.405841,0.002284
PRAS40,216,224,DRIAASMRA,,,8,990.5149,withRaptor,0,991.236978,0,0,0,5.414509,0
PRAS40,216,224,DRIAASMRA,,,8,990.5149,withRaptor,0.005,995.724944,0.062676,4.487966,0.062676,5.384418,0.002698
PRAS40,216,224,DRIAASMRA,,,8,990.5149,withRaptor,0.05,996.117435,0.073417,4.880457,0.073417,5.372281,0.003875
PRAS40,216,224,DRIAASMRA,,,8,990.5149,withRaptor,0.5,996.114742,0.036701,4.877764,0.036701,5.369277,0.012972
PRAS40,216,224,DRIAASMRA,,,8,990.5149,withRaptor,5,996.121817,0.044174,4.884839,0.044174,5.397974,0.013254
PRAS40,216,224,DRIAASMRA,,,8,990.5149,withRaptor,50.000004,996.183276,0.091159,4.946298,0.091159,5.389997,0.016206
PRAS40,228,235,REAEDTQV,,,7,947.4429,Apo,0,947.928267,0.008734,0,0,4.621037,0.003267
PRAS40,228,235,REAEDTQV,,,7,947.4429,Apo,0.005,951.130188,0.053183,3.201921,0.053895,4.618673,0.006131
PRAS40,228,235,REAEDTQV,,,7,947.4429,Apo,0.05,951.225773,0.057695,3.297506,0.058352,4.617135,0.004977
PRAS40,228,235,REAEDTQV,,,7,947.4429,Apo,0.5,951.205236,0.055567,3.276969,0.056249,4.615839,0.00605
PRAS40,228,235,REAEDTQV,,,7,947.4429,Apo,5,951.301809,0.023543,3.373542,0.02511,4.613035,0.002082
PRAS40,228,235,REAEDTQV,,,7,947.4429,Apo,50.000004,951.244324,0.1044,3.316057,0.104765,4.638963,0.006046
PRAS40,228,235,REAEDTQV,,,7,947.4429,withRaptor,0,947.928267,0.008734,0,0,4.621037,0.003267
PRAS40,228,235,REAEDTQV,,,7,947.4429,withRaptor,0.005,951.080664,0.167306,3.152396,0.167534,4.620929,0.004657
PRAS40,228,235,REAEDTQV,,,7,947.4429,withRaptor,0.05,951.260364,0.067105,3.332097,0.067671,4.605327,0.008251
PRAS40,228,235,REAEDTQV,,,7,947.4429,withRaptor,0.5,951.180028,0.098767,3.251761,0.099153,4.61524,0.013426
PRAS40,228,235,REAEDTQV,,,7,947.4429,withRaptor,5,951.303334,0.017209,3.375067,0.019298,4.627577,0.01022
PRAS40,228,235,REAEDTQV,,,7,947.4429,withRaptor,50.000004,951.324698,0.104683,3.396431,0.105046,4.610485,0.002652
PRAS40,228,244,REAEDTQVFGDLPRPRL,,,14,1999.0356,Apo,0,2000.064318,0,0,0,8.864696,0
PRAS40,228,244,REAEDTQVFGDLPRPRL,,,14,1999.0356,Apo,0.005,2006.850441,0.079606,6.786123,0.079606,8.82423,0.003357
PRAS40,228,244,REAEDTQVFGDLPRPRL,,,14,1999.0356,Apo,0.05,2007.229964,0.078927,7.165646,0.078927,8.81493,0.001482
PRAS40,228,244,REAEDTQVFGDLPRPRL,,,14,1999.0356,Apo,0.5,2007.112709,0.040905,7.048391,0.040905,8.826613,0.007746
PRAS40,228,244,REAEDTQVFGDLPRPRL,,,14,1999.0356,Apo,5,2007.244402,0.02569,7.180084,0.02569,8.820414,0.000466
PRAS40,228,244,REAEDTQVFGDLPRPRL,,,14,1999.0356,Apo,50.000004,2007.172792,0.069413,7.108474,0.069413,8.841957,0.003012
PRAS40,228,244,REAEDTQVFGDLPRPRL,,,14,1999.0356,withRaptor,0,2000.064318,0,0,0,8.864696,0
PRAS40,228,244,REAEDTQVFGDLPRPRL,,,14,1999.0356,withRaptor,0.005,2006.752803,0.199138,6.688485,0.199138,8.813218,0.003703
PRAS40,228,244,REAEDTQVFGDLPRPRL,,,14,1999.0356,withRaptor,0.05,2007.064071,0.023798,6.999753,0.023798,8.80372,0.001184
PRAS40,228,244,REAEDTQVFGDLPRPRL,,,14,1999.0356,withRaptor,0.5,2007.044496,0.018887,6.980178,0.018887,8.818781,0.009318
PRAS40,228,244,REAEDTQVFGDLPRPRL,,,14,1999.0356,withRaptor,5,2007.131962,0.082697,7.067644,0.082697,8.838928,0.013302
PRAS40,228,244,REAEDTQVFGDLPRPRL,,,14,1999.0356,withRaptor,50.000004,2007.108734,0.050471,7.044416,0.050471,8.81717,0.005408
PRAS40,232,244,DTQVFGDLPRPRL,,,10,1513.8122,Apo,0,1514.632906,0,0,0,9.297448,0
PRAS40,232,244,DTQVFGDLPRPRL,,,10,1513.8122,Apo,0.005,1519.998498,0.043358,5.365592,0.043358,9.272753,0.006511
PRAS40,232,244,DTQVFGDLPRPRL,,,10,1513.8122,Apo,0.05,1520.347971,0.037525,5.715065,0.037525,9.268867,0.001293
PRAS40,232,244,DTQVFGDLPRPRL,,,10,1513.8122,Apo,0.5,1520.260895,0.071906,5.627989,0.071906,9.271462,0.005569
PRAS40,232,244,DTQVFGDLPRPRL,,,10,1513.8122,Apo,5,1520.396063,0.019373,5.763157,0.019373,9.269396,0.008302
PRAS40,232,244,DTQVFGDLPRPRL,,,10,1513.8122,Apo,50.000004,1520.396796,0.04647,5.76389,0.04647,9.291451,0.010158
PRAS40,232,244,DTQVFGDLPRPRL,,,10,1513.8122,withRaptor,0,1514.632906,0,0,0,9.297448,0
PRAS40,232,244,DTQVFGDLPRPRL,,,10,1513.8122,withRaptor,0.005,1519.963161,0.128044,5.330255,0.128044,9.265447,0.003358
PRAS40,232,244,DTQVFGDLPRPRL,,,10,1513.8122,withRaptor,0.05,1520.261075,0.07135,5.628169,0.07135,9.248892,0.019193
PRAS40,232,244,DTQVFGDLPRPRL,,,10,1513.8122,withRaptor,0.5,1520.232234,0.027748,5.599328,0.027748,9.27456,0.013769
PRAS40,232,244,DTQVFGDLPRPRL,,,10,1513.8122,withRaptor,5,1520.455868,0.000982,5.822962,0.000982,9.280555,0.001845
PRAS40,232,244,DTQVFGDLPRPRL,,,10,1513.8122,withRaptor,50.000004,1520.406954,0.021806,5.774048,0.021806,9.271898,0.005714
PRAS40,235,244,VFGDLPRPRL,,,7,1169.679,Apo,0,1170.267739,0,0,0,8.853941,0
PRAS40,235,244,VFGDLPRPRL,,,7,1169.679,Apo,0.005,1173.892104,0.1165,3.624365,0.1165,8.833813,0.006037
PRAS40,235,244,VFGDLPRPRL,,,7,1169.679,Apo,0.05,1173.937967,0.047612,3.670228,0.047612,8.822016,0.00174
PRAS40,235,244,VFGDLPRPRL,,,7,1169.679,Apo,0.5,1173.912704,0.045299,3.644965,0.045299,8.825693,0.006203
PRAS40,235,244,VFGDLPRPRL,,,7,1169.679,Apo,5,1173.96128,0.116857,3.693541,0.116857,8.825372,0.002367
PRAS40,235,244,VFGDLPRPRL,,,7,1169.679,Apo,50.000004,1173.906989,0.036392,3.63925,0.036392,8.85311,0.004511
PRAS40,235,244,VFGDLPRPRL,,,7,1169.679,withRaptor,0,1170.267739,0,0,0,8.853941,0
PRAS40,235,244,VFGDLPRPRL,,,7,1169.679,withRaptor,0.005,1173.810235,0.033431,3.542496,0.033431,8.820508,0.00585
PRAS40,235,244,VFGDLPRPRL,,,7,1169.679,withRaptor,0.05,1173.898064,0.02986,3.630325,0.02986,8.809808,0.000381
PRAS40,235,244,VFGDLPRPRL,,,7,1169.679,withRaptor,0.5,1173.87355,0.082511,3.605811,0.082511,8.828412,0.013511
PRAS40,235,244,VFGDLPRPRL,,,7,1169.679,withRaptor,5,1173.952232,0.043159,3.684493,0.043159,8.849202,0.013344
PRAS40,235,244,VFGDLPRPRL,,,7,1169.679,withRaptor,50.000004,1173.991918,0.02708,3.724179,0.02708,8.826037,0.005617