Sequence,Range,RT,MH+,0.08,0.17,1,10,60,240
MEGKWSKRSVSGW,1‐13,4.96,1537.76,46.33,44.57,44.6,44.94,43.87,44.96
MEGKWSKRSVSGWPA,1‐15,5.01,1705.85,47.07,45.67,45.66,45.95,46.08,45.75
MEGKWSKRSVSGWPAVRERM,1‐20,4.89,2377.2,40.22,43.58,50.61,52.54,51.41,52.2
RMRRAEPAAE,19‐28,2.46,1186.61,56.95,58.12,61.28,62.77,62.17,60.81
RRAEPAAEGVG,21‐31,2.49,1112.58,67.15,68.03,69.07,68.54,68.84,68.85
GVGAVSRD,29‐36,2.49,760.39,67.64,66.07,66.05,64.12,66.63,66.48
GVGAVSRDLEKHGAITSSNTAATNAA,29‐55,4.59,2601.27,61.51,60.9,60.68,61.25,62,60.95
AVSRDLEKHGAITSSNTAATN,32‐52,3.72,2143.07,61.18,59.57,58.63,60.17,59.77,60.96
AVSRDLEKHGAITSSNTAATNA,32‐53,3.82,2214.11,61.5,57.83,58.94,60.14,58.67,58.53
LEKHGAITSSNT,37‐48,4,2388.16,48.14,48.55,47.79,48.23,48.37,49.09
AVSRDLEKHGAITSSNTAATNAAC,32‐55,2.48,1257.64,59.42,59.59,58.95,60.14,59.9,58.95
AWLEA,56‐60,6.42,589.3,63.45,61.39,61.62,64.68,61.44,60.91
EAQEEEE,59‐65,2.49,863.33,57.34,55.13,55.84,57.11,55.46,55.64
EEVGFPVRPQVPLRPMT,64‐80,5.63,1952.04,62.55,64.04,71.65,74.62,73.92,74.43
VGFPVRPQVPLRPMT,66‐80,5.48,1693.96,61.59,63.6,72.29,75.44,75.23,75.84
VGFPVRPQVPLRPMTY,66‐81,5.8,1857.02,62.3,65.97,74.16,77.32,76.84,77.1
PVRPQVPLRPMT,69‐80,4.67,1390.8,57.61,61.22,71.55,74.75,74.91,75.23
YKAAVD,81‐86,2.5,666.35,6.78,8.73,16.79,22.45,23.61,29.12
YKAAVDLSHFLKEKGGLEGL,81‐100,6.16,2175.18,14.2,16.48,24.33,29.17,31.56,37.12
EGLIYSQKRQDIL,98‐110,5.5,1562.85,8.25,9.42,9.04,15.5,24.24,28.81
EGLIYSQKRQDILDL,98‐112,6.21,1790.96,6.02,6.44,6.89,11.98,18.72,22.74
LIYSQKRQDIL,100‐110,5.15,1376.79,10,9.77,10,14.32,18.58,21.01
IYSQKRQDIL,101‐110,6.05,1604.9,12.23,12.59,13.22,16.93,22.44,24.9
LIYSQKRQDILDL,100‐112,4.74,1263.71,6.4,6.39,7.21,10.3,14.08,16.66
YSQKRQDIL,102‐110,5.85,1491.82,13,13.46,13.53,18.47,24.19,26.56
IYSQKRQDILDL,101‐112,4.82,1150.62,7.69,7.73,8.26,11.7,15.37,17.68
YSQKRQDILDL,102‐112,5.74,1378.73,7.83,8.08,8.26,10.81,15.67,17.94
LWVYHTQGYF,112‐121,6.81,1313.63,1.75,4.15,8.72,16.96,24.45,29.31
WVYHTQGYF,113‐121,6.42,1200.55,2.63,3.99,7.66,16.97,21.49,26.46
PDWQNYTPGPGIRYPLT,122‐138,6.28,1974.97,22.82,28.21,35.32,43.65,44.3,44.86
QNYTPGPGIRYPLT,125‐138,5.61,1576.81,22.6,26.48,33.24,37.96,37.51,40.07
NYTPGPGIRYPLT,126‐138,5.63,1448.75,19.13,22.42,30.44,34.37,33.32,36.3
YTPGPGIRYPLT,127‐138,5.6,1334.71,21.11,25.2,33.47,38.69,37.19,40.4
FGWCF,139‐143,8.37,659.26,1.05,1.38,0.45,1.05,1.58,1.39
FKLVPVEPEKVEE,143‐155,5.31,1542.84,41.17,41.31,41.01,44.14,48.55,49.94
KLVPVEPEKVEE,144‐155,4.41,1395.77,45.51,45.56,45.42,48.41,53.57,55.24
ANEGENNCL,156‐164,4.89,963.38,59.63,58.58,57.64,58.59,59.18,57.83
NCLLHPMSQHGMDDPEKEVL,162‐181,5.58,2293.04,36.65,36.47,37.65,40.25,43.04,42.38
CLLHPMSQHGMDDPEKEVL,163‐181,5.52,2179,33.88,33.75,35.39,38.46,40.55,40.62
LHPMSQHGMDDPEKE,165‐179,5.23,2075.99,36.97,36.54,36.7,37.04,36.72,36.18
LLHPMSQHGMDDPEKEVL,164‐181,4.01,1750.75,31.05,30.73,32.13,34.51,38.04,38.37
LHPMSQHGMDDPEKEVL,165‐181,4.97,1962.9,31.14,31.99,33.28,36.08,38.46,39.03
HPMSQHGMDDPEKEVL,166‐181,4.75,1849.82,29.8,31.05,32.41,34.86,38.46,37.57
HGMDDPEKEVL,171‐181,4.98,1269.58,32.96,35.64,36.84,41,46.31,47.52
VWKFDSKL,182‐189,5.82,1022.57,13.39,15.37,20.51,27.78,28.82,34.13
VWKFDSKLAF,182‐191,6.51,1240.67,15.19,19.29,26.12,35.79,41.19,46.56
AFHHMARE,190‐197,2.48,998.46,10.58,15.02,24.51,25.46,25.51,25.31
AFHHMARELHPEY,190‐202,4.25,1637.76,20.13,24.52,32.56,33.65,33.01,33.2
LHPEY,198‐202,4.35,658.32,44.58,45.96,46.67,46.68,48.01,47
KRSMGGWSAIRERM,29‐39,2.45,1664.85,59.03,60.88,61.18,61.09,61.48,61.35
RMRRAEPRAEPAADGVG,38‐54,2.45,1838.94,63.7,65.17,65.33,65.85,66.14,65.99
LEKHGAITSSNT,60‐71,3.8,2329.14,48.46,51.02,49.92,48.74,49.69,51.11
AVSRDLEKHGAITSSNTAATNAD,55‐77,4.01,2432.15,58.72,60.41,58.66,57.02,59.62,57.46
AVSRDLEKHGAITSSNTAATNADC,55‐78,2.44,1257.64,57.95,60.13,58.24,57.63,59.14,57.49
EAQEEEE,82‐88,2.44,863.33,56.41,56.5,56.48,55.99,55.19,54.92
EEVGFPVRPQVPLRPMT,87‐103,5.66,1952.04,61.46,65.91,71.44,75.44,76.58,76.25
VGFPVRPQVPLRPMT,89‐103,5.51,1693.96,61.07,65.42,72.33,76.41,78.34,77.63
VGFPVRPQVPLRPMTY,89‐104,5.83,1857.02,63.62,67.5,73.19,76.67,77.94,77.94
GFPVRPQVPLRPMT,90‐103,5.65,2240.27,61.92,65.76,73.93,79.05,80.3,77.77
PVRPQVPLRPMT,92‐103,5.51,1594.89,56.65,61.61,71.16,74.58,77.15,76.86
PVRPQVPLRPMTY,92‐104,4.69,1390.8,60.71,66.29,72.7,75.53,79.14,77.89
VGFPVRPQVPLRPMTYKAAL,89‐108,5.18,1553.86,47.38,51.31,59.03,64.58,66.56,66.49
PVRPQVPLRPMTYKAAL,92‐108,5.49,1937.12,45.83,49.77,58.49,63.29,65.43,65.66
DISHFLKEKGGL,109‐120,5.81,1343.73,20.13,22.91,28.54,32.68,35.26,39.72
SHFLKEKGGL,111‐120,5.8,1115.62,22.09,24.81,30.77,35.87,37.14,43.63
EGLIWSQRRQEIL,121‐133,6.06,1627.89,9.96,10.84,12.14,16.82,22.39,26.66
EGLIWSQRRQEILDL,121‐135,6.53,1856,7.28,8.21,9.58,12.69,17,21.18
LIWSQRRQEIL,123‐133,5.79,1441.83,10.23,10.71,11.65,15.73,17.74,19.14
IWSQRRQEI,124‐132,6.35,1669.94,12.73,13.22,14.32,19.26,21.88,22.35
LIWSQRRQEILDL,123‐135,5.85,1215.66,7.13,7.65,8.69,11.57,13.06,15.05
WSQRRQEILDL,125‐135,6.35,1443.77,8.5,8.14,8.95,13.2,14.84,17.29
SQRRQEILDLWI,126‐137,6.05,1556.85,8.39,9.2,9.92,13.14,15.16,15.15
WIYHTQGYF,136‐144,1200.55,3.22,5.33,9.32,14.58,21.79,29.35,2.22
PDWQNYTPGPGIRYPLT,145‐161,6.29,1974.97,23.45,27.46,37.12,42.01,40.62,46.2
QNYTPGPGIRYPLT,148‐161,5.63,1576.81,23.4,25.56,34.79,35.36,34.08,39.46
NYTPGPGIRYPLT,149‐161,5.65,1448.75,19.99,24.69,31.56,34.74,33.1,37.06
YTPGPGIRYPLT,150‐161,5.66,1334.71,22.15,26.29,34.38,36.79,35.53,40.51
YTPGPGIRYPLTFG,150‐163,6.54,1538.8,22.93,30.09,36.62,38.36,37.76,43.22
FKLVPVEPEKVEE,166‐178,5.34,1542.84,41.7,42.31,42.14,44.36,49.06,50.78
KLVPVEPEKVEE,167‐178,4.43,1395.77,45.7,46.64,46.18,48.28,54.89,56.02
PVEPEKVEE,170‐178,5.34,1055.53,46.74,45.69,46.28,50.33,54.08,56.6
ANEGENNSLLHPMSL,179‐193,6.23,1625.76,54.15,54.58,53.79,54.23,55.27,54.85
NSLLHPMSL,185‐193,6.21,1011.53,60.61,60.52,59.74,60.17,61.38,61.34
LLHPMS,187‐192,6.2,697.37,63.66,65.12,63.73,66.22,62.23,65.12
HGMEDAEKEVL,194‐204,5.03,1257.58,42.77,44.94,45.76,48.5,54.71,55.25
DAEKEVL,198‐204,4.77,803.41,42.31,47.24,49.71,53.04,61.34,63.85
AEKEVL,199‐204,4.41,688.39,38.54,42.84,45.8,51.69,59.32,61.29
AFHHMARE,213‐220,2.46,998.46,8.28,12.44,24.18,25.39,26.23,27.13
AFHHMARELHPEY,213‐225,4.26,1637.76,18.03,22.88,33.2,34.55,33.04,35.87
LHPEY,221‐225,4.32,658.32,40.66,45.85,47.01,46.51,46.76,47.92
IGWPAVRE,30‐37,5.49,927.5,43.75,49.49,61.42,66.47,67.34,67.78
IGWPAVRERM,30‐39,5.33,1214.65,41.6,47.18,63.11,65.91,66.99,67.38
IGWPAVRERMRRAEPAADGVG,30‐50,4.91,2294.19,56.64,62.34,68.08,70.57,71.35,71.46
AVSRDLEKHGAITSSNTAANN,51‐71,2.77,2156.07,58.37,58.09,57.52,57.27,58.37,57.79
AVSRDLEKHGAITSSNTAANNAA,51‐73,3.52,2298.14,57.64,57.37,57.36,57.85,58.8,57.95
AVSRDLEKHGAITSSNTAANNAAC,51‐74,3.68,2401.15,59.41,59.18,58.16,58.94,59.11,58.85
EEVGFPVTPQVPLRPMT,83‐99,5.83,1896.99,56.33,61.52,69.57,74.01,74.96,75.4
EVGFPVTPQVPLRPMT,84‐99,5.78,1767.95,53.87,61.82,68.28,73,74.47,74.69
VGFPVTPQVPLRPMT,85‐99,5.73,1638.9,53.79,60.02,71.62,75.98,75.08,76.45
VGFPVTPQVPLRPMTY,85‐100,6.04,1801.97,55.74,62.19,71.57,75.81,77.09,77.11
PVTPQVPLRPMT,88‐99,4.92,1335.75,50.76,57.27,69.35,74.8,75.87,76.25
YKAAVDLSHF,100‐109,5.32,1150.59,2.8,2.68,5.29,11.47,15.8,22.32
LKEKGGLEGLIHSQRRQDIL,110‐129,4.88,2290.3,14.13,15.1,17.27,22.06,26.38,29.84
LKEKGGLEGLIHSQRRQDILDL,110‐131,5.42,2518.41,11.03,11.85,13.28,17.55,21.34,25.34
EGLIHSQRRQDIL,117‐129,4.5,1564.86,6.21,5.87,6.53,10.88,16.57,21.45
LIHSQRRQDIL,119‐129,3.97,1378.79,7.24,7.48,7.9,9.43,13.15,14.25
LWIYHTQGYF,131‐140,6.69,1327.65,1.46,3.54,8.18,10.15,14.54,24.03
PDWQNYTPGPGVRYPLT,141‐157,5.84,1960.96,21,24.99,32.96,44.93,47.49,48.44
NYTPGPGVRYPLT,145‐157,5.08,1434.74,16.16,19.55,27.67,34.38,35.68,37.11
YTPGPGVRYPLT,146‐157,5.04,1320.69,17.39,21.95,29.82,38.44,39.6,40.63
YKLVPVEPDKVEE,162‐174,4.71,1544.82,36.71,38.32,35.46,37.81,41.02,46.14
KLVPVEPDKVEE,163‐174,4.74,2459.27,39.69,39.86,40.43,41.22,43.44,50.03
YKLVPVEPDKVEEANKGENTSL,162‐183,4.18,1381.76,49.64,49.73,48.77,49.83,52,53.62
TSLLHPVSL,181‐189,5.66,966.56,61.92,61.43,59.72,61.02,61.83,61.78
TSLLHPVSLHGMDDPEREVL,181‐200,5.55,2245.13,43.63,44.16,44.98,46,49.52,50.44
HGMDDPEREVL,190‐200,4.77,1297.58,32.24,34.52,36.2,38.64,42.95,46.73
DSRLAF,205‐210,5.46,708.37,10.81,17.28,28.55,34.62,41.52,45.62
AFHHVARELHPEY,209‐221,3.79,1605.79,7.94,10.65,21.89,35.59,37.24,38.21
FHHVARELHPEY,210‐221,3.78,1534.76,7.63,11.3,22.81,37.15,39.42,40.04
HRAEPAAD,28‐35,2.76,1366.66,44.12,41.68,41.81,45.11,46.51,46.44
RMHRAEPAADGVG,26‐38,2.75,1866.9,46.49,45.81,45.14,45.24,45.28,45.4
HRAEPAADGVG,28‐38,2.46,866.41,55.91,56.02,54.93,54.97,55.2,55.2
RMHRAEPAADGVGAASRD,26‐43,2.76,1079.52,51.55,51.19,49.84,50.3,49.75,50.04
HRAEPAADGVGAASRDLE,28‐45,4.18,1821.88,58.14,57.71,56.91,56.84,57.15,58.91
AASRDLEKYGAITSNT,39‐54,4.52,1696.85,56.52,56.49,55.41,55.37,55.76,56
AASRDLEKYGAITSNTAANN,39‐58,4.43,2067.01,60.66,60.52,59.79,59.36,59.01,60.7
LEKYGAITSNT,44‐54,4.39,1196.62,51.86,51.85,51.34,50.78,51.46,51
LEKYGAITSNTAANN,44‐58,4.23,1566.78,56.73,56.86,56.23,56.05,56.1,57.16
KYGAITSNTAANN,46‐58,3.69,1324.65,55.79,56.18,54.66,54.64,55.21,55.26
KYGAITSNTAANNAD,46‐60,3.86,1510.71,56.53,56.48,55.09,55.47,55.2,55.68
LEAQEGEE,64‐71,3.53,904.39,51.71,50.56,51.15,51.01,50.18,49.35
EAQEGEE,65‐71,2.57,791.31,49.52,48.42,48.3,48.63,48.81,48.61
VGFPVRPQVPLRPMT,72‐86,5.34,1693.96,58.39,63.89,69.82,72.88,75.42,73.73
PVRPQVPLRPMT,75‐86,5.51,2226.26,50.91,55.65,63.35,67.76,70.63,68.93
VGFPVRPQVPLRPMTYKGAL,72‐91,5.99,2825.53,45.26,47.87,53.48,59.67,62.18,60.72
PVRPQVPLRPMTYKGAL,75‐91,4.56,1390.8,40.51,45.38,54.27,57.42,59.94,58.38
VGFPVRPQVPLRPMTYKGALDLSHF,72‐96,5.02,1923.1,33.33,36.31,42.58,45.01,48.74,51.8
DLSHF,92‐96,5.34,618.29,2.53,2.26,3.01,5.91,13.86,7.75
LREKGGLEG,97‐105,2.8,958.53,35.85,40.26,51.67,54.67,55.93,56.49
LREKGGLEGL,97‐106,4.84,1071.62,27.97,31.42,42.24,43.97,45.83,46.99
LREKGGLEGLVYSQKRQDILDL,97‐118,5.81,2530.4,12.78,13.8,18.67,20.87,22.97,28.71
YSQKRQDILD,108‐117,4.7,1265.65,10.52,8.21,10.3,12.49,17.56,18.01
YSQKRQDILDL,108‐118,5.78,1378.73,6.76,6.74,7.29,9.89,13.47,15.83
WVYHTQGYF,119‐127,1200.55,2.4,1.78,7,11.33,23.3,23.39,0.3
NYTPGPGIRYPLT,132‐144,5.51,1448.75,16.93,19.96,26.96,30.55,32.27,32.17
FGWCF,145‐149,8.24,659.26,0.32,0.24,0.45,0.15,0.33,0.49
FKLVPVEPEKVEE,149‐161,5.17,1542.84,39.21,38.47,39.78,41.02,47.01,47.88
KLVPVEPEKVEE,150‐161,4.28,1395.77,42.71,41.34,42.33,45.17,51.36,51.37
LLHPISL,170‐176,6.02,792.5,47.26,46.51,45.93,45.23,46.31,45.02
HGMDDPEREVL,177‐187,4.93,1297.58,29.73,30.31,33.14,36.39,41.96,41.95
HGMDDPEREVLVWKFDSRL,177‐195,6.13,2329.14,21.82,22.4,25.93,30.59,36.72,37.68
HGMDDPEREVLVWKFDSRLALHHMAR177‐203,5.66,3274.6,20.99,22.29,28.01,34.01,37.34,38.97,19.75
VWKFDSRL,188‐195,5.81,1050.57,14.3,14.64,18.91,28.29,34.7,37.55
WKFDSRL,189‐195,6.27,1234.69,15.49,16.44,20.53,30.61,37.55,41.26
VWKFDSRLAL,188‐197,5.07,1996.03,20.22,19.77,26.11,39.86,46.84,49.47
VWKFDSRLALHHMARE,188‐203,5.8,951.5,13.99,16.46,23.52,31.9,36.68,37.54
WKFDSRLALHHMARE,189‐203,5.26,1896.97,14.65,16.91,24.3,33.1,37.81,38.28
DSRLALHHMARE,192‐203,3.78,1435.72,12.83,21.64,27.41,32.97,38.15,39.67
HHMARE,198‐203,3.96,1603.78,11.46,18.07,27.72,29.33,29,29.1
ALHHMARELHPEY,196‐208,2.46,780.36,17.49,21.59,27.17,28.57,28.59,27.79
LHPEY,204‐208,4.25,658.32,39.73,41.61,43.55,43.43,44.69,42.66
VGWPAIRE,30‐37,5.65,927.5,33.77,36.52,46.76,66.08,67.07,69.53
RIRRTNPAADGVG,38‐50,2.71,1382.76,52.5,53.82,55.64,60.01,61.99,57
AVSRD,51‐55,2.43,547.28,59.72,58.86,59.29,59.45,,
AVSRDLEKHGAITSSNTASTNAD,51‐73,3.55,2345.13,62.43,63.28,60.78,61.62,62.37,63.37
AVSRDLEKHGAITSSNTASTNADC,51‐74,3.74,2448.14,62.18,62.96,60.24,61.01,62.48,63.36
LEKHGAITSSNTASTNAD,56‐73,2.83,1816.87,66.43,65.61,64.66,63.58,64.83,65.81
NADCAW,71‐76,5.93,679.25,59.77,59.46,56.95,57.77,58.05,
EAQEESDE,78‐85,2.56,936.34,57.91,57.79,55.7,56.17,57.82,58
DEVGFPVRPQVPLRPMT,84‐100,5.48,1938.03,57.57,60.73,64.94,70.35,75.09,75.12
VGFPVRPQVPLRPMT,86‐100,5.26,1693.96,55.68,60.09,63.66,70.3,76.68,76.58
PVRPQVPLRPMT,89‐100,4.48,1390.8,48.23,53.2,55.06,64.7,70.07,76.36
PVRPQVPLRPMTY,89‐101,4.96,1553.86,52.41,56.83,60.4,66.96,71.06,73.69
YKEAL,101‐105,4.19,623.34,0.97,1.92,0.75,3.84,17.31,22.07
ALDLSHF,104‐110,6.03,802.41,3.77,3.43,4.97,10.38,13.36,15.85
DLSHFLKEKGGL,106‐117,5.74,1343.73,20.19,22.2,25.04,31.73,37.26,45.24
EGLIWSKKRQEIL,118‐130,5.25,1599.92,8.11,7.5,7.31,11.37,18.66,22.67
EGLIWSKKRQEILDL,118‐132,5.81,1828.03,5.71,5.29,5.51,8.32,15.04,17.53
PDWQNYTPGPGIRYPLT,142‐158,6.08,1974.97,22.25,23.62,26.38,35.11,45.23,47.92
ELVPVDPQE,164‐172,6.02,1416.69,28.78,28.67,26.87,30.6,38.7,38.97
YELVPVDPQEVE,163‐174,5.03,1025.52,30.88,33.94,33.32,35.13,40.27,46.77
DTEGETNSL,176‐184,4.45,965.41,56.58,56.76,55.11,55.33,57.11,58.03
DTEGETNSLLHPICQ,176‐190,5.67,1656.75,64.43,65.09,63.44,63.25,65.31,64.54
DTEGETNSLLHPICQHGMEDPERQVL176‐201,5.63,2948.35,49.97,51.77,52.91,52.72,55.7,55.85,
DTEGETNSLLHPICQHGMEDPERQVL176‐205,6.07,3565.7,39.47,41.97,40.97,44.4,46.38,47.67,
HGMEDPERQVL,191‐201,4.64,1310.62,35.92,40.87,39.58,40.26,43.78,50.8
HGMEDPERQVLKWRF,191‐205,5.74,1927.96,22.43,25.05,24.52,30.53,33.81,38.22
AFEHKAREMHPEF,210‐222,4.21,1628.76,16.74,22.65,29.26,31.95,32.52,32.88
MHPEF,218‐222,5.01,660.28,33.09,39.3,42.65,46.71,47.18,46.9