State,Start,End,Sequence,3,SD,30,SD,300,SD,3000,SD
Apo,4,12,ENYKQPVVL,83.52233333,0.397059609,84.02866667,0.335680404,84.73133333,0.516743973,85.09466667,0.538849082
Apo,13,32,REDNCRRRRRMKPRSAAASL,39.646,0.452337264,41.204,1.173503728,40.14233333,0.501910683,42.44766667,0.849215128
Apo,35,41,MELIPIE,21.16233333,0.977934729,24.69633333,0.568498314,30.157,0.30065096,37.755,0.18938849
Apo,36,41,ELIPIE,1.358666667,0.16312674,1.479666667,0.435735394,8.359,0.951867113,20.40966667,0.654503119
Apo,38,58,IPIEFVLPTSQRKCKSPETAL,20.14266667,0.528218074,26.479,1.128962798,30.88033333,0.686138713,35.04433333,0.653893212
Apo,42,58,FVLPTSQRKCKSPETAL,30.887,0.438220264,40.201,0.697229517,46.28933333,0.9103968,52.42966667,0.260415693
Apo,42,59,FVLPTSQRKCKSPETALL,24.615,0.273501371,33.526,0.534461411,38.22133333,0.713099105,43.91033333,0.120500346
Apo,59,70,LHVAGHGNVEQM,4.635666667,0.057143095,11.30966667,0.237464383,15.44833333,0.508411579,26.71366667,0.237769496
Apo,59,72,LHVAGHGNVEQMKA,3.072333333,0.505333883,8.272666667,0.447529142,11.37866667,0.395204167,24.87266667,0.371054354
Apo,60,75,HVAGHGNVEQMKAQVW,1.606666667,0.093628699,4.065333333,0.191105555,6.333666667,0.088296848,16.46733333,0.24759308
Apo,79,84,LETSVA,56.20133333,1.177880017,78.56166667,0.698159246,85.827,0.996352849,86.18566667,0.358904351
Apo,79,86,LETSVAAD,56.70133333,0.606307128,73.15766667,0.330419935,78.55666667,0.854038251,78.418,0.81245246
Apo,85,99,ADFYHRLGPHHFLLL,4.384333333,0.287576656,11.59733333,0.333528609,15.11433333,0.822153473,18.39566667,0.114500364
Apo,87,99,FYHRLGPHHFLLL,3.232666667,0.080506728,5.977333333,0.457525227,7.256,0.097770139,10.74133333,0.252808887
Apo,88,98,YHRLGPHHFLL,5.660666667,0.456994894,10.35333333,0.884799601,12.11033333,1.052057191,15.32833333,0.509297883
Apo,100,106,YQKKGQW,34.597,0.240806977,55.90466667,0.902062821,58.612,1.161332424,62.176,0.462351598
Apo,107,118,YEIYDKYQVVQT,9.815,0.120449159,19.51733333,0.516466198,30.68033333,0.501007319,45.314,0.245725457
Apo,114,121,QVVQTLDC,16.85333333,0.31617453,23.00566667,0.795859493,24.783,1.141423234,32.426,0.452297468
Apo,122,137,LRYWKATHRSPGQIHL,3.26,0.344517053,10.376,0.504256879,16.819,0.438644503,23.22166667,0.451387121
Apo,122,149,LRYWKATHRSPGQIHLVQRHPPSEESQA,9.187333333,0.232035198,17.91433333,0.847096413,23.979,0.891850324,26.85966667,0.639797103
Apo,122,157,LRYWKATHRSPGQIHLVQRHPPSEESQAFQRQLTAL,5.917666667,0.23975265,13.70933333,0.515901476,20.70066667,0.359384659,29.41633333,0.339483922
Apo,125,157,WKATHRSPGQIHLVQRHPPSEESQAFQRQLTAL,6.507666667,0.222500187,14.91266667,0.451577605,21.42166667,0.486545305,29.70933333,0.291618472
Apo,138,157,VQRHPPSEESQAFQRQLTAL,10.47566667,0.237748467,21.07233333,0.754957173,30.68033333,0.404044964,43.514,0.51416826
Apo,150,157,FQRQLTAL,1.603,0.177907279,5.981333333,0.118094595,18.276,0.362376876,35.43033333,0.31371537
Apo,151,157,QRQLTAL,2.029333333,0.213738937,7.084666667,0.852482453,19.81566667,0.188797069,34.24566667,0.172096872
Apo,158,164,IGYDVTD,12.17433333,0.174313893,22.78133333,0.757378593,45.94233333,0.710733659,61.53066667,0.228843469
Apo,158,173,IGYDVTDVSNVHDDEL,22.99866667,0.31899582,33.789,1.33498427,43.62266667,1.096581202,48.02333333,0.87065282
Apo,158,174,IGYDVTDVSNVHDDELE,21.74666667,0.21745421,31.416,0.520726416,42.29766667,0.803368741,48.23366667,0.793750801
Apo,165,175,VSNVHDDELEF,13.59766667,0.419321277,25.18066667,0.921811441,30.46166667,0.246254611,32.69233333,0.568433227
Apo,174,182,EFTRRGLVT,1.271333333,0.345834257,2.662666667,0.305523049,7.864,0.251573051,13.60066667,0.046918369
Apo,174,195,EFTRRGLVTPRMAEVASRDPKL,6.163666667,0.14755451,10.93933333,0.242149403,20.369,0.244575142,32.18933333,0.456886565
Apo,175,182,FTRRGLVT,1.324666667,0.147313724,3.119,0.298556527,9.863,0.186598499,17.15766667,0.287541881
Apo,175,187,FTRRGLVTPRMAE,1.708666667,0.302027041,3.133333333,0.217865402,10.13566667,0.889866469,20.064,0.072746134
Apo,183,195,PRMAEVASRDPKL,11.167,0.635256641,18.74066667,0.411432052,31.665,0.123040644,47.35566667,0.54160533
Apo,186,195,AEVASRDPKL,15.32366667,0.267442206,25.61333333,0.496226091,40.78566667,0.703096248,54.43233333,0.334329678
Apo,188,195,VASRDPKL,22.07633333,0.202746969,33.72266667,0.494934676,47.051,0.569642871,58.887,0.477772959
Apo,196,211,YAMHPWVTSKPLPEYL,27.126,0.254642887,37.74433333,0.971784098,49.33533333,0.494293772,56.68533333,0.514503968
Apo,212,221,WKKIANNCIF,23.29666667,0.429000389,38.94766667,0.713479035,55.57266667,0.723942217,59.71933333,0.577905125
Apo,222,232,IVIHRSTTSQT,32.30233333,0.560421568,33.23933333,0.733508237,35.88433333,0.533975967,41.78833333,0.709017865
Apo,222,245,IVIHRSTTSQTIKVSPDDTPGAIL,11.35566667,0.100719081,16.093,0.867870382,20.184,0.967325695,26.26633333,0.765893161
Apo,233,245,IKVSPDDTPGAIL,9.11,0.278407974,12.57333333,0.704805174,20.12266667,0.741502753,31.41666667,0.643308117
Apo,249,269,FTKMAKKKSLMDIPESQSEQD,51.676,0.856329376,53.58266667,1.043579098,54.616,0.467064235,55.109,0.344257171
Apo,270,280,FVLRVCGRDEY,2.736666667,0.669746469,3.863333333,0.567359968,7.367333333,0.159531606,8.411,0.373261303
Apo,270,281,FVLRVCGRDEYL,1.393333333,0.069241125,2.371666667,0.065317175,6.306666667,0.348184338,9.002666667,0.243052121
Apo,282,291,VGETPIKNFQ,8.421,0.209351379,8.131333333,0.253093527,9.687666667,0.325026666,16.753,0.299781587
Apo,282,307,VGETPIKNFQWVRHCLKNGEEIHVVL,4.528666667,0.098337853,15.03833333,0.612692691,18.252,0.110109037,19.45033333,0.179277253
Apo,292,307,WVRHCLKNGEEIHVVL,4.807333333,0.3153321,17.70766667,0.676850303,21.223,0.402258623,22.018,0.69739587
Apo,303,315,IHVVLDTPPDPAL,9.292333333,2.400441695,21.19033333,0.6476182,28.83166667,1.3930737,32.06366667,0.282726605
Apo,308,315,DTPPDPAL,17.05966667,0.858391713,37.83733333,0.208878753,51.29866667,0.874988762,62.44133333,0.637060698
Apo,316,335,DEVRKEEWPLVDDCTGVTGY,36.167,0.345312902,42.73166667,1.305579309,47.012,0.511095881,53.78866667,0.594812856
Apo,316,339,DEVRKEEWPLVDDCTGVTGYHEQL,31.855,0.123503036,39.96333333,0.392153456,45.458,0.842301015,52.25033333,0.809054592
Apo,316,350,DEVRKEEWPLVDDCTGVTGYHEQLTIHGKDHESVF,20.005,0.399654851,26.88966667,0.262709599,34.02233333,0.776174164,39.16133333,0.78527596
Apo,340,350,TIHGKDHESVF,13.35666667,0.308234218,21.88866667,0.579244623,25.60066667,0.780491085,25.67033333,0.278009592
Apo,355,369,WDCDRKFRVKIRGID,1.903,0.264484404,5.376,0.357340174,6.675333333,0.517643056,7.932,0.212558227
Apo,355,379,WDCDRKFRVKIRGIDIPVLPRNTDL,13.52033333,0.310691701,18.439,0.389985897,21.589,0.275630187,25.465,0.348630177
Apo,355,381,WDCDRKFRVKIRGIDIPVLPRNTDLTV,12.58433333,0.037634204,18.74366667,0.437417802,23.974,1.029,26.83,1.143158782
Apo,370,381,IPVLPRNTDLTV,40.061,0.303787755,51.99266667,0.932049534,61.62,0.779216915,67.64966667,0.444882381
Apo,382,394,FVEANIQHGQQVL,12.22866667,0.146643559,18.50066667,0.619742151,20.93833333,0.163979674,29.299,0.13584182
Apo,383,394,VEANIQHGQQVL,13.56733333,0.146827563,20.53,0.427490351,23.384,0.277789489,32.468,0.244178214
Apo,395,407,CQRRTSPKPFTEE,10.483,0.078307088,19.54466667,0.340221007,29.39,0.28053342,35.56666667,0.233581535
Apo,414,428,LEFSIKIKDLPKGAL,6.325,0.293678396,7.924,0.189691855,13.318,0.355945221,23.815,0.26174224
Apo,417,431,SIKIKDLPKGALLNL,0.643333333,0.02307235,1.745666667,0.548138973,3.054,0.366623785,11.59733333,0.384593725
Apo,432,441,QIYCGKAPAL,41.929,0.938503596,40.447,0.890417879,45.95233333,0.533698729,58.02566667,0.860119953
Apo,463,468,YVNLLL,1.791333333,0.29798378,2.486,0.502394267,8.058,0.61749251,24.276,0.499363595
Apo,467,479,LLIDHRFLLRRGE,2.891666667,0.444109596,9.120333333,0.170907382,11.39,0.072807967,14.49233333,0.397407012
Apo,467,480,LLIDHRFLLRRGEY,2.453666667,0.120686923,8.134,0.456428527,10.35233333,0.300486827,13.097,0.319106565
Apo,467,484,LLIDHRFLLRRGEYVLHM,4.538,0.007,12.655,0.371783539,17.088,0.154764337,20.268,0.122588743
Apo,485,497,WQISGKGEDQGSF,53.27366667,0.478443657,57.38466667,0.79849379,60.275,0.16464811,63.53933333,0.672436118
Apo,498,513,NADKLTSATNPDKENS,19.15533333,0.111563136,29.11366667,0.746502065,37.40233333,0.822873218,46.672,0.294998305
Apo,498,514,NADKLTSATNPDKENSM,17.883,0.080181045,30.19966667,0.460113392,37.92733333,0.928668043,46.47733333,0.10966464
Apo,498,515,NADKLTSATNPDKENSMS,16.05633333,0.205351731,26.84066667,0.097618304,33.63766667,0.247576924,41.12366667,0.314033968
Apo,498,517,NADKLTSATNPDKENSMSIS,14.01933333,0.057500725,23.61066667,0.394165363,29.393,0.481666897,36.05066667,0.385969342
Apo,500,515,DKLTSATNPDKENSMS,19.31266667,0.260010256,30.48933333,0.880228569,36.66566667,0.578102355,44.77966667,0.499889321
Apo,520,551,LDNYCHPIALPKHQPTPDPEGDRVRAEMPNQL,38.68733333,0.367282362,44.21566667,0.715684521,46.72433333,0.768182487,48.58066667,0.258097527
Apo,557,592,AIIATDPLNPLTAEDKELLWHFRYESLKHPKAYPKL,9.487333333,0.104509968,19.60766667,0.718257846,31.537,0.774723176,50.36366667,0.754671673
Apo,558,573,IIATDPLNPLTAEDKE,24.70533333,0.102928778,39.47466667,0.898159414,54.34733333,0.652105308,63.429,0.831399423
Apo,558,578,IIATDPLNPLTAEDKELLWHF,14.61933333,0.392739524,22.39666667,1.077012689,34.188,0.208544959,44.06166667,0.638833572
Apo,579,592,RYESLKHPKAYPKL,2.172333333,0.14837228,9.701,0.381747299,19.12166667,0.323636113,39.999,0.217997706
Apo,593,601,FSSVKWGQQ,5.446,1.359766156,14.701,0.782398875,34.97833333,0.919926265,70.38533333,0.537847872
Apo,593,605,FSSVKWGQQEIVA,7.048333333,0.190615669,15.306,0.792365446,30.859,1.139685483,63.817,0.426847748
Apo,593,610,FSSVKWGQQEIVAKTYQL,4.617,0.26873593,10.29233333,0.265002516,22.69366667,0.30008721,59.367,0.548448721
Apo,593,611,FSSVKWGQQEIVAKTYQLL,3.010666667,0.112304645,7.708333333,0.289216758,18.96766667,0.019857828,53.93466667,0.449557931
Apo,612,622,ARREVWDQSAL,62.397,0.241248834,63.10733333,0.648368979,64.83166667,0.51515564,66.03066667,0.270913885
Apo,623,630,DVGLTMQL,5.547,0.409903647,14.51133333,0.720390403,22.96166667,0.777692313,45.38166667,0.888155579
Apo,623,631,DVGLTMQLL,3.297666667,0.52042899,12.98766667,0.252242608,18.07466667,0.939119978,36.395,0.185712143
Apo,631,635,LDCNF,3.289333333,0.34219926,20.27033333,1.04752486,51.41266667,0.751658389,65.74866667,1.021000163
Apo,634,642,NFSDENVRA,16.26066667,0.295025988,19.68433333,0.892694983,24.86166667,0.545491827,29.26233333,0.093852722
Apo,636,642,SDENVRA,8.383666667,0.082470197,10.27666667,0.426624347,15.831,0.306535479,23.89366667,0.493473741
Apo,643,657,IAVQKLESLEDDDVL,11.918,0.203649208,15.93633333,0.401817537,20.10366667,0.168986193,33.755,0.234527184
Apo,643,662,IAVQKLESLEDDDVLHYLLQ,6.442333333,0.236715723,10.43833333,0.222533893,16.87266667,0.295068354,27.84066667,0.204287379
Apo,651,663,LEDDDVLHYLLQL,0.534666667,0.470502214,1.862333333,0.654315928,13.36233333,0.961843196,23.30166667,1.030495188
Apo,652,662,EDDDVLHYLLQ,0.718333333,0.631697976,3.475,0.304708057,13.081,0.093616238,28.07833333,0.661899036
Apo,654,662,DDVLHYLLQ,1.04,0.283860881,3.174666667,0.186175544,16.23533333,1.17666237,30.097,0.718918632
Apo,655,662,DVLHYLLQ,1.076666667,0.151133495,4.590333333,0.22637653,18.957,0.616243458,36.29533333,0.30136578
Apo,655,663,DVLHYLLQL,1.097333333,0.142580971,4.668666667,0.031659648,19.10466667,0.450282504,35.57466667,0.462789729
Apo,663,677,LVQAVKFEPYHDSAL,2.174666667,0.153382963,6.534666667,0.347419535,7.711333333,0.514572962,10.76666667,0.094627339
Apo,664,677,VQAVKFEPYHDSAL,2.428666667,0.348490076,7.633333333,0.675522267,8.512666667,0.280916951,11.68833333,0.33142772
Apo,666,677,AVKFEPYHDSAL,3.105333333,0.27030415,9.029,0.54891074,10.208,0.114070154,14.679,0.045398238
Apo,681,697,LLKRGLRNKRIGHFLFW,0.396666667,0.225018518,0.422666667,0.081328552,0.801,0.118050837,1.474666667,0.118563626
Apo,681,699,LLKRGLRNKRIGHFLFWFL,0.367333333,0.237920855,0.413666667,0.101928079,0.446,0.062072538,0.694333333,0.167099771
Apo,698,713,FLRSEIAQSRHYQQRF,3.776666667,0.190956365,7.335,0.151858487,16.86733333,0.598650427,28.71233333,0.386140303
Apo,700,713,RSEIAQSRHYQQRF,2.808666667,0.383004352,6.567333333,1.173166797,14.788,1.393948349,25.95566667,0.931523662
Apo,729,738,LHDFTQQVQV,1.550666667,0.074332586,1.253333333,0.291000573,1.449,0.055054518,1.509333333,0.056083271
Apo,730,737,HDFTQQVQ,1.702333333,0.339072755,0.651333333,0.220749481,1.435,0.25868707,2.541333333,0.535139546
Apo,730,738,HDFTQQVQV,4.513333333,0.415562671,3.628333333,0.468636675,3.888333333,0.361353474,4.676666667,0.751768803
Apo,732,737,FTQQVQ,1.326,0.356848707,1.64,0.295452196,1.962,0.549953634,3.791666667,0.546557713
Apo,732,738,FTQQVQV,2.762666667,0.753778703,2.724,0.822496809,1.920333333,0.370174734,3.302666667,1.038757591
Apo,742,747,LQKVTL,6.768,0.386873364,31.12966667,0.841163678,57.79866667,0.212217656,78.76333333,0.299067439
Apo,742,782,LQKVTLDIKSLSAEKYDVSSQVISQLKQKLENLQNSQLPES,48.899,0.582804427,65.76833333,0.562218226,72.45166667,0.375819549,73.94566667,0.906479086
Apo,748,767,DIKSLSAEKYDVSSQVISQL,73.93833333,0.490970807,75.037,0.926948219,76.39666667,0.988271386,76.94433333,0.797859846
Apo,748,782,DIKSLSAEKYDVSSQVISQLKQKLENLQNSQLPES,57.17166667,0.252951247,73.355,0.158151826,78.689,0.703229692,79.331,0.575930551
Apo,755,782,EKYDVSSQVISQLKQKLENLQNSQLPES,51.806,0.502764358,74.17033333,0.267358062,79.651,0.248561864,80.18966667,0.540597201
Apo,768,782,KQKLENLQNSQLPES,36.96666667,0.250500166,64.298,1.172014932,75.20133333,0.820515895,75.70566667,0.504303811
Apo,783,796,FRVPYDPGLKAGAL,1.289,0.090116591,4.442333333,0.122675724,15.58833333,0.31758201,25.13,0.350749198
Apo,797,815,AIEKCKVMASKKKPLWLEF,8.860333333,0.10650978,13.574,0.682164936,20.28833333,0.7007955,23.45,0.671014903
Apo,816,829,KCADPTALSNETIG,36.78166667,0.285867685,57.347,1.228643154,64.87533333,0.922973636,69.705,0.517695857
Apo,816,842,KCADPTALSNETIGIIFKHGDDLRQDM,17.57133333,0.100081633,30.83833333,0.918245247,38.904,0.691109977,42.52733333,1.467181766
Apo,832,845,FKHGDDLRQDMLIL,2.51,0.341008798,10.171,0.179134028,17.43366667,0.91878416,21.117,0.090835015
Apo,844,852,ILQILRIME,1.474,0.754488569,0.946666667,0.667503808,0.831,0.356848707,1.903666667,1.0176956
Apo,849,862,RIMESIWETESLDL,4.854333333,0.760816228,8.787333333,0.452963943,18.68933333,0.953849744,33.18966667,0.269861693
Apo,853,861,SIWETESLD,7.526333333,0.195295503,13.337,0.475243096,25.79266667,0.393771931,39.00266667,0.774572355
Apo,853,862,SIWETESLDL,6.001,0.599623215,10.795,0.121790804,23.37033333,0.239009065,41.45533333,1.060778173
Apo,862,878,LCLLPYGCISTGDKIGM,2.336,0.179677489,5.498333333,0.56353734,13.61966667,0.682177641,25.507,0.398357879
Apo,863,878,CLLPYGCISTGDKIGM,2.517,0.145681159,6.936333333,0.2891182,15.48633333,0.497264852,27.63233333,0.393982656
Apo,865,878,LPYGCISTGDKIGM,3.657,0.206174683,6.984,0.476604658,16.33,0.50955667,24.88933333,0.823478192
Apo,879,887,IEIVKDATT,26.666,0.188053184,42.47366667,0.811355245,53.01633333,0.979818521,55.63633333,0.763682089
Apo,888,901,IAKIQQSTVGNTGA,51.64133333,0.583026872,55.787,0.440163606,60.50166667,1.236947991,68.999,0.600605528
Apo,902,910,FKDEVLNHW,1.697333333,0.922718989,3.967666667,0.811018084,11.217,0.546884814,19.86366667,0.826650067
Apo,908,924,NHWLKEKSPTEEKFQAA,10.58333333,0.625503264,17.75033333,0.184014492,24.09766667,0.198585834,40.213,0.840380271
Apo,927,934,RFVYSCAG,1.321666667,0.218092488,1.859,0.564343867,1.745666667,0.555913962,1.761666667,0.431358706
Apo,935,939,YCVAT,0.813,0.459395255,1.364333333,0.501008317,1.524,0.261541584,1.258333333,0.41182561
Apo,940,953,FVLGIGDRHNDNIM,1.025,0.071014083,2.279666667,0.139657915,6.308666667,0.334709327,11.07233333,0.321627631
Apo,954,960,ITETGNL,4.217,0.062096699,17.38833333,0.647805784,27.27066667,0.462065291,33.75733333,0.189082874
Apo,954,961,ITETGNLF,4.413666667,1.389041516,12.657,0.655096176,19.29033333,1.155960351,22.894,0.077967942
Apo,954,976,ITETGNLFHIDFGHILGNYKSFL,29.87533333,0.643320553,33.33666667,0.836531729,35.11433333,0.776005369,36.69133333,0.644425584
Apo,961,972,FHIDFGHILGNY,33.31,0.387096887,37.169,1.041197868,39.86633333,0.175146605,43.528,0.219355875
Apo,961,976,FHIDFGHILGNYKSFL,47.41866667,0.221018853,48.57766667,1.437859984,50.30833333,0.582350696,52.57666667,0.732277497
Apo,962,975,HIDFGHILGNYKSF,43.51233333,0.066935292,45.70133333,1.142121418,48.87666667,0.54550191,50.767,0.293040953
Apo,973,992,KSFLGINKERVPFVLTPDFL,22.50666667,0.229269129,24.78266667,0.466641547,27.548,0.177662602,28.72266667,0.405692412
Apo,976,992,LGINKERVPFVLTPDFL,16.91966667,0.278568364,19.758,0.427442394,23.068,0.135236829,24.42566667,0.242368177
Apo,977,992,GINKERVPFVLTPDFL,13.098,0.217621231,16.41133333,0.441334718,19.93166667,0.466675833,21.271,0.023065125
Apo,980,992,KERVPFVLTPDFL,4.193333333,0.262439199,8.698666667,0.286084486,12.84933333,0.513866066,12.99433333,0.581110431
Apo,993,1014,FVMGTSGKKTSPHFQKFQDICV,4.858,0.103261803,6.470333333,0.834976247,8.422666667,0.547847911,12.03633333,0.433632717
Apo,1035,1050,LMTGMPQLTSKEDIEY,33.93066667,0.161695186,47.853,1.344205713,61.79533333,0.988060896,66.28266667,0.545078282
Apo,1050,1071,YIRDALTVGKNEEDAKKYFLDQ,10.581,0.007211103,11.31233333,0.819425002,13.39633333,0.220073473,20.58566667,0.406996724
Apo,1051,1071,IRDALTVGKNEEDAKKYFLDQ,12.75366667,0.019756855,13.33966667,0.379854358,15.56433333,0.392988974,21.26166667,0.261821186
Apo,1051,1073,IRDALTVGKNEEDAKKYFLDQIE,10.30266667,0.100917458,11.22966667,0.280364644,13.39866667,0.029501412,19.14566667,0.590105358
Apo,1072,1084,IEVCRDKGWTVQF,11.85033333,0.100922412,33.44566667,1.119155187,47.21666667,0.481510471,50.52833333,0.73624543
Apo,1085,1092,NWFLHLVL,27.09933333,0.553036467,67.53033333,0.836266903,77.07933333,0.926896075,76.963,0.354969013
Apo,1088,1092,LHLVL,41.34133333,0.857783384,84.43666667,0.716818899,88.12533333,0.497209547,89.283,0.529039696
Apo,1091,1102,VLGIKQGEKHSA,50.16366667,0.861571433,49.728,0.811207125,49.61466667,1.460315149,50.83966667,1.131671919
Apo,1093,1102,GIKQGEKHSA,46.56633333,0.167479352,46.83833333,1.133307696,46.234,1.014986207,48.209,1.268288611