,Start,End,Sequence,State,MaxUptake,Uptake,Exposure,Predicted Uptake (3600)
0,14,30,PNRSHAPDHDVENLYFQGTQQRDE,Alone,21,10.1996995,10.0,
1,14,30,PNRSHAPDHDVENLYFQGTQQRDE,Alone,21,9.824547500000001,100.000008,
2,14,30,PNRSHAPDHDVENLYFQGTQQRDE,Alone,21,9.45097,1000.000061,
3,14,30,PNRSHAPDHDVENLYFQGTQQRDE,Alone,21,9.45097,3600,9.491821488207332
4,14,30,PNRSHAPDHDVENLYFQGTQQRDE,Alone,21,9.592379,10000.0,
5,25,34,TQQRDEVWVV,Alone,21,1.60404,10.0,
6,25,34,TQQRDEVWVV,Alone,21,1.845137667,100.000008,
7,25,34,TQQRDEVWVV,Alone,21,1.6500299999999999,1000.000061,
8,25,34,TQQRDEVWVV,Alone,21,1.6500299999999999,3600,1.6283488892506113
9,25,34,TQQRDEVWVV,Alone,21,1.5749799999999998,10000.0,
10,62,75,ERLQTVTNYFITSL,Alone,9,3.3595345,10.0,
11,62,75,ERLQTVTNYFITSL,Alone,9,3.4244385000000004,100.000008,
12,62,75,ERLQTVTNYFITSL,Alone,9,3.3700295,1000.000061,
13,62,75,ERLQTVTNYFITSL,Alone,9,3.3700295,3600,3.3493452003450916
14,62,75,ERLQTVTNYFITSL,Alone,9,3.29843,10000.0,
15,67,86,VTNYFITSLACADLVMGLAV,Alone,9,4.021252,10.0,
16,67,86,VTNYFITSLACADLVMGLAV,Alone,9,3.9747336669999997,100.000008,
17,67,86,VTNYFITSLACADLVMGLAV,Alone,9,3.924287333,1000.000061,
18,67,86,VTNYFITSLACADLVMGLAV,Alone,9,3.924287333,3600,3.9432382513949387
19,67,86,VTNYFITSLACADLVMGLAV,Alone,9,3.989886667,10000.0,
20,84,92,LAVVPFGAA,Alone,13,0.061124,10.0,
21,84,92,LAVVPFGAA,Alone,13,0.0303745,100.000008,
22,84,92,LAVVPFGAA,Alone,13,0.0767795,1000.000061,
23,84,92,LAVVPFGAA,Alone,13,0.0767795,3600,0.06612282240001569
24,84,92,LAVVPFGAA,Alone,13,0.039891,10000.0,
25,91,113,AAHILTKTWTFGNFWCEFWTSID,Alone,13,4.445158999999999,10.0,
26,91,113,AAHILTKTWTFGNFWCEFWTSID,Alone,13,4.4586285000000005,100.000008,
27,91,113,AAHILTKTWTFGNFWCEFWTSID,Alone,13,4.4251925000000005,1000.000061,
28,91,113,AAHILTKTWTFGNFWCEFWTSID,Alone,13,4.4251925000000005,3600,4.43301329986952
29,91,113,AAHILTKTWTFGNFWCEFWTSID,Alone,13,4.4522645,10000.0,
30,103,125,NFWCEFWTSIDVLCVTASIETLC,Alone,19,9.2334935,10.0,
31,103,125,NFWCEFWTSIDVLCVTASIETLC,Alone,19,9.302389,100.000008,
32,103,125,NFWCEFWTSIDVLCVTASIETLC,Alone,19,9.1256805,1000.000061,
33,103,125,NFWCEFWTSIDVLCVTASIETLC,Alone,19,9.1256805,3600,9.119363222327618
34,103,125,NFWCEFWTSIDVLCVTASIETLC,Alone,19,9.103813,10000.0,
35,133,144,FAITSPFKYQSL,Alone,19,3.152478,10.0,
36,133,144,FAITSPFKYQSL,Alone,19,3.876125,100.000008,
37,133,144,FAITSPFKYQSL,Alone,19,4.139926999999999,1000.000061,
38,133,144,FAITSPFKYQSL,Alone,19,4.139926999999999,3600,4.218509302488951
39,133,144,FAITSPFKYQSL,Alone,19,4.411942667,10000.0,
40,135,146,ITSPFKYQSLLT,Alone,7,2.0063635,10.0,
41,135,146,ITSPFKYQSLLT,Alone,7,2.9338515,100.000008,
42,135,146,ITSPFKYQSLLT,Alone,7,3.4832145,1000.000061,
43,135,146,ITSPFKYQSLLT,Alone,7,3.4832145,3600,3.584416176089353
44,135,146,ITSPFKYQSLLT,Alone,7,3.833528,10000.0,
45,145,155,LTKNKARVIIL,Alone,7,0.3575305,10.0,
46,145,155,LTKNKARVIIL,Alone,7,0.5000319999999999,100.000008,
47,145,155,LTKNKARVIIL,Alone,7,0.818367,1000.000061,
48,145,155,LTKNKARVIIL,Alone,7,0.818367,3600,0.995517563711129
49,145,155,LTKNKARVIIL,Alone,7,1.4315805,10000.0,
50,157,163,VWIVSGL,Alone,22,0.025826667,10.0,
51,157,163,VWIVSGL,Alone,22,0.024217667000000002,100.000008,
52,157,163,VWIVSGL,Alone,22,0.014948666999999999,1000.000061,
53,157,163,VWIVSGL,Alone,22,0.014948666999999999,3600,0.014769844780761205
54,157,163,VWIVSGL,Alone,22,0.014329666999999999,10000.0,
55,159,167,IVSGLTSFL,Alone,22,0.030599,10.0,
56,159,167,IVSGLTSFL,Alone,22,-0.13026600000000002,100.000008,
57,159,167,IVSGLTSFL,Alone,22,0.0064930000000000005,1000.000061,
58,159,167,IVSGLTSFL,Alone,22,0.0064930000000000005,3600,-0.003627066497825895
59,159,167,IVSGLTSFL,Alone,22,-0.028538,10000.0,
60,159,173,IVSGLTSFLPIQMHW,Alone,22,0.038054000000000004,10.0,
61,159,173,IVSGLTSFLPIQMHW,Alone,22,0.051075,100.000008,
62,159,173,IVSGLTSFLPIQMHW,Alone,22,0.09049,1000.000061,
63,159,173,IVSGLTSFLPIQMHW,Alone,22,0.09049,3600,0.11943897729479996
64,159,173,IVSGLTSFLPIQMHW,Alone,22,0.190698,10000.0,
65,164,173,TSFLPIQMHW,Alone,22,-0.171836,10.0,
66,164,173,TSFLPIQMHW,Alone,22,-0.1795365,100.000008,
67,164,173,TSFLPIQMHW,Alone,22,-0.156057,1000.000061,
68,164,173,TSFLPIQMHW,Alone,22,-0.156057,3600,-0.16069669992259236
69,164,173,TSFLPIQMHW,Alone,22,-0.1721175,10000.0,
70,174,183,YRATHQEAIN,Alone,10,1.3368985,10.0,
71,174,183,YRATHQEAIN,Alone,10,1.621251,100.000008,
72,174,183,YRATHQEAIN,Alone,10,2.0106029999999997,1000.000061,
73,174,183,YRATHQEAIN,Alone,10,2.0106029999999997,3600,2.27244090674267
74,174,183,YRATHQEAIN,Alone,10,2.9169650000000003,10000.0,
75,174,184,YRATHQEAINC,Alone,10,1.3958095,10.0,
76,174,184,YRATHQEAINC,Alone,10,1.7146335,100.000008,
77,174,184,YRATHQEAINC,Alone,10,2.3371365,1000.000061,
78,174,184,YRATHQEAINC,Alone,10,2.3371365,3600,2.6434527504450487
79,174,184,YRATHQEAINC,Alone,10,3.3974620000000004,10000.0,
80,198,205,AYAIASSI,Alone,10,-0.0074395,10.0,
81,198,205,AYAIASSI,Alone,10,0.009564,100.000008,
82,198,205,AYAIASSI,Alone,10,-0.0097795,1000.000061,
83,198,205,AYAIASSI,Alone,10,-0.0097795,3600,-0.01337963327326957
84,198,205,AYAIASSI,Alone,10,-0.0222415,10000.0,
85,203,216,SSIVSFYVPLVIMV,Alone,10,0.293869,10.0,
86,203,216,SSIVSFYVPLVIMV,Alone,10,0.3368665,100.000008,
87,203,216,SSIVSFYVPLVIMV,Alone,10,0.1387185,1000.000061,
88,203,216,SSIVSFYVPLVIMV,Alone,10,0.1387185,3600,0.14932259982308374
89,203,216,SSIVSFYVPLVIMV,Alone,10,0.175425,10000.0,
90,209,215,YVPLVIM,Alone,10,0.012992667,10.0,
91,209,215,YVPLVIM,Alone,10,0.011659333000000001,100.000008,
92,209,215,YVPLVIM,Alone,10,0.030089333,1000.000061,
93,209,215,YVPLVIM,Alone,10,0.030089333,3600,0.04314662927104408
94,209,215,YVPLVIM,Alone,10,0.075287667,10000.0,
95,215,224,MVFVYSRVFQ,Alone,10,0.0860175,10.0,
96,215,224,MVFVYSRVFQ,Alone,10,0.0117445,100.000008,
97,215,224,MVFVYSRVFQ,Alone,10,0.263896,1000.000061,
98,215,224,MVFVYSRVFQ,Alone,10,0.263896,3600,0.3247055212076907
99,215,224,MVFVYSRVFQ,Alone,10,0.4743905,10000.0,
100,223,240,FQEAKRQLQKIDKSEGRF,Alone,6,8.198180667,10.0,
101,223,240,FQEAKRQLQKIDKSEGRF,Alone,6,8.818012,100.000008,
102,223,240,FQEAKRQLQKIDKSEGRF,Alone,6,8.790771667000001,1000.000061,
103,223,240,FQEAKRQLQKIDKSEGRF,Alone,6,8.790771667000001,3600,8.807842881337411
104,223,240,FQEAKRQLQKIDKSEGRF,Alone,6,8.849864333,10000.0,
105,227,240,KRQLQKIDKSEGRF,Alone,6,5.265891000000001,10.0,
106,227,240,KRQLQKIDKSEGRF,Alone,6,5.175943333,100.000008,
107,227,240,KRQLQKIDKSEGRF,Alone,6,5.093797333,1000.000061,
108,227,240,KRQLQKIDKSEGRF,Alone,6,5.093797333,3600,5.1066442216745545
109,227,240,KRQLQKIDKSEGRF,Alone,6,5.138267333,10000.0,
110,246,264,SQVEQDGRTGHGLRRSSKF,Alone,8,6.225436667,10.0,
111,246,264,SQVEQDGRTGHGLRRSSKF,Alone,8,6.176462667000001,100.000008,
112,246,264,SQVEQDGRTGHGLRRSSKF,Alone,8,6.103003332999999,1000.000061,
113,246,264,SQVEQDGRTGHGLRRSSKF,Alone,8,6.103003332999999,3600,6.134449465808693
114,246,264,SQVEQDGRTGHGLRRSSKF,Alone,8,6.211855333,10000.0,
115,248,264,VEQDGRTGHGLRRSSKF,Alone,8,4.186849,10.0,
116,248,264,VEQDGRTGHGLRRSSKF,Alone,8,4.1778865,100.000008,
117,248,264,VEQDGRTGHGLRRSSKF,Alone,8,4.1234375,1000.000061,
118,248,264,VEQDGRTGHGLRRSSKF,Alone,8,4.1234375,3600,4.138171699754178
119,248,264,VEQDGRTGHGLRRSSKF,Alone,8,4.1744405,10000.0,
120,250,264,QDGRTGHGLRRSSKF,Alone,13,3.711175,10.0,
121,250,264,QDGRTGHGLRRSSKF,Alone,13,3.766288,100.000008,
122,250,264,QDGRTGHGLRRSSKF,Alone,13,3.7706655,1000.000061,
123,250,264,QDGRTGHGLRRSSKF,Alone,13,3.7706655,3600,3.7863293441831125
124,250,264,QDGRTGHGLRRSSKF,Alone,13,3.8248865,10000.0,
125,265,276,CLKEHKALKTLG,Alone,13,1.8121619999999998,10.0,
126,265,276,CLKEHKALKTLG,Alone,13,2.7260470000000003,100.000008,
127,265,276,CLKEHKALKTLG,Alone,13,3.323283,1000.000061,
128,265,276,CLKEHKALKTLG,Alone,13,3.323283,3600,3.4215628539158778
129,265,276,CLKEHKALKTLG,Alone,13,3.6634824999999998,10000.0,
130,273,283,KTLGIIMGTFT,Alone,8,0.053833000000000006,10.0,
131,273,283,KTLGIIMGTFT,Alone,8,0.0706045,100.000008,
132,273,283,KTLGIIMGTFT,Alone,8,0.049839999999999995,1000.000061,
133,273,283,KTLGIIMGTFT,Alone,8,0.049839999999999995,3600,0.08198047724155375
134,273,283,KTLGIIMGTFT,Alone,8,0.1610955,10000.0,
135,291,302,IVNIVHVIQDNL,Alone,8,1.2225709999999999,10.0,
136,291,302,IVNIVHVIQDNL,Alone,8,1.7688794999999997,100.000008,
137,291,302,IVNIVHVIQDNL,Alone,8,2.9391845,1000.000061,
138,291,302,IVNIVHVIQDNL,Alone,8,2.9391845,3600,3.170120973924889
139,291,302,IVNIVHVIQDNL,Alone,8,3.7385800000000002,10000.0,
140,316,326,YVNSGFNPLIY,Alone,9,0.047164332999999996,10.0,
141,316,326,YVNSGFNPLIY,Alone,9,-0.014014333,100.000008,
142,316,326,YVNSGFNPLIY,Alone,9,0.134505333,1000.000061,
143,316,326,YVNSGFNPLIY,Alone,9,0.134505333,3600,0.22572873907805052
144,316,326,YVNSGFNPLIY,Alone,9,0.450278667,10000.0,
145,333,339,RIAFQEL,Alone,9,0.214732,10.0,
146,333,339,RIAFQEL,Alone,9,0.982685,100.000008,
147,333,339,RIAFQEL,Alone,9,2.48494,1000.000061,
148,333,339,RIAFQEL,Alone,9,2.48494,3600,2.6062353906652254
149,333,339,RIAFQEL,Alone,9,2.9048086669999997,10000.0,
150,354,366,YSSNGNTGEQSGL,Alone,10,4.118445333,10.0,
151,354,366,YSSNGNTGEQSGL,Alone,10,4.200611,100.000008,
152,354,366,YSSNGNTGEQSGL,Alone,10,4.1792,1000.000061,
153,354,366,YSSNGNTGEQSGL,Alone,10,4.1792,3600,4.173924696288012
154,354,366,YSSNGNTGEQSGL,Alone,10,4.160939333,10000.0,
155,369,388,EQEKENKLLAEDLPGTEDFV,Alone,10,3.9047683330000003,10.0,
156,369,388,EQEKENKLLAEDLPGTEDFV,Alone,10,3.922262333,100.000008,
157,369,388,EQEKENKLLAEDLPGTEDFV,Alone,10,3.8621983330000003,1000.000061,
158,369,388,EQEKENKLLAEDLPGTEDFV,Alone,10,3.8621983330000003,3600,3.8896757103193518
159,369,388,EQEKENKLLAEDLPGTEDFV,Alone,10,3.957312333,10000.0,
160,373,395,ENKLLAEDLPGTEDFVGHQGTVP,Alone,7,4.1109860000000005,10.0,
161,373,395,ENKLLAEDLPGTEDFVGHQGTVP,Alone,7,4.1274265,100.000008,
162,373,395,ENKLLAEDLPGTEDFVGHQGTVP,Alone,7,4.0925605,1000.000061,
163,373,395,ENKLLAEDLPGTEDFVGHQGTVP,Alone,7,4.0925605,3600,4.092607877776987
164,373,395,ENKLLAEDLPGTEDFVGHQGTVP,Alone,7,4.0927245,10000.0,
165,376,393,LLAEDLPGTEDFVGHQGT,Alone,7,3.0906485,10.0,
166,376,393,LLAEDLPGTEDFVGHQGT,Alone,7,3.21975,100.000008,
167,376,393,LLAEDLPGTEDFVGHQGT,Alone,7,3.1683895,1000.000061,
168,376,393,LLAEDLPGTEDFVGHQGT,Alone,7,3.1683895,3600,3.180874988680584
169,376,393,LLAEDLPGTEDFVGHQGT,Alone,7,3.2116085,10000.0,
170,378,387,AEDLPGTEDF,Alone,12,2.579446,10.0,
171,378,387,AEDLPGTEDF,Alone,12,2.6363425,100.000008,
172,378,387,AEDLPGTEDF,Alone,12,2.5292169999999996,1000.000061,
173,378,387,AEDLPGTEDF,Alone,12,2.5292169999999996,3600,2.5456712441699256
174,378,387,AEDLPGTEDF,Alone,12,2.586174,10000.0,
175,378,402,AEDLPGTEDFVGHQGTVPSDNIDSQ,Alone,12,4.2452875,10.0,
176,378,402,AEDLPGTEDFVGHQGTVPSDNIDSQ,Alone,12,4.2940974999999995,100.000008,
177,378,402,AEDLPGTEDFVGHQGTVPSDNIDSQ,Alone,12,4.4345125,1000.000061,
178,378,402,AEDLPGTEDFVGHQGTVPSDNIDSQ,Alone,12,4.4345125,3600,4.404265256060194
179,378,402,AEDLPGTEDFVGHQGTVPSDNIDSQ,Alone,12,4.329810500000001,10000.0,
180,379,387,EDLPGTEDF,Alone,5,2.4858974999999996,10.0,
181,379,387,EDLPGTEDF,Alone,5,2.530158,100.000008,
182,379,387,EDLPGTEDF,Alone,5,2.420717,1000.000061,
183,379,387,EDLPGTEDF,Alone,5,2.420717,3600,2.4337767997821134
184,379,387,EDLPGTEDF,Alone,5,2.4659240000000002,10000.0,
185,387,405,FVGHQGTVPSDNIDSQGRN,Alone,5,5.9295290000000005,10.0,
186,387,405,FVGHQGTVPSDNIDSQGRN,Alone,5,5.9804735,100.000008,
187,387,405,FVGHQGTVPSDNIDSQGRN,Alone,5,5.8886405,1000.000061,
188,387,405,FVGHQGTVPSDNIDSQGRN,Alone,5,5.8886405,3600,5.895877310990374
189,387,405,FVGHQGTVPSDNIDSQGRN,Alone,5,5.913691,10000.0,
190,387,410,FVGHQGTVPSDNIDSQGRNASTND,Alone,9,8.274834333,10.0,
191,387,410,FVGHQGTVPSDNIDSQGRNASTND,Alone,9,8.323640667000001,100.000008,
192,387,410,FVGHQGTVPSDNIDSQGRNASTND,Alone,9,8.158967,1000.000061,
193,387,410,FVGHQGTVPSDNIDSQGRNASTND,Alone,9,8.158967,3600,8.244944761432235
194,387,410,FVGHQGTVPSDNIDSQGRNASTND,Alone,9,8.456582333,10000.0,
195,388,410,VGHQGTVPSDNIDSQGRNASTND,Alone,9,8.107035,10.0,
196,388,410,VGHQGTVPSDNIDSQGRNASTND,Alone,9,8.184735,100.000008,
197,388,410,VGHQGTVPSDNIDSQGRNASTND,Alone,9,8.0698405,1000.000061,
198,388,410,VGHQGTVPSDNIDSQGRNASTND,Alone,9,8.0698405,3600,8.068796744461858
199,388,410,VGHQGTVPSDNIDSQGRNASTND,Alone,9,8.0662275,10000.0,
