,Start,End,Sequence,State,MaxUptake,Uptake,Exposure,Predicted Uptake (30)
0,9,15,MCDDEED,CSN,6,0.0,0.0,
1,9,15,MCDDEED,CSN,6,1.519544,0.25,
2,9,15,MCDDEED,CSN,6,1.6823270000000001,5.0,
3,9,15,MCDDEED,CSN,6,1.6823270000000001,30,1.6385640035010396
4,9,15,MCDDEED,CSN,6,1.638564,30.000002000000002,
5,26,32,SEPNVDL,CSN,6,0.0,0.0,
6,26,32,SEPNVDL,CSN,6,0.096804,0.25,
7,26,32,SEPNVDL,CSN,6,0.079898,5.0,
8,26,32,SEPNVDL,CSN,6,0.079898,30,0.1901179911824007
9,26,32,SEPNVDL,CSN,6,0.190118,30.000002000000002,
10,36,51,YYNSKALKEDDPKAAL,CSN,5,0.0,0.0,
11,36,51,YYNSKALKEDDPKAAL,CSN,5,2.2558979999999997,0.25,
12,36,51,YYNSKALKEDDPKAAL,CSN,5,4.949971,5.0,
13,36,51,YYNSKALKEDDPKAAL,CSN,5,4.949971,30,7.165646822745934
14,36,51,YYNSKALKEDDPKAAL,CSN,5,7.165647,30.000002000000002,
15,42,51,LKEDDPKAAL,CSN,5,0.0,0.0,
16,42,51,LKEDDPKAAL,CSN,5,1.0650309999999998,0.25,
17,42,51,LKEDDPKAAL,CSN,5,2.292722,5.0,
18,42,51,LKEDDPKAAL,CSN,5,2.292722,30,3.4545329070551274
19,42,51,LKEDDPKAAL,CSN,5,3.454533,30.000002000000002,
20,52,59,SSFQKVLE,CSN,14,0.0,0.0,
21,52,59,SSFQKVLE,CSN,14,0.212502,0.25,
22,52,59,SSFQKVLE,CSN,14,0.283814,5.0,
23,52,59,SSFQKVLE,CSN,14,0.283814,30,0.3184459972294402
24,52,59,SSFQKVLE,CSN,14,0.318446,30.000002000000002,
25,81,97,KLTNFPEMMNRYKQLLT,CSN,14,0.0,0.0,
26,81,97,KLTNFPEMMNRYKQLLT,CSN,14,1.07817,0.25,
27,81,97,KLTNFPEMMNRYKQLLT,CSN,14,2.391897,5.0,
28,81,97,KLTNFPEMMNRYKQLLT,CSN,14,2.391897,30,4.03482286856593
29,81,97,KLTNFPEMMNRYKQLLT,CSN,14,4.034823,30.000002000000002,
30,86,97,PEMMNRYKQLLT,CSN,8,0.0,0.0,
31,86,97,PEMMNRYKQLLT,CSN,8,0.298682,0.25,
32,86,97,PEMMNRYKQLLT,CSN,8,0.698044,5.0,
33,86,97,PEMMNRYKQLLT,CSN,8,0.698044,30,1.5829689292060056
34,86,97,PEMMNRYKQLLT,CSN,8,1.582969,30.000002000000002,
35,96,113,LTYIRSAVTRNYSEKSIN,CSN,8,0.0,0.0,
36,96,113,LTYIRSAVTRNYSEKSIN,CSN,8,7.161144,0.25,
37,96,113,LTYIRSAVTRNYSEKSIN,CSN,8,7.133997,5.0,
38,96,113,LTYIRSAVTRNYSEKSIN,CSN,8,7.133997,30,7.8083969460480045
39,96,113,LTYIRSAVTRNYSEKSIN,CSN,8,7.808397,30.000002000000002,
40,98,113,YIRSAVTRNYSEKSIN,CSN,7,0.0,0.0,
41,98,113,YIRSAVTRNYSEKSIN,CSN,7,6.635711,0.25,
42,98,113,YIRSAVTRNYSEKSIN,CSN,7,6.568014999999999,5.0,
43,98,113,YIRSAVTRNYSEKSIN,CSN,7,6.568014999999999,30,6.993928965926882
44,98,113,YIRSAVTRNYSEKSIN,CSN,7,6.993929,30.000002000000002,
45,99,106,IRSAVTRN,CSN,7,0.0,0.0,
46,99,106,IRSAVTRN,CSN,7,3.9133690000000003,0.25,
47,99,106,IRSAVTRN,CSN,7,4.579319,5.0,
48,99,106,IRSAVTRN,CSN,7,4.579319,30,4.724797988361682
49,99,106,IRSAVTRN,CSN,7,4.724798000000001,30.000002000000002,
50,107,113,YSEKSIN,CSN,15,0.0,0.0,
51,107,113,YSEKSIN,CSN,15,1.406457,0.25,
52,107,113,YSEKSIN,CSN,15,2.533554,5.0,
53,107,113,YSEKSIN,CSN,15,2.533554,30,3.120692953028884
54,107,113,YSEKSIN,CSN,15,3.120693,30.000002000000002,
55,120,127,STSKQMDL,CSN,15,0.0,0.0,
56,120,127,STSKQMDL,CSN,15,3.6825660000000005,0.25,
57,120,127,STSKQMDL,CSN,15,3.9598970000000002,5.0,
58,120,127,STSKQMDL,CSN,15,3.9598970000000002,30,3.9362700018901595
59,120,127,STSKQMDL,CSN,15,3.9362699999999995,30.000002000000002,
60,132,138,YETTLEA,CSN,10,0.0,0.0,
61,132,138,YETTLEA,CSN,10,0.13917100000000002,0.25,
62,132,138,YETTLEA,CSN,10,0.036429,5.0,
63,132,138,YETTLEA,CSN,10,0.036429,30,0.0705989972664002
64,132,138,YETTLEA,CSN,10,0.070599,30.000002000000002,
65,137,147,EALKDAKNDRL,CSN,10,0.0,0.0,
66,137,147,EALKDAKNDRL,CSN,10,4.288279,0.25,
67,137,147,EALKDAKNDRL,CSN,10,4.880991000000001,5.0,
68,137,147,EALKDAKNDRL,CSN,10,4.880991000000001,30,4.85262900226896
69,137,147,EALKDAKNDRL,CSN,10,4.852629,30.000002000000002,
70,148,158,WFKTNTKLGKL,CSN,17,0.0,0.0,
71,148,158,WFKTNTKLGKL,CSN,17,0.853368,0.25,
72,148,158,WFKTNTKLGKL,CSN,17,1.064476,5.0,
73,148,158,WFKTNTKLGKL,CSN,17,1.064476,30,1.5828079585334434
74,148,158,WFKTNTKLGKL,CSN,17,1.582808,30.000002000000002,
75,148,160,WFKTNTKLGKLYL,CSN,17,0.0,0.0,
76,148,160,WFKTNTKLGKLYL,CSN,17,0.954084,0.25,
77,148,160,WFKTNTKLGKLYL,CSN,17,1.185606,5.0,
78,148,160,WFKTNTKLGKLYL,CSN,17,1.185606,30,1.5931399673972826
79,148,160,WFKTNTKLGKLYL,CSN,17,1.59314,30.000002000000002,
80,149,158,FKTNTKLGKL,CSN,15,0.0,0.0,
81,149,158,FKTNTKLGKL,CSN,15,0.747842,0.25,
82,149,158,FKTNTKLGKL,CSN,15,0.962159,5.0,
83,149,158,FKTNTKLGKL,CSN,15,0.962159,30,1.6904189417392046
84,149,158,FKTNTKLGKL,CSN,15,1.690419,30.000002000000002,
85,159,168,YLEREEYGKL,CSN,15,0.0,0.0,
86,159,168,YLEREEYGKL,CSN,15,2.0434200000000002,0.25,
87,159,168,YLEREEYGKL,CSN,15,2.739421,5.0,
88,159,168,YLEREEYGKL,CSN,15,2.739421,30,3.0061339786629615
89,159,168,YLEREEYGKL,CSN,15,3.006134,30.000002000000002,
90,159,179,YLEREEYGKLQKILRQLHQSC,CSN,7,0.0,0.0,
91,159,179,YLEREEYGKLQKILRQLHQSC,CSN,7,3.424075,0.25,
92,159,179,YLEREEYGKLQKILRQLHQSC,CSN,7,5.8998800000000005,5.0,
93,159,179,YLEREEYGKLQKILRQLHQSC,CSN,7,5.8998800000000005,30,8.044016828469054
94,159,179,YLEREEYGKLQKILRQLHQSC,CSN,7,8.044017,30.000002000000002,
95,159,181,YLEREEYGKLQKILRQLHQSCQT,CSN,7,0.0,0.0,
96,159,181,YLEREEYGKLQKILRQLHQSCQT,CSN,7,4.0283940000000005,0.25,
97,159,181,YLEREEYGKLQKILRQLHQSCQT,CSN,7,6.854158999999999,5.0,
98,159,181,YLEREEYGKLQKILRQLHQSCQT,CSN,7,6.854158999999999,30,9.035725825474653
99,159,181,YLEREEYGKLQKILRQLHQSCQT,CSN,7,9.035725999999999,30.000002000000002,
100,160,179,LEREEYGKLQKILRQLHQSC,CSN,6,0.0,0.0,
101,160,179,LEREEYGKLQKILRQLHQSC,CSN,6,2.599744,0.25,
102,160,179,LEREEYGKLQKILRQLHQSC,CSN,6,5.135367,5.0,
103,160,179,LEREEYGKLQKILRQLHQSC,CSN,6,5.135367,30,7.285798827965454
104,160,179,LEREEYGKLQKILRQLHQSC,CSN,6,7.285799000000001,30.000002000000002,
105,195,201,LEIYALE,CSN,6,0.0,0.0,
106,195,201,LEIYALE,CSN,6,0.11514400000000001,0.25,
107,195,201,LEIYALE,CSN,6,0.121848,5.0,
108,195,201,LEIYALE,CSN,6,0.121848,30,0.10335900147911987
109,195,201,LEIYALE,CSN,6,0.10335899999999999,30.000002000000002,
110,205,217,YTAQKNNKKLKAL,CSN,7,0.0,0.0,
111,205,217,YTAQKNNKKLKAL,CSN,7,1.4656420000000001,0.25,
112,205,217,YTAQKNNKKLKAL,CSN,7,3.080343,5.0,
113,205,217,YTAQKNNKKLKAL,CSN,7,3.080343,30,4.7003938703959305
114,205,217,YTAQKNNKKLKAL,CSN,7,4.700394,30.000002000000002,
115,237,251,IRECGGKMHLREGEF,CSN,7,0.0,0.0,
116,237,251,IRECGGKMHLREGEF,CSN,7,1.701559,0.25,
117,237,251,IRECGGKMHLREGEF,CSN,7,2.148028,5.0,
118,237,251,IRECGGKMHLREGEF,CSN,7,2.148028,30,2.250451991806081
119,237,251,IRECGGKMHLREGEF,CSN,7,2.250452,30.000002000000002,
120,241,251,GGKMHLREGEF,CSN,6,0.0,0.0,
121,241,251,GGKMHLREGEF,CSN,6,1.301917,0.25,
122,241,251,GGKMHLREGEF,CSN,6,1.856852,5.0,
123,241,251,GGKMHLREGEF,CSN,6,1.856852,30,2.213959971431362
124,241,251,GGKMHLREGEF,CSN,6,2.2139599999999997,30.000002000000002,
125,259,276,FEAFKNYDESGSPRRTTC,CSN,6,0.0,0.0,
126,259,276,FEAFKNYDESGSPRRTTC,CSN,6,3.234354,0.25,
127,259,276,FEAFKNYDESGSPRRTTC,CSN,6,4.356401,5.0,
128,259,276,FEAFKNYDESGSPRRTTC,CSN,6,4.356401,30,5.0890569413875255
129,259,276,FEAFKNYDESGSPRRTTC,CSN,6,5.089057,30.000002000000002,
130,259,277,FEAFKNYDESGSPRRTTCL,CSN,10,0.0,0.0,
131,259,277,FEAFKNYDESGSPRRTTCL,CSN,10,3.3402830000000003,0.25,
132,259,277,FEAFKNYDESGSPRRTTCL,CSN,10,4.378978,5.0,
133,259,277,FEAFKNYDESGSPRRTTCL,CSN,10,4.378978,30,5.0998049423338445
134,259,277,FEAFKNYDESGSPRRTTCL,CSN,10,5.099805,30.000002000000002,
135,260,277,EAFKNYDESGSPRRTTCL,CSN,10,0.0,0.0,
136,260,277,EAFKNYDESGSPRRTTCL,CSN,10,3.5145510000000004,0.25,
137,260,277,EAFKNYDESGSPRRTTCL,CSN,10,4.37411,5.0,
138,260,277,EAFKNYDESGSPRRTTCL,CSN,10,4.37411,30,5.008271949267044
139,260,277,EAFKNYDESGSPRRTTCL,CSN,10,5.008272,30.000002000000002,
140,262,276,FKNYDESGSPRRTTC,CSN,10,0.0,0.0,
141,262,276,FKNYDESGSPRRTTC,CSN,10,2.623368,0.25,
142,262,276,FKNYDESGSPRRTTC,CSN,10,4.425215000000001,5.0,
143,262,276,FKNYDESGSPRRTTC,CSN,10,4.425215000000001,30,5.419923920423287
144,262,276,FKNYDESGSPRRTTC,CSN,10,5.419924,30.000002000000002,
145,262,277,FKNYDESGSPRRTTCL,CSN,10,0.0,0.0,
146,262,277,FKNYDESGSPRRTTCL,CSN,10,2.978018,0.25,
147,262,277,FKNYDESGSPRRTTCL,CSN,10,4.017011,5.0,
148,262,277,FKNYDESGSPRRTTCL,CSN,10,4.017011,30,4.740111942151924
149,262,277,FKNYDESGSPRRTTCL,CSN,10,4.740112,30.000002000000002,
150,286,309,LMKSGINPFDSQEAKPYKNDPEIL,CSN,12,0.0,0.0,
151,286,309,LMKSGINPFDSQEAKPYKNDPEIL,CSN,12,6.976684,0.25,
152,286,309,LMKSGINPFDSQEAKPYKNDPEIL,CSN,12,9.174191,5.0,
153,286,309,LMKSGINPFDSQEAKPYKNDPEIL,CSN,12,9.174191,30,9.694692958359843
154,286,309,LMKSGINPFDSQEAKPYKNDPEIL,CSN,12,9.694693,30.000002000000002,
155,287,309,MKSGINPFDSQEAKPYKNDPEIL,CSN,12,0.0,0.0,
156,287,309,MKSGINPFDSQEAKPYKNDPEIL,CSN,12,6.123254,0.25,
157,287,309,MKSGINPFDSQEAKPYKNDPEIL,CSN,12,8.487785,5.0,
158,287,309,MKSGINPFDSQEAKPYKNDPEIL,CSN,12,8.487785,30,9.077332952836164
159,287,309,MKSGINPFDSQEAKPYKNDPEIL,CSN,12,9.077333,30.000002000000002,
160,288,309,KSGINPFDSQEAKPYKNDPEIL,CSN,9,0.0,0.0,
161,288,309,KSGINPFDSQEAKPYKNDPEIL,CSN,9,5.838755,0.25,
162,288,309,KSGINPFDSQEAKPYKNDPEIL,CSN,9,7.934079,5.0,
163,288,309,KSGINPFDSQEAKPYKNDPEIL,CSN,9,7.934079,30,8.761369933816724
164,288,309,KSGINPFDSQEAKPYKNDPEIL,CSN,9,8.76137,30.000002000000002,
165,293,309,PFDSQEAKPYKNDPEIL,CSN,9,0.0,0.0,
166,293,309,PFDSQEAKPYKNDPEIL,CSN,9,5.171501999999999,0.25,
167,293,309,PFDSQEAKPYKNDPEIL,CSN,9,7.196938,5.0,
168,293,309,PFDSQEAKPYKNDPEIL,CSN,9,7.196938,30,8.56227389077313
169,293,309,PFDSQEAKPYKNDPEIL,CSN,9,8.562274,30.000002000000002,
170,295,309,DSQEAKPYKNDPEIL,CSN,9,0.0,0.0,
171,295,309,DSQEAKPYKNDPEIL,CSN,9,4.288533,0.25,
172,295,309,DSQEAKPYKNDPEIL,CSN,9,5.731929,5.0,
173,295,309,DSQEAKPYKNDPEIL,CSN,9,5.731929,30,6.588756931453767
174,295,309,DSQEAKPYKNDPEIL,CSN,9,6.588757000000001,30.000002000000002,
175,315,322,VSAYQNND,CSN,9,0.0,0.0,
176,315,322,VSAYQNND,CSN,9,1.158642,0.25,
177,315,322,VSAYQNND,CSN,9,1.82125,5.0,
178,315,322,VSAYQNND,CSN,9,1.82125,30,2.796324921994006
179,315,322,VSAYQNND,CSN,9,2.796325,30.000002000000002,
180,318,325,YQNNDITE,CSN,20,0.0,0.0,
181,318,325,YQNNDITE,CSN,20,1.205306,0.25,
182,318,325,YQNNDITE,CSN,20,2.571736,5.0,
183,318,325,YQNNDITE,CSN,20,2.571736,30,3.537218922761366
184,318,325,YQNNDITE,CSN,20,3.5372190000000003,30.000002000000002,
185,326,340,FEKILKTNHSNIMDD,CSN,20,0.0,0.0,
186,326,340,FEKILKTNHSNIMDD,CSN,20,1.813091,0.25,
187,326,340,FEKILKTNHSNIMDD,CSN,20,3.008779,5.0,
188,326,340,FEKILKTNHSNIMDD,CSN,20,3.008779,30,3.365692971446882
189,326,340,FEKILKTNHSNIMDD,CSN,20,3.365693,30.000002000000002,
190,326,345,FEKILKTNHSNIMDDPFIRE,CSN,22,0.0,0.0,
191,326,345,FEKILKTNHSNIMDDPFIRE,CSN,22,2.221337,0.25,
192,326,345,FEKILKTNHSNIMDDPFIRE,CSN,22,4.100264,5.0,
193,326,345,FEKILKTNHSNIMDDPFIRE,CSN,22,4.100264,30,4.844760940440245
194,326,345,FEKILKTNHSNIMDDPFIRE,CSN,22,4.844761,30.000002000000002,
195,360,377,IKLIKPYTRIHIPFISKE,CSN,22,0.0,0.0,
196,360,377,IKLIKPYTRIHIPFISKE,CSN,22,1.7316619999999998,0.25,
197,360,377,IKLIKPYTRIHIPFISKE,CSN,22,1.9592990000000001,5.0,
198,360,377,IKLIKPYTRIHIPFISKE,CSN,22,1.9592990000000001,30,2.3071149721747224
199,360,377,IKLIKPYTRIHIPFISKE,CSN,22,2.307115,30.000002000000002,
200,361,377,KLIKPYTRIHIPFISKE,CSN,19,0.0,0.0,
201,361,377,KLIKPYTRIHIPFISKE,CSN,19,1.748607,0.25,
202,361,377,KLIKPYTRIHIPFISKE,CSN,19,1.9683990000000002,5.0,
203,361,377,KLIKPYTRIHIPFISKE,CSN,19,1.9683990000000002,30,2.346874969721922
204,361,377,KLIKPYTRIHIPFISKE,CSN,19,2.346875,30.000002000000002,
205,361,378,KLIKPYTRIHIPFISKEL,CSN,19,0.0,0.0,
206,361,378,KLIKPYTRIHIPFISKEL,CSN,19,1.602822,0.25,
207,361,378,KLIKPYTRIHIPFISKEL,CSN,19,1.795987,5.0,
208,361,378,KLIKPYTRIHIPFISKEL,CSN,19,1.795987,30,2.2567029631427227
209,361,378,KLIKPYTRIHIPFISKEL,CSN,19,2.256703,30.000002000000002,
210,362,377,LIKPYTRIHIPFISKE,CSN,6,0.0,0.0,
211,362,377,LIKPYTRIHIPFISKE,CSN,6,1.39036,0.25,
212,362,377,LIKPYTRIHIPFISKE,CSN,6,1.659425,5.0,
213,362,377,LIKPYTRIHIPFISKE,CSN,6,1.659425,30,1.938283977691282
214,362,377,LIKPYTRIHIPFISKE,CSN,6,1.9382840000000001,30.000002000000002,
215,364,377,KPYTRIHIPFISKE,CSN,6,0.0,0.0,
216,364,377,KPYTRIHIPFISKE,CSN,6,1.179003,0.25,
217,364,377,KPYTRIHIPFISKE,CSN,6,1.4492610000000001,5.0,
218,364,377,KPYTRIHIPFISKE,CSN,6,1.4492610000000001,30,1.8344929691814424
219,364,377,KPYTRIHIPFISKE,CSN,6,1.834493,30.000002000000002,
220,378,384,LNIDVAD,CSN,12,0.0,0.0,
221,378,384,LNIDVAD,CSN,12,2.608273,0.25,
222,378,384,LNIDVAD,CSN,12,2.9008599999999998,5.0,
223,378,384,LNIDVAD,CSN,12,2.9008599999999998,30,3.2859329691941626
224,378,384,LNIDVAD,CSN,12,3.285933,30.000002000000002,
225,378,385,LNIDVADV,CSN,12,0.0,0.0,
226,378,385,LNIDVADV,CSN,12,2.380667,0.25,
227,378,385,LNIDVADV,CSN,12,2.686848,5.0,
228,378,385,LNIDVADV,CSN,12,2.686848,30,2.975312976922802
229,378,385,LNIDVADV,CSN,12,2.9753130000000003,30.000002000000002,
230,395,408,DNTIHGRIDQVNQL,CSN,9,0.0,0.0,
231,395,408,DNTIHGRIDQVNQL,CSN,9,1.299876,0.25,
232,395,408,DNTIHGRIDQVNQL,CSN,9,1.624033,5.0,
233,395,408,DNTIHGRIDQVNQL,CSN,9,1.624033,30,2.4969719301648854
234,395,408,DNTIHGRIDQVNQL,CSN,9,2.496972,30.000002000000002,
235,409,424,LELDHQKRGGARYTAL,CSN,14,0.0,0.0,
236,409,424,LELDHQKRGGARYTAL,CSN,14,4.469901999999999,0.25,
237,409,424,LELDHQKRGGARYTAL,CSN,14,4.934882,5.0,
238,409,424,LELDHQKRGGARYTAL,CSN,14,4.934882,30,5.115748985530641
239,409,424,LELDHQKRGGARYTAL,CSN,14,5.115749,30.000002000000002,
240,410,424,ELDHQKRGGARYTAL,CSN,14,0.0,0.0,
241,410,424,ELDHQKRGGARYTAL,CSN,14,4.520196,0.25,
242,410,424,ELDHQKRGGARYTAL,CSN,14,4.825698,5.0,
243,410,424,ELDHQKRGGARYTAL,CSN,14,4.825698,30,5.260769965194243
244,410,424,ELDHQKRGGARYTAL,CSN,14,5.26077,30.000002000000002,
245,425,431,DKWTNQL,CSN,10,0.0,0.0,
246,425,431,DKWTNQL,CSN,10,0.889432,0.25,
247,425,431,DKWTNQL,CSN,10,1.9611009999999998,5.0,
248,425,431,DKWTNQL,CSN,10,1.9611009999999998,30,2.294986973289122
249,425,431,DKWTNQL,CSN,10,2.294987,30.000002000000002,
250,432,439,NSLNQAVV,CSN,10,0.0,0.0,
251,432,439,NSLNQAVV,CSN,10,0.872625,0.25,
252,432,439,NSLNQAVV,CSN,10,2.436978,5.0,
253,432,439,NSLNQAVV,CSN,10,2.436978,30,3.0233709530885635
254,432,439,NSLNQAVV,CSN,10,3.023371,30.000002000000002,
255,437,443,AVVSKLA,CSN,16,0.0,0.0,
256,437,443,AVVSKLA,CSN,16,0.865825,0.25,
257,437,443,AVVSKLA,CSN,16,1.935057,5.0,
258,437,443,AVVSKLA,CSN,16,1.935057,30,2.413151961752403
259,437,443,AVVSKLA,CSN,16,2.413152,30.000002000000002,
