,Start,End,Sequence,State,MaxUptake,Uptake,Exposure,Predicted Uptake (60)
0,15,35,APNTSGWHLRSTTKVPTTMKT,Apo,18,0.0,0.0,
1,15,35,APNTSGWHLRSTTKVPTTMKT,Apo,18,6.639419999999999,0.16699999999999998,
2,15,35,APNTSGWHLRSTTKVPTTMKT,Apo,18,8.2206,1.0,
3,15,35,APNTSGWHLRSTTKVPTTMKT,Apo,18,7.945925999999999,16.667002,
4,15,35,APNTSGWHLRSTTKVPTTMKT,Apo,18,7.945925999999999,60,8.00425648366758
5,15,35,APNTSGWHLRSTTKVPTTMKT,Apo,18,8.035665,83.333,
6,15,35,APNTSGWHLRSTTKVPTTMKT,Apo,18,9.697356,420.000031,
7,39,61,QSSDPNGPLSRAVRNQLRLNGVD,Apo,18,0.0,0.0,
8,39,61,QSSDPNGPLSRAVRNQLRLNGVD,Apo,18,0.9678709999999999,0.16699999999999998,
9,39,61,QSSDPNGPLSRAVRNQLRLNGVD,Apo,18,2.531981,1.0,
10,39,61,QSSDPNGPLSRAVRNQLRLNGVD,Apo,18,4.576830999999999,16.667002,
11,39,61,QSSDPNGPLSRAVRNQLRLNGVD,Apo,18,4.576830999999999,60,5.679678127236166
12,39,61,QSSDPNGPLSRAVRNQLRLNGVD,Apo,18,6.273515,83.333,
13,39,61,QSSDPNGPLSRAVRNQLRLNGVD,Apo,18,9.806989,420.000031,
14,43,57,PNGPLSRAVRNQLRL,Apo,18,0.0,0.0,
15,43,57,PNGPLSRAVRNQLRL,Apo,18,0.8661610000000001,0.16699999999999998,
16,43,57,PNGPLSRAVRNQLRL,Apo,18,1.441154,1.0,
17,43,57,PNGPLSRAVRNQLRL,Apo,18,2.73314,16.667002,
18,43,57,PNGPLSRAVRNQLRL,Apo,18,2.73314,60,3.311541875440401
19,43,57,PNGPLSRAVRNQLRL,Apo,18,3.622987,83.333,
20,43,57,PNGPLSRAVRNQLRL,Apo,18,5.869321,420.000031,
21,62,67,LIDAST,Apo,18,0.0,0.0,
22,62,67,LIDAST,Apo,18,2.564038,0.16699999999999998,
23,62,67,LIDAST,Apo,18,2.680671,1.0,
24,62,67,LIDAST,Apo,18,2.399451,16.667002,
25,62,67,LIDAST,Apo,18,2.399451,60,2.4257409602449216
26,62,67,LIDAST,Apo,18,2.439897,83.333,
27,62,67,LIDAST,Apo,18,2.934501,420.000031,
28,68,77,LRKDVPSLRL,Apo,20,0.0,0.0,
29,68,77,LRKDVPSLRL,Apo,20,0.8028609999999999,0.16699999999999998,
30,68,77,LRKDVPSLRL,Apo,20,0.8396450000000001,1.0,
31,68,77,LRKDVPSLRL,Apo,20,1.558088,16.667002,
32,68,77,LRKDVPSLRL,Apo,20,1.558088,60,1.8011580070085802
33,68,77,LRKDVPSLRL,Apo,20,1.932041,83.333,
34,68,77,LRKDVPSLRL,Apo,20,2.602979,420.000031,
35,90,97,FQDGRTAE,Apo,20,0.0,0.0,
36,90,97,FQDGRTAE,Apo,20,0.22662600000000002,0.16699999999999998,
37,90,97,FQDGRTAE,Apo,20,0.15096600000000002,1.0,
38,90,97,FQDGRTAE,Apo,20,0.15906800000000001,16.667002,
39,90,97,FQDGRTAE,Apo,20,0.15906800000000001,60,0.18504465952697505
40,90,97,FQDGRTAE,Apo,20,0.199032,83.333,
41,90,97,FQDGRTAE,Apo,20,0.52245,420.000031,
42,103,119,TVHASVLIPGHDIYPIT,Apo,20,0.0,0.0,
43,103,119,TVHASVLIPGHDIYPIT,Apo,20,2.194013,0.16699999999999998,
44,103,119,TVHASVLIPGHDIYPIT,Apo,20,2.3141279999999997,1.0,
45,103,119,TVHASVLIPGHDIYPIT,Apo,20,2.581609,16.667002,
46,103,119,TVHASVLIPGHDIYPIT,Apo,20,2.581609,60,3.175174760189295
47,103,119,TVHASVLIPGHDIYPIT,Apo,20,3.494785,83.333,
48,103,119,TVHASVLIPGHDIYPIT,Apo,20,5.095127,420.000031,
49,110,119,IPGHDIYPIT,Apo,20,0.0,0.0,
50,110,119,IPGHDIYPIT,Apo,20,1.9355040000000001,0.16699999999999998,
51,110,119,IPGHDIYPIT,Apo,20,2.2109099999999997,1.0,
52,110,119,IPGHDIYPIT,Apo,20,2.189959,16.667002,
53,110,119,IPGHDIYPIT,Apo,20,2.189959,60,2.4657221319267135
54,110,119,IPGHDIYPIT,Apo,20,2.6142090000000002,83.333,
55,110,119,IPGHDIYPIT,Apo,20,3.3696339999999996,420.000031,
56,123,134,YRSFFDNPQAAL,Apo,12,0.0,0.0,
57,123,134,YRSFFDNPQAAL,Apo,12,0.273246,0.16699999999999998,
58,123,134,YRSFFDNPQAAL,Apo,12,0.718487,1.0,
59,123,134,YRSFFDNPQAAL,Apo,12,2.217136,16.667002,
60,123,134,YRSFFDNPQAAL,Apo,12,2.217136,60,2.793656121128255
61,123,134,YRSFFDNPQAAL,Apo,12,3.104088,83.333,
62,123,134,YRSFFDNPQAAL,Apo,12,4.610621,420.000031,
63,135,142,AKDAEQDM,Apo,12,0.0,0.0,
64,135,142,AKDAEQDM,Apo,12,0.25869899999999996,0.16699999999999998,
65,135,142,AKDAEQDM,Apo,12,0.12288900000000001,1.0,
66,135,142,AKDAEQDM,Apo,12,0.131665,16.667002,
67,135,142,AKDAEQDM,Apo,12,0.131665,60,0.1381507148623801
68,135,142,AKDAEQDM,Apo,12,0.14164300000000002,83.333,
69,135,142,AKDAEQDM,Apo,12,0.2417,420.000031,
70,143,147,IIQEM,Apo,12,0.0,0.0,
71,143,147,IIQEM,Apo,12,0.06792000000000001,0.16699999999999998,
72,143,147,IIQEM,Apo,12,0.013755000000000002,1.0,
73,143,147,IIQEM,Apo,12,0.025434000000000002,16.667002,
74,143,147,IIQEM,Apo,12,0.025434000000000002,60,0.03051246163758023
75,143,147,IIQEM,Apo,12,0.033247000000000006,83.333,
76,143,147,IIQEM,Apo,12,0.083489,420.000031,
77,147,155,MYDKAAEQL,Apo,12,0.0,0.0,
78,147,155,MYDKAAEQL,Apo,12,0.18543199999999999,0.16699999999999998,
79,147,155,MYDKAAEQL,Apo,12,0.01864,1.0,
80,147,155,MYDKAAEQL,Apo,12,0.035075,16.667002,
81,147,155,MYDKAAEQL,Apo,12,0.035075,60,0.05204263888229799
82,147,155,MYDKAAEQL,Apo,12,0.061179,83.333,
83,147,155,MYDKAAEQL,Apo,12,0.285682,420.000031,
84,148,155,YDKAAEQL,Apo,5,0.0,0.0,
85,148,155,YDKAAEQL,Apo,5,0.12731099999999998,0.16699999999999998,
86,148,155,YDKAAEQL,Apo,5,0.045663999999999996,1.0,
87,148,155,YDKAAEQL,Apo,5,0.046379000000000004,16.667002,
88,148,155,YDKAAEQL,Apo,5,0.046379000000000004,60,0.048029353781878434
89,148,155,YDKAAEQL,Apo,5,0.048918,83.333,
90,148,155,YDKAAEQL,Apo,5,0.16813699999999998,420.000031,
91,156,163,IRKLPSVQ,Apo,5,0.0,0.0,
92,156,163,IRKLPSVQ,Apo,5,1.916131,0.16699999999999998,
93,156,163,IRKLPSVQ,Apo,5,2.472107,1.0,
94,156,163,IRKLPSVQ,Apo,5,2.531146,16.667002,
95,156,163,IRKLPSVQ,Apo,5,2.531146,60,2.9137687268014796
96,156,163,IRKLPSVQ,Apo,5,3.119795,83.333,
97,156,163,IRKLPSVQ,Apo,5,4.268619,420.000031,
98,164,168,VADVE,Apo,5,0.0,0.0,
99,164,168,VADVE,Apo,5,2.1903040000000003,0.16699999999999998,
100,164,168,VADVE,Apo,5,2.343328,1.0,
101,164,168,VADVE,Apo,5,2.108316,16.667002,
102,164,168,VADVE,Apo,5,2.108316,60,2.136171163831673
103,164,168,VADVE,Apo,5,2.15117,83.333,
104,164,168,VADVE,Apo,5,2.558535,420.000031,
105,169,196,ATQQEEKPVAGSTAPASSGNRVSTTLGQ,Apo,5,0.0,0.0,
106,169,196,ATQQEEKPVAGSTAPASSGNRVSTTLGQ,Apo,5,13.623467999999999,0.16699999999999998,
107,169,196,ATQQEEKPVAGSTAPASSGNRVSTTLGQ,Apo,5,15.405073999999999,1.0,
108,169,196,ATQQEEKPVAGSTAPASSGNRVSTTLGQ,Apo,5,13.765526999999999,16.667002,
109,169,196,ATQQEEKPVAGSTAPASSGNRVSTTLGQ,Apo,5,13.765526999999999,60,13.913782589736014
110,169,196,ATQQEEKPVAGSTAPASSGNRVSTTLGQ,Apo,5,13.993611999999999,83.333,
111,169,196,ATQQEEKPVAGSTAPASSGNRVSTTLGQ,Apo,5,16.337543,420.000031,
112,173,196,EEKPVAGSTAPASSGNRVSTTLGQ,Apo,8,0.0,0.0,
113,173,196,EEKPVAGSTAPASSGNRVSTTLGQ,Apo,8,11.715652,0.16699999999999998,
114,173,196,EEKPVAGSTAPASSGNRVSTTLGQ,Apo,8,13.148292999999999,1.0,
115,173,196,EEKPVAGSTAPASSGNRVSTTLGQ,Apo,8,11.754746,16.667002,
116,173,196,EEKPVAGSTAPASSGNRVSTTLGQ,Apo,8,11.754746,60,11.89420316957394
117,173,196,EEKPVAGSTAPASSGNRVSTTLGQ,Apo,8,11.969294999999999,83.333,
118,173,196,EEKPVAGSTAPASSGNRVSTTLGQ,Apo,8,13.89565,420.000031,
