,Start,End,Sequence,State,MaxUptake,Uptake,Exposure,Predicted Uptake (50)
0,3,9,SGRPEEL,Apo,5,0.0,0.0,
1,3,9,SGRPEEL,Apo,5,2.163293,0.005,
2,3,9,SGRPEEL,Apo,5,2.277043,0.05,
3,3,9,SGRPEEL,Apo,5,2.182404,0.5,
4,3,9,SGRPEEL,Apo,5,2.3544869999999998,5.0,
5,3,9,SGRPEEL,Apo,5,2.3544869999999998,50,2.1559850176446202
6,3,9,SGRPEEL,Apo,5,2.155985,50.000004,
7,10,16,WEAVVGA,Apo,5,0.0,0.0,
8,10,16,WEAVVGA,Apo,5,2.788505,0.005,
9,10,16,WEAVVGA,Apo,5,3.334198,0.05,
10,10,16,WEAVVGA,Apo,5,3.326082,0.5,
11,10,16,WEAVVGA,Apo,5,3.3586669999999996,5.0,
12,10,16,WEAVVGA,Apo,5,3.3586669999999996,50,3.325272002968444
13,10,16,WEAVVGA,Apo,5,3.325272,50.000004,
14,10,18,WEAVVGAAE,Apo,6,0.0,0.0,
15,10,18,WEAVVGAAE,Apo,6,4.202475,0.005,
16,10,18,WEAVVGAAE,Apo,6,4.757132,0.05,
17,10,18,WEAVVGAAE,Apo,6,4.767014,0.5,
18,10,18,WEAVVGAAE,Apo,6,4.791607,5.0,
19,10,18,WEAVVGAAE,Apo,6,4.791607,50,4.795768999630044
20,10,18,WEAVVGAAE,Apo,6,4.795769,50.000004,
21,12,27,AVVGAAERFRARTGTE,Apo,6,0.0,0.0,
22,12,27,AVVGAAERFRARTGTE,Apo,6,8.906285,0.005,
23,12,27,AVVGAAERFRARTGTE,Apo,6,9.026535,0.05,
24,12,27,AVVGAAERFRARTGTE,Apo,6,9.082875,0.5,
25,12,27,AVVGAAERFRARTGTE,Apo,6,9.235403,5.0,
26,12,27,AVVGAAERFRARTGTE,Apo,6,9.235403,50,9.068200014862487
27,12,27,AVVGAAERFRARTGTE,Apo,6,9.0682,50.000004,
28,14,20,VGAAERF,Apo,8,0.0,0.0,
29,14,20,VGAAERF,Apo,8,3.511358,0.005,
30,14,20,VGAAERF,Apo,8,3.6265080000000003,0.05,
31,14,20,VGAAERF,Apo,8,3.548865,0.5,
32,14,20,VGAAERF,Apo,8,3.6819230000000003,5.0,
33,14,20,VGAAERF,Apo,8,3.6819230000000003,50,3.7156729970000004
34,14,20,VGAAERF,Apo,8,3.7156730000000002,50.000004,
35,16,28,AAERFRARTGTEL,Apo,8,0.0,0.0,
36,16,28,AAERFRARTGTEL,Apo,8,5.995736,0.005,
37,16,28,AAERFRARTGTEL,Apo,8,6.134118,0.05,
38,16,28,AAERFRARTGTEL,Apo,8,6.124633,0.5,
39,16,28,AAERFRARTGTEL,Apo,8,6.179239,5.0,
40,16,28,AAERFRARTGTEL,Apo,8,6.179239,50,6.161474001579111
41,16,28,AAERFRARTGTEL,Apo,8,6.161474,50.000004,
42,17,27,AERFRARTGTE,Apo,15,0.0,0.0,
43,17,27,AERFRARTGTE,Apo,15,5.548373000000001,0.005,
44,17,27,AERFRARTGTE,Apo,15,5.656829,0.05,
45,17,27,AERFRARTGTE,Apo,15,5.639373,0.5,
46,17,27,AERFRARTGTE,Apo,15,5.757151,5.0,
47,17,27,AERFRARTGTE,Apo,15,5.757151,50,5.662044008453955
48,17,27,AERFRARTGTE,Apo,15,5.662044,50.000004,
49,31,54,LTAAPPPPPRPGPCAYPAHGRGAL,Apo,15,0.0,0.0,
50,31,54,LTAAPPPPPRPGPCAYPAHGRGAL,Apo,15,7.51531,0.005,
51,31,54,LTAAPPPPPRPGPCAYPAHGRGAL,Apo,15,7.5455190000000005,0.05,
52,31,54,LTAAPPPPPRPGPCAYPAHGRGAL,Apo,15,7.492782000000001,0.5,
53,31,54,LTAAPPPPPRPGPCAYPAHGRGAL,Apo,15,7.470044000000001,5.0,
54,31,54,LTAAPPPPPRPGPCAYPAHGRGAL,Apo,15,7.470044000000001,50,7.557049992266134
55,31,54,LTAAPPPPPRPGPCAYPAHGRGAL,Apo,15,7.55705,50.000004,
56,35,54,PPPPPRPGPCAYPAHGRGAL,Apo,6,0.0,0.0,
57,35,54,PPPPPRPGPCAYPAHGRGAL,Apo,6,6.423828,0.005,
58,35,54,PPPPPRPGPCAYPAHGRGAL,Apo,6,6.479326,0.05,
59,35,54,PPPPPRPGPCAYPAHGRGAL,Apo,6,6.320974,0.5,
60,35,54,PPPPPRPGPCAYPAHGRGAL,Apo,6,6.501953,5.0,
61,35,54,PPPPPRPGPCAYPAHGRGAL,Apo,6,6.501953,50,6.522999998129156
62,35,54,PPPPPRPGPCAYPAHGRGAL,Apo,6,6.523,50.000004,
63,51,60,RGALAEAARR,Apo,6,0.0,0.0,
64,51,60,RGALAEAARR,Apo,6,2.675398,0.005,
65,51,60,RGALAEAARR,Apo,6,2.95132,0.05,
66,51,60,RGALAEAARR,Apo,6,2.954677,0.5,
67,51,60,RGALAEAARR,Apo,6,2.932395,5.0,
68,51,60,RGALAEAARR,Apo,6,2.932395,50,2.9291340002898667
69,51,60,RGALAEAARR,Apo,6,2.929134,50.000004,
70,58,67,ARRCLHDIAL,Apo,12,0.0,0.0,
71,58,67,ARRCLHDIAL,Apo,12,2.366534,0.005,
72,58,67,ARRCLHDIAL,Apo,12,2.7296720000000003,0.05,
73,58,67,ARRCLHDIAL,Apo,12,2.798606,0.5,
74,58,67,ARRCLHDIAL,Apo,12,2.899286,5.0,
75,58,67,ARRCLHDIAL,Apo,12,2.899286,50,2.7783830107469325
76,58,67,ARRCLHDIAL,Apo,12,2.7783830000000003,50.000004,
77,65,99,IALAHRAATAARPPAPPPAPQPPSPTPSPPRPTLA,Apo,12,0.0,0.0,
78,65,99,IALAHRAATAARPPAPPPAPQPPSPTPSPPRPTLA,Apo,12,11.244155000000001,0.005,
79,65,99,IALAHRAATAARPPAPPPAPQPPSPTPSPPRPTLA,Apo,12,11.591408,0.05,
80,65,99,IALAHRAATAARPPAPPPAPQPPSPTPSPPRPTLA,Apo,12,11.512031,0.5,
81,65,99,IALAHRAATAARPPAPPPAPQPPSPTPSPPRPTLA,Apo,12,11.597576,5.0,
82,65,99,IALAHRAATAARPPAPPPAPQPPSPTPSPPRPTLA,Apo,12,11.597576,50,11.405411017081333
83,65,99,IALAHRAATAARPPAPPPAPQPPSPTPSPPRPTLA,Apo,12,11.405411,50.000004,
84,66,73,ALAHRAAT,Apo,10,0.0,0.0,
85,66,73,ALAHRAAT,Apo,10,2.8591729999999997,0.005,
86,66,73,ALAHRAAT,Apo,10,2.842086,0.05,
87,66,73,ALAHRAAT,Apo,10,2.6889830000000003,0.5,
88,66,73,ALAHRAAT,Apo,10,2.840027,5.0,
89,66,73,ALAHRAAT,Apo,10,2.840027,50,2.7548960075671993
90,66,73,ALAHRAAT,Apo,10,2.754896,50.000004,
91,69,75,HRAATAA,Apo,10,0.0,0.0,
92,69,75,HRAATAA,Apo,10,2.5763599999999998,0.005,
93,69,75,HRAATAA,Apo,10,2.781687,0.05,
94,69,75,HRAATAA,Apo,10,2.802885,0.5,
95,69,75,HRAATAA,Apo,10,2.92115,5.0,
96,69,75,HRAATAA,Apo,10,2.92115,50,2.9494409974852447
97,69,75,HRAATAA,Apo,10,2.949441,50.000004,
98,74,98,AARPPAPPPAPQPPSPTPSPPRPTL,Apo,15,0.0,0.0,
99,74,98,AARPPAPPPAPQPPSPTPSPPRPTL,Apo,15,6.9867,0.005,
100,74,98,AARPPAPPPAPQPPSPTPSPPRPTL,Apo,15,7.149063000000001,0.05,
101,74,98,AARPPAPPPAPQPPSPTPSPPRPTL,Apo,15,6.950111,0.5,
102,74,98,AARPPAPPPAPQPPSPTPSPPRPTL,Apo,15,7.021248,5.0,
103,74,98,AARPPAPPPAPQPPSPTPSPPRPTL,Apo,15,7.021248,50,6.984607003256978
104,74,98,AARPPAPPPAPQPPSPTPSPPRPTL,Apo,15,6.9846070000000005,50.000004,
105,82,102,PAPQPPSPTPSPPRPTLARED,Apo,15,0.0,0.0,
106,82,102,PAPQPPSPTPSPPRPTLARED,Apo,15,7.786144,0.005,
107,82,102,PAPQPPSPTPSPPRPTLARED,Apo,15,7.764659,0.05,
108,82,102,PAPQPPSPTPSPPRPTLARED,Apo,15,7.629848,0.5,
109,82,102,PAPQPPSPTPSPPRPTLARED,Apo,15,7.727991,5.0,
110,82,102,PAPQPPSPTPSPPRPTLARED,Apo,15,7.727991,50,7.6466430072309315
111,82,102,PAPQPPSPTPSPPRPTLARED,Apo,15,7.646642999999999,50.000004,
112,99,105,AREDNEE,Apo,11,0.0,0.0,
113,99,105,AREDNEE,Apo,11,1.8145919999999998,0.005,
114,99,105,AREDNEE,Apo,11,1.9697069999999999,0.05,
115,99,105,AREDNEE,Apo,11,1.9217419999999998,0.5,
116,99,105,AREDNEE,Apo,11,1.935976,5.0,
117,99,105,AREDNEE,Apo,11,1.935976,50,1.9595659979031113
118,99,105,AREDNEE,Apo,11,1.959566,50.000004,
119,99,112,AREDNEEDEDEPTE,Apo,11,0.0,0.0,
120,99,112,AREDNEEDEDEPTE,Apo,11,3.7015569999999998,0.005,
121,99,112,AREDNEEDEDEPTE,Apo,11,4.119484,0.05,
122,99,112,AREDNEEDEDEPTE,Apo,11,3.9911480000000004,0.5,
123,99,112,AREDNEEDEDEPTE,Apo,11,4.034947,5.0,
124,99,112,AREDNEEDEDEPTE,Apo,11,4.034947,50,4.024510000927734
125,99,112,AREDNEEDEDEPTE,Apo,11,4.02451,50.000004,
126,99,113,AREDNEEDEDEPTET,Apo,9,0.0,0.0,
127,99,113,AREDNEEDEDEPTET,Apo,9,4.228229,0.005,
128,99,113,AREDNEEDEDEPTET,Apo,9,4.604968,0.05,
129,99,113,AREDNEEDEDEPTET,Apo,9,4.578332,0.5,
130,99,113,AREDNEEDEDEPTET,Apo,9,4.554075,5.0,
131,99,113,AREDNEEDEDEPTET,Apo,9,4.554075,50,4.605363995440978
132,99,113,AREDNEEDEDEPTET,Apo,9,4.605364,50.000004,
133,99,114,AREDNEEDEDEPTETE,Apo,9,0.0,0.0,
134,99,114,AREDNEEDEDEPTETE,Apo,9,4.72365,0.005,
135,99,114,AREDNEEDEDEPTETE,Apo,9,5.282878,0.05,
136,99,114,AREDNEEDEDEPTETE,Apo,9,5.342898,0.5,
137,99,114,AREDNEEDEDEPTETE,Apo,9,5.405501999999999,5.0,
138,99,114,AREDNEEDEDEPTETE,Apo,9,5.405501999999999,50,5.358074004215822
139,99,114,AREDNEEDEDEPTETE,Apo,9,5.358074,50.000004,
140,99,120,AREDNEEDEDEPTETETSGEQL,Apo,9,0.0,0.0,
141,99,120,AREDNEEDEDEPTETETSGEQL,Apo,9,7.2648660000000005,0.005,
142,99,120,AREDNEEDEDEPTETETSGEQL,Apo,9,7.546013,0.05,
143,99,120,AREDNEEDEDEPTETETSGEQL,Apo,9,7.132542999999999,0.5,
144,99,120,AREDNEEDEDEPTETETSGEQL,Apo,9,7.455352,5.0,
145,99,120,AREDNEEDEDEPTETETSGEQL,Apo,9,7.455352,50,7.381832006535111
146,99,120,AREDNEEDEDEPTETETSGEQL,Apo,9,7.381832000000001,50.000004,
147,100,112,REDNEEDEDEPTE,Apo,9,0.0,0.0,
148,100,112,REDNEEDEDEPTE,Apo,9,3.250813,0.005,
149,100,112,REDNEEDEDEPTE,Apo,9,3.650406,0.05,
150,100,112,REDNEEDEDEPTE,Apo,9,3.7604830000000002,0.5,
151,100,112,REDNEEDEDEPTE,Apo,9,3.767382,5.0,
152,100,112,REDNEEDEDEPTE,Apo,9,3.767382,50,3.5515210191876423
153,100,112,REDNEEDEDEPTE,Apo,9,3.5515209999999997,50.000004,
154,106,112,DEDEPTE,Apo,21,0.0,0.0,
155,106,112,DEDEPTE,Apo,21,1.6472380000000002,0.005,
156,106,112,DEDEPTE,Apo,21,1.7703389999999999,0.05,
157,106,112,DEDEPTE,Apo,21,1.741997,0.5,
158,106,112,DEDEPTE,Apo,21,1.773051,5.0,
159,106,112,DEDEPTE,Apo,21,1.773051,50,1.7590950012405333
160,106,112,DEDEPTE,Apo,21,1.759095,50.000004,
161,106,113,DEDEPTET,Apo,21,0.0,0.0,
162,106,113,DEDEPTET,Apo,21,2.3828709999999997,0.005,
163,106,113,DEDEPTET,Apo,21,2.380538,0.05,
164,106,113,DEDEPTET,Apo,21,2.393011,0.5,
165,106,113,DEDEPTET,Apo,21,2.350921,5.0,
166,106,113,DEDEPTET,Apo,21,2.350921,50,2.2975530047438215
167,106,113,DEDEPTET,Apo,21,2.2975529999999997,50.000004,
168,106,119,DEDEPTETETSGEQ,Apo,7,0.0,0.0,
169,106,119,DEDEPTETETSGEQ,Apo,7,4.895379,0.005,
170,106,119,DEDEPTETETSGEQ,Apo,7,4.8783970000000005,0.05,
171,106,119,DEDEPTETETSGEQ,Apo,7,4.568061,0.5,
172,106,119,DEDEPTETETSGEQ,Apo,7,4.842194999999999,5.0,
173,106,119,DEDEPTETETSGEQ,Apo,7,4.842194999999999,50,4.7501430081824
174,106,119,DEDEPTETETSGEQ,Apo,7,4.7501430000000004,50.000004,
175,106,120,DEDEPTETETSGEQL,Apo,7,0.0,0.0,
176,106,120,DEDEPTETETSGEQL,Apo,7,5.552269,0.005,
177,106,120,DEDEPTETETSGEQL,Apo,7,5.421226,0.05,
178,106,120,DEDEPTETETSGEQL,Apo,7,5.235599,0.5,
179,106,120,DEDEPTETETSGEQL,Apo,7,5.431753,5.0,
180,106,120,DEDEPTETETSGEQL,Apo,7,5.431753,50,5.381775004442488
181,106,120,DEDEPTETETSGEQL,Apo,7,5.381775,50.000004,
182,106,128,DEDEPTETETSGEQLGISDNGGL,Apo,6,0.0,0.0,
183,106,128,DEDEPTETETSGEQLGISDNGGL,Apo,6,9.264826,0.005,
184,106,128,DEDEPTETETSGEQLGISDNGGL,Apo,6,9.057015,0.05,
185,106,128,DEDEPTETETSGEQLGISDNGGL,Apo,6,8.70111,0.5,
186,106,128,DEDEPTETETSGEQLGISDNGGL,Apo,6,8.877907,5.0,
187,106,128,DEDEPTETETSGEQLGISDNGGL,Apo,6,8.877907,50,8.751961011195199
188,106,128,DEDEPTETETSGEQLGISDNGGL,Apo,6,8.751961,50.000004,
189,107,118,EDEPTETETSGE,Apo,6,0.0,0.0,
190,107,118,EDEPTETETSGE,Apo,6,3.325942,0.005,
191,107,118,EDEPTETETSGE,Apo,6,3.500475,0.05,
192,107,118,EDEPTETETSGE,Apo,6,3.3775690000000003,0.5,
193,107,118,EDEPTETETSGE,Apo,6,3.5642110000000002,5.0,
194,107,118,EDEPTETETSGE,Apo,6,3.5642110000000002,50,3.5460730016122666
195,107,118,EDEPTETETSGE,Apo,6,3.5460730000000003,50.000004,
196,113,119,TETSGEQ,Apo,11,0.0,0.0,
197,113,119,TETSGEQ,Apo,11,2.636935,0.005,
198,113,119,TETSGEQ,Apo,11,2.644796,0.05,
199,113,119,TETSGEQ,Apo,11,2.612055,0.5,
200,113,119,TETSGEQ,Apo,11,2.623761,5.0,
201,113,119,TETSGEQ,Apo,11,2.623761,50,2.6575559969960003
202,113,119,TETSGEQ,Apo,11,2.657556,50.000004,
203,113,120,TETSGEQL,Apo,11,0.0,0.0,
204,113,120,TETSGEQL,Apo,11,3.145398,0.005,
205,113,120,TETSGEQL,Apo,11,3.109104,0.05,
206,113,120,TETSGEQL,Apo,11,3.146235,0.5,
207,113,120,TETSGEQL,Apo,11,3.097884,5.0,
208,113,120,TETSGEQL,Apo,11,3.097884,50,3.0994359998620444
209,113,120,TETSGEQL,Apo,11,3.099436,50.000004,
210,114,128,ETSGEQLGISDNGGL,Apo,11,0.0,0.0,
211,114,128,ETSGEQLGISDNGGL,Apo,11,5.541558,0.005,
212,114,128,ETSGEQLGISDNGGL,Apo,11,5.713261,0.05,
213,114,128,ETSGEQLGISDNGGL,Apo,11,5.336732,0.5,
214,114,128,ETSGEQLGISDNGGL,Apo,11,5.717491000000001,5.0,
215,114,128,ETSGEQLGISDNGGL,Apo,11,5.717491000000001,50,5.42770202575902
216,114,128,ETSGEQLGISDNGGL,Apo,11,5.427702,50.000004,
217,115,131,TSGEQLGISDNGGLFVM,Apo,11,0.0,0.0,
218,115,131,TSGEQLGISDNGGLFVM,Apo,11,6.538313,0.005,
219,115,131,TSGEQLGISDNGGLFVM,Apo,11,6.570105,0.05,
220,115,131,TSGEQLGISDNGGLFVM,Apo,11,6.310067,0.5,
221,115,131,TSGEQLGISDNGGLFVM,Apo,11,6.4451849999999995,5.0,
222,115,131,TSGEQLGISDNGGLFVM,Apo,11,6.4451849999999995,50,6.322240010928443
223,115,131,TSGEQLGISDNGGLFVM,Apo,11,6.32224,50.000004,
224,116,131,SGEQLGISDNGGLFVM,Apo,6,0.0,0.0,
225,116,131,SGEQLGISDNGGLFVM,Apo,6,5.682821,0.005,
226,116,131,SGEQLGISDNGGLFVM,Apo,6,5.604329,0.05,
227,116,131,SGEQLGISDNGGLFVM,Apo,6,5.324968,0.5,
228,116,131,SGEQLGISDNGGLFVM,Apo,6,5.570583999999999,5.0,
229,116,131,SGEQLGISDNGGLFVM,Apo,6,5.570583999999999,50,5.473819008601334
230,116,131,SGEQLGISDNGGLFVM,Apo,6,5.473819000000001,50.000004,
231,120,128,LGISDNGGL,Apo,6,0.0,0.0,
232,120,128,LGISDNGGL,Apo,6,3.432147,0.005,
233,120,128,LGISDNGGL,Apo,6,3.4844470000000003,0.05,
234,120,128,LGISDNGGL,Apo,6,3.4738550000000004,0.5,
235,120,128,LGISDNGGL,Apo,6,3.520068,5.0,
236,120,128,LGISDNGGL,Apo,6,3.520068,50,3.4969620020538668
237,120,128,LGISDNGGL,Apo,6,3.4969620000000003,50.000004,
238,121,128,GISDNGGL,Apo,12,0.0,0.0,
239,121,128,GISDNGGL,Apo,12,2.916321,0.005,
240,121,128,GISDNGGL,Apo,12,2.906157,0.05,
241,121,128,GISDNGGL,Apo,12,2.878875,0.5,
242,121,128,GISDNGGL,Apo,12,2.980971,5.0,
243,121,128,GISDNGGL,Apo,12,2.980971,50,2.915764005796177
244,121,128,GISDNGGL,Apo,12,2.915764,50.000004,
245,129,137,FVMDEDATL,Apo,12,0.0,0.0,
246,129,137,FVMDEDATL,Apo,12,1.8802560000000001,0.005,
247,129,137,FVMDEDATL,Apo,12,2.1102,0.05,
248,129,137,FVMDEDATL,Apo,12,2.20207,0.5,
249,129,137,FVMDEDATL,Apo,12,2.135456,5.0,
250,129,137,FVMDEDATL,Apo,12,2.135456,50,2.225422992002934
251,129,137,FVMDEDATL,Apo,12,2.225423,50.000004,
252,130,137,VMDEDATL,Apo,13,0.0,0.0,
253,130,137,VMDEDATL,Apo,13,2.554763,0.005,
254,130,137,VMDEDATL,Apo,13,2.681637,0.05,
255,130,137,VMDEDATL,Apo,13,2.667233,0.5,
256,130,137,VMDEDATL,Apo,13,2.653707,5.0,
257,130,137,VMDEDATL,Apo,13,2.653707,50,2.6609239993584892
258,130,137,VMDEDATL,Apo,13,2.660924,50.000004,
259,137,155,LQDLPPFCESDPESTDDGS,Apo,13,0.0,0.0,
260,137,155,LQDLPPFCESDPESTDDGS,Apo,13,4.789934,0.005,
261,137,155,LQDLPPFCESDPESTDDGS,Apo,13,5.004596,0.05,
262,137,155,LQDLPPFCESDPESTDDGS,Apo,13,5.165355,0.5,
263,137,155,LQDLPPFCESDPESTDDGS,Apo,13,4.997859,5.0,
264,137,155,LQDLPPFCESDPESTDDGS,Apo,13,4.997859,50,5.073211993301956
265,137,155,LQDLPPFCESDPESTDDGS,Apo,13,5.073212,50.000004,
266,138,156,QDLPPFCESDPESTDDGSL,Apo,14,0.0,0.0,
267,138,156,QDLPPFCESDPESTDDGSL,Apo,14,4.683403,0.005,
268,138,156,QDLPPFCESDPESTDDGSL,Apo,14,4.96954,0.05,
269,138,156,QDLPPFCESDPESTDDGSL,Apo,14,4.708089,0.5,
270,138,156,QDLPPFCESDPESTDDGSL,Apo,14,5.0379,5.0,
271,138,156,QDLPPFCESDPESTDDGSL,Apo,14,5.0379,50,4.965593006427288
272,138,156,QDLPPFCESDPESTDDGSL,Apo,14,4.965593,50.000004,
273,150,162,STDDGSLSEETPA,Apo,14,0.0,0.0,
274,150,162,STDDGSLSEETPA,Apo,14,3.0106599999999997,0.005,
275,150,162,STDDGSLSEETPA,Apo,14,3.149537,0.05,
276,150,162,STDDGSLSEETPA,Apo,14,3.193778,0.5,
277,150,162,STDDGSLSEETPA,Apo,14,3.232972,5.0,
278,150,162,STDDGSLSEETPA,Apo,14,3.232972,50,3.3271509916285344
279,150,162,STDDGSLSEETPA,Apo,14,3.327151,50.000004,
280,153,165,DGSLSEETPAGPP,Apo,20,0.0,0.0,
281,153,165,DGSLSEETPAGPP,Apo,20,4.639108,0.005,
282,153,165,DGSLSEETPAGPP,Apo,20,4.492983000000001,0.05,
283,153,165,DGSLSEETPAGPP,Apo,20,4.370316000000001,0.5,
284,153,165,DGSLSEETPAGPP,Apo,20,4.7935669999999995,5.0,
285,153,165,DGSLSEETPAGPP,Apo,20,4.7935669999999995,50,4.657575012088176
286,153,165,DGSLSEETPAGPP,Apo,20,4.657575,50.000004,
287,157,179,SEETPAGPPTCSVPPASALPTQQ,Apo,20,0.0,0.0,
288,157,179,SEETPAGPPTCSVPPASALPTQQ,Apo,20,8.293472,0.005,
289,157,179,SEETPAGPPTCSVPPASALPTQQ,Apo,20,8.400991000000001,0.05,
290,157,179,SEETPAGPPTCSVPPASALPTQQ,Apo,20,8.31225,0.5,
291,157,179,SEETPAGPPTCSVPPASALPTQQ,Apo,20,8.296821000000001,5.0,
292,157,179,SEETPAGPPTCSVPPASALPTQQ,Apo,20,8.296821000000001,50,8.29090700052569
293,157,179,SEETPAGPPTCSVPPASALPTQQ,Apo,20,8.290907,50.000004,
294,160,168,TPAGPPTCS,Apo,11,0.0,0.0,
295,160,168,TPAGPPTCS,Apo,11,2.142317,0.005,
296,160,168,TPAGPPTCS,Apo,11,2.212948,0.05,
297,160,168,TPAGPPTCS,Apo,11,2.2460240000000002,0.5,
298,160,168,TPAGPPTCS,Apo,11,2.2545759999999997,5.0,
299,160,168,TPAGPPTCS,Apo,11,2.2545759999999997,50,2.292095996664889
300,160,168,TPAGPPTCS,Apo,11,2.292096,50.000004,
301,172,189,ASALPTQQYAKSLPVSVP,Apo,11,0.0,0.0,
302,172,189,ASALPTQQYAKSLPVSVP,Apo,11,7.402807000000001,0.005,
303,172,189,ASALPTQQYAKSLPVSVP,Apo,11,7.810464,0.05,
304,172,189,ASALPTQQYAKSLPVSVP,Apo,11,7.795153999999999,0.5,
305,172,189,ASALPTQQYAKSLPVSVP,Apo,11,7.72922,5.0,
306,172,189,ASALPTQQYAKSLPVSVP,Apo,11,7.72922,50,7.838984990243113
307,172,189,ASALPTQQYAKSLPVSVP,Apo,11,7.838985000000001,50.000004,
308,180,188,YAKSLPVSV,Apo,5,0.0,0.0,
309,180,188,YAKSLPVSV,Apo,5,3.440317,0.005,
310,180,188,YAKSLPVSV,Apo,5,3.616883,0.05,
311,180,188,YAKSLPVSV,Apo,5,3.655297,0.5,
312,180,188,YAKSLPVSV,Apo,5,3.6996480000000003,5.0,
313,180,188,YAKSLPVSV,Apo,5,3.6996480000000003,50,3.5662570118569765
314,180,188,YAKSLPVSV,Apo,5,3.566257,50.000004,
315,180,193,YAKSLPVSVPVWGF,Apo,5,0.0,0.0,
316,180,193,YAKSLPVSVPVWGF,Apo,5,5.4508410000000005,0.005,
317,180,193,YAKSLPVSVPVWGF,Apo,5,5.777543,0.05,
318,180,193,YAKSLPVSVPVWGF,Apo,5,5.791947,0.5,
319,180,193,YAKSLPVSVPVWGF,Apo,5,5.725017,5.0,
320,180,193,YAKSLPVSVPVWGF,Apo,5,5.725017,50,5.710045001330844
321,180,193,YAKSLPVSVPVWGF,Apo,5,5.710045,50.000004,
322,181,188,AKSLPVSV,Apo,6,0.0,0.0,
323,181,188,AKSLPVSV,Apo,6,3.204452,0.005,
324,181,188,AKSLPVSV,Apo,6,3.4211489999999998,0.05,
325,181,188,AKSLPVSV,Apo,6,3.3289720000000003,0.5,
326,181,188,AKSLPVSV,Apo,6,3.248927,5.0,
327,181,188,AKSLPVSV,Apo,6,3.248927,50,3.252341999696444
328,181,188,AKSLPVSV,Apo,6,3.2523419999999996,50.000004,
329,193,215,FKEKRTEARSSDEENGPPSSPDL,Apo,6,0.0,0.0,
330,193,215,FKEKRTEARSSDEENGPPSSPDL,Apo,6,7.714402000000001,0.005,
331,193,215,FKEKRTEARSSDEENGPPSSPDL,Apo,6,8.003027000000001,0.05,
332,193,215,FKEKRTEARSSDEENGPPSSPDL,Apo,6,7.672316,0.5,
333,193,215,FKEKRTEARSSDEENGPPSSPDL,Apo,6,7.827391,5.0,
334,193,215,FKEKRTEARSSDEENGPPSSPDL,Apo,6,7.827391,50,7.839531998920801
335,193,215,FKEKRTEARSSDEENGPPSSPDL,Apo,6,7.839532000000001,50.000004,
336,201,215,RSSDEENGPPSSPDL,Apo,12,0.0,0.0,
337,201,215,RSSDEENGPPSSPDL,Apo,12,4.025739,0.005,
338,201,215,RSSDEENGPPSSPDL,Apo,12,4.197124,0.05,
339,201,215,RSSDEENGPPSSPDL,Apo,12,4.18139,0.5,
340,201,215,RSSDEENGPPSSPDL,Apo,12,4.167779,5.0,
341,201,215,RSSDEENGPPSSPDL,Apo,12,4.167779,50,4.134258002979644
342,201,215,RSSDEENGPPSSPDL,Apo,12,4.134258,50.000004,
343,216,224,DRIAASMRA,Apo,12,0.0,0.0,
344,216,224,DRIAASMRA,Apo,12,4.452111,0.005,
345,216,224,DRIAASMRA,Apo,12,4.9516279999999995,0.05,
346,216,224,DRIAASMRA,Apo,12,4.938681,0.5,
347,216,224,DRIAASMRA,Apo,12,4.935047,5.0,
348,216,224,DRIAASMRA,Apo,12,4.935047,50,4.893793003667022
349,216,224,DRIAASMRA,Apo,12,4.893793,50.000004,
350,228,235,REAEDTQV,Apo,13,0.0,0.0,
351,228,235,REAEDTQV,Apo,13,3.201921,0.005,
352,228,235,REAEDTQV,Apo,13,3.297506,0.05,
353,228,235,REAEDTQV,Apo,13,3.2769690000000002,0.5,
354,228,235,REAEDTQV,Apo,13,3.373542,5.0,
355,228,235,REAEDTQV,Apo,13,3.373542,50,3.3160570051097773
356,228,235,REAEDTQV,Apo,13,3.316057,50.000004,
357,228,244,REAEDTQVFGDLPRPRL,Apo,13,0.0,0.0,
358,228,244,REAEDTQVFGDLPRPRL,Apo,13,6.786123,0.005,
359,228,244,REAEDTQVFGDLPRPRL,Apo,13,7.165646000000001,0.05,
360,228,244,REAEDTQVFGDLPRPRL,Apo,13,7.0483910000000005,0.5,
361,228,244,REAEDTQVFGDLPRPRL,Apo,13,7.180084,5.0,
362,228,244,REAEDTQVFGDLPRPRL,Apo,13,7.180084,50,7.108474006365333
363,228,244,REAEDTQVFGDLPRPRL,Apo,13,7.108474,50.000004,
364,232,244,DTQVFGDLPRPRL,Apo,21,0.0,0.0,
365,232,244,DTQVFGDLPRPRL,Apo,21,5.3655919999999995,0.005,
366,232,244,DTQVFGDLPRPRL,Apo,21,5.715065,0.05,
367,232,244,DTQVFGDLPRPRL,Apo,21,5.627989,0.5,
368,232,244,DTQVFGDLPRPRL,Apo,21,5.763157,5.0,
369,232,244,DTQVFGDLPRPRL,Apo,21,5.763157,50,5.763889999934844
370,232,244,DTQVFGDLPRPRL,Apo,21,5.76389,50.000004,
371,235,244,VFGDLPRPRL,Apo,21,0.0,0.0,
372,235,244,VFGDLPRPRL,Apo,21,3.624365,0.005,
373,235,244,VFGDLPRPRL,Apo,21,3.670228,0.05,
374,235,244,VFGDLPRPRL,Apo,21,3.644965,0.5,
375,235,244,VFGDLPRPRL,Apo,21,3.693541,5.0,
376,235,244,VFGDLPRPRL,Apo,21,3.693541,50,3.6392500048258665
377,235,244,VFGDLPRPRL,Apo,21,3.63925,50.000004,
