,Start,End,Sequence,State,MaxUptake,Uptake,Exposure,Predicted Uptake (30)
0,131,137,SFTKHIC,apo,6,0,0,
1,131,137,SFTKHIC,apo,6,1.545584,0.5,
2,131,137,SFTKHIC,apo,6,1.425761,1,
3,131,137,SFTKHIC,apo,6,1.447883,3,
4,131,137,SFTKHIC,apo,6,1.478729,10,
5,131,137,SFTKHIC,apo,6,1.478729,30,1.480329
6,131,137,SFTKHIC,apo,6,1.480329,30.000002,
7,138,149,AICGDRSSGKHY,apo,6,0,0,
8,138,149,AICGDRSSGKHY,apo,6,2.278143,0.5,
9,138,149,AICGDRSSGKHY,apo,6,2.069048,1,
10,138,149,AICGDRSSGKHY,apo,6,2.210236,3,
11,138,149,AICGDRSSGKHY,apo,6,2.438593,10,
12,138,149,AICGDRSSGKHY,apo,6,2.438593,30,2.454692998
13,138,149,AICGDRSSGKHY,apo,6,2.454693,30.000002,
14,138,151,AICGDRSSGKHYGV,apo,6,0,0,
15,138,151,AICGDRSSGKHYGV,apo,6,2.400431,0.5,
16,138,151,AICGDRSSGKHYGV,apo,6,2.205065,1,
17,138,151,AICGDRSSGKHYGV,apo,6,2.517278,3,
18,138,151,AICGDRSSGKHYGV,apo,6,2.855464,10,
19,138,151,AICGDRSSGKHYGV,apo,6,2.855464,30,2.920671993
20,138,151,AICGDRSSGKHYGV,apo,6,2.920672,30.000002,
21,138,152,AICGDRSSGKHYGVY,apo,11,0,0,
22,138,152,AICGDRSSGKHYGVY,apo,11,3.491958,0.5,
23,138,152,AICGDRSSGKHYGVY,apo,11,3.39637,1,
24,138,152,AICGDRSSGKHYGVY,apo,11,3.674415,3,
25,138,152,AICGDRSSGKHYGVY,apo,11,4.0626,10,
26,138,152,AICGDRSSGKHYGVY,apo,11,4.0626,30,4.133634993
27,138,152,AICGDRSSGKHYGVY,apo,11,4.133635,30.000002,
28,138,154,AICGDRSSGKHYGVYSC,apo,11,0,0,
29,138,154,AICGDRSSGKHYGVYSC,apo,11,3.570288,0.5,
30,138,154,AICGDRSSGKHYGVYSC,apo,11,3.399614,1,
31,138,154,AICGDRSSGKHYGVYSC,apo,11,3.794838,3,
32,138,154,AICGDRSSGKHYGVYSC,apo,11,4.361239,10,
33,138,154,AICGDRSSGKHYGVYSC,apo,11,4.361239,30,4.654287971
34,138,154,AICGDRSSGKHYGVYSC,apo,11,4.654288,30.000002,
35,139,152,ICGDRSSGKHYGVY,apo,11,0,0,
36,139,152,ICGDRSSGKHYGVY,apo,11,3.016548,0.5,
37,139,152,ICGDRSSGKHYGVY,apo,11,2.941578,1,
38,139,152,ICGDRSSGKHYGVY,apo,11,3.245227,3,
39,139,152,ICGDRSSGKHYGVY,apo,11,3.55695,10,
40,139,152,ICGDRSSGKHYGVY,apo,11,3.55695,30,3.601091996
41,139,152,ICGDRSSGKHYGVY,apo,11,3.601092,30.000002,
42,139,154,ICGDRSSGKHYGVYSC,apo,13,0,0,
43,139,154,ICGDRSSGKHYGVYSC,apo,13,3.528517,0.5,
44,139,154,ICGDRSSGKHYGVYSC,apo,13,3.470532,1,
45,139,154,ICGDRSSGKHYGVYSC,apo,13,3.675077,3,
46,139,154,ICGDRSSGKHYGVYSC,apo,13,4.226309,10,
47,139,154,ICGDRSSGKHYGVYSC,apo,13,4.226309,30,4.575565965
48,139,154,ICGDRSSGKHYGVYSC,apo,13,4.575566,30.000002,
49,140,152,CGDRSSGKHYGVY,apo,13,0,0,
50,140,152,CGDRSSGKHYGVY,apo,13,2.675446,0.5,
51,140,152,CGDRSSGKHYGVY,apo,13,2.559628,1,
52,140,152,CGDRSSGKHYGVY,apo,13,2.803964,3,
53,140,152,CGDRSSGKHYGVY,apo,13,3.062304,10,
54,140,152,CGDRSSGKHYGVY,apo,13,3.062304,30,3.043382002
55,140,152,CGDRSSGKHYGVY,apo,13,3.043382,30.000002,
56,140,154,CGDRSSGKHYGVYSC,apo,13,0,0,
57,140,154,CGDRSSGKHYGVYSC,apo,13,2.945881,0.5,
58,140,154,CGDRSSGKHYGVYSC,apo,13,2.673879,1,
59,140,154,CGDRSSGKHYGVYSC,apo,13,3.115092,3,
60,140,154,CGDRSSGKHYGVYSC,apo,13,3.555502,10,
61,140,154,CGDRSSGKHYGVYSC,apo,13,3.555502,30,3.887190967
62,140,154,CGDRSSGKHYGVYSC,apo,13,3.887191,30.000002,
63,143,154,RSSGKHYGVYSC,apo,14,0,0,
64,143,154,RSSGKHYGVYSC,apo,14,2.817469,0.5,
65,143,154,RSSGKHYGVYSC,apo,14,2.700834,1,
66,143,154,RSSGKHYGVYSC,apo,14,2.955004,3,
67,143,154,RSSGKHYGVYSC,apo,14,3.508495,10,
68,143,154,RSSGKHYGVYSC,apo,14,3.508495,30,3.684046982
69,143,154,RSSGKHYGVYSC,apo,14,3.684047,30.000002,
70,149,168,YGVYSCEGCKGFFKRTVRKD,apo,14,0,0,
71,149,168,YGVYSCEGCKGFFKRTVRKD,apo,14,6.559093,0.5,
72,149,168,YGVYSCEGCKGFFKRTVRKD,apo,14,6.513333,1,
73,149,168,YGVYSCEGCKGFFKRTVRKD,apo,14,7.032375,3,
74,149,168,YGVYSCEGCKGFFKRTVRKD,apo,14,7.352359,10,
75,149,168,YGVYSCEGCKGFFKRTVRKD,apo,14,7.352359,30,7.75538096
76,149,168,YGVYSCEGCKGFFKRTVRKD,apo,14,7.755381,30.000002,
77,152,160,YSCEGCKGF,apo,14,0,0,
78,152,160,YSCEGCKGF,apo,14,1.813243,0.5,
79,152,160,YSCEGCKGF,apo,14,1.519026,1,
80,152,160,YSCEGCKGF,apo,14,1.636869,3,
81,152,160,YSCEGCKGF,apo,14,1.882447,10,
82,152,160,YSCEGCKGF,apo,14,1.882447,30,2.065106982
83,152,160,YSCEGCKGF,apo,14,2.065107,30.000002,
84,153,160,SCEGCKGF,apo,16,0,0,
85,153,160,SCEGCKGF,apo,16,1.354878,0.5,
86,153,160,SCEGCKGF,apo,16,1.21181,1,
87,153,160,SCEGCKGF,apo,16,1.293958,3,
88,153,160,SCEGCKGF,apo,16,1.465697,10,
89,153,160,SCEGCKGF,apo,16,1.465697,30,1.709137976
90,153,160,SCEGCKGF,apo,16,1.709138,30.000002,
91,155,160,EGCKGF,apo,16,0,0,
92,155,160,EGCKGF,apo,16,1.068534,0.5,
93,155,160,EGCKGF,apo,16,0.991634,1,
94,155,160,EGCKGF,apo,16,1.0255,3,
95,155,160,EGCKGF,apo,16,1.214732,10,
96,155,160,EGCKGF,apo,16,1.214732,30,1.299581992
97,155,160,EGCKGF,apo,16,1.299582,30.000002,
98,164,169,TVRKDL,apo,16,0,0,
99,164,169,TVRKDL,apo,16,1.239623,0.5,
100,164,169,TVRKDL,apo,16,1.584829,1,
101,164,169,TVRKDL,apo,16,2.094077,3,
102,164,169,TVRKDL,apo,16,2.369069,10,
103,164,169,TVRKDL,apo,16,2.369069,30,2.384207998
104,164,169,TVRKDL,apo,16,2.384208,30.000002,
105,166,174,RKDLTYTCR,apo,13,0,0,
106,166,174,RKDLTYTCR,apo,13,3.313416,0.5,
107,166,174,RKDLTYTCR,apo,13,3.04863,1,
108,166,174,RKDLTYTCR,apo,13,3.195239,3,
109,166,174,RKDLTYTCR,apo,13,3.531992,10,
110,166,174,RKDLTYTCR,apo,13,3.531992,30,3.508322002
111,166,174,RKDLTYTCR,apo,13,3.508322,30.000002,
112,169,175,LTYTCRD,apo,13,0,0,
113,169,175,LTYTCRD,apo,13,2.802434,0.5,
114,169,175,LTYTCRD,apo,13,2.684454,1,
115,169,175,LTYTCRD,apo,13,2.783526,3,
116,169,175,LTYTCRD,apo,13,2.882765,10,
117,169,175,LTYTCRD,apo,13,2.882765,30,2.919341996
118,169,175,LTYTCRD,apo,13,2.919342,30.000002,
119,170,175,TYTCRD,apo,13,0,0,
120,170,175,TYTCRD,apo,13,2.423215,0.5,
121,170,175,TYTCRD,apo,13,2.308794,1,
122,170,175,TYTCRD,apo,13,2.193604,3,
123,170,175,TYTCRD,apo,13,2.638905,10,
124,170,175,TYTCRD,apo,13,2.638905,30,2.621301002
125,170,175,TYTCRD,apo,13,2.621301,30.000002,
126,180,191,LIDKRQRNRCQY,apo,15,0,0,
127,180,191,LIDKRQRNRCQY,apo,15,4.547597,0.5,
128,180,191,LIDKRQRNRCQY,apo,15,4.206465,1,
129,180,191,LIDKRQRNRCQY,apo,15,4.475915,3,
130,180,191,LIDKRQRNRCQY,apo,15,4.900227,10,
131,180,191,LIDKRQRNRCQY,apo,15,4.900227,30,4.943145996
132,180,191,LIDKRQRNRCQY,apo,15,4.943146,30.000002,
133,181,191,IDKRQRNRCQY,apo,15,0,0,
134,181,191,IDKRQRNRCQY,apo,15,3.644904,0.5,
135,181,191,IDKRQRNRCQY,apo,15,3.355559,1,
136,181,191,IDKRQRNRCQY,apo,15,3.611132,3,
137,181,191,IDKRQRNRCQY,apo,15,3.988386,10,
138,181,191,IDKRQRNRCQY,apo,15,3.988386,30,3.985868
139,181,191,IDKRQRNRCQY,apo,15,3.985868,30.000002,
140,187,191,NRCQY,apo,15,0,0,
141,187,191,NRCQY,apo,15,1.314264,0.5,
142,187,191,NRCQY,apo,15,1.276122,1,
143,187,191,NRCQY,apo,15,1.500591,3,
144,187,191,NRCQY,apo,15,1.832939,10,
145,187,191,NRCQY,apo,15,1.832939,30,1.825630001
146,187,191,NRCQY,apo,15,1.82563,30.000002,
147,197,202,CLAMGM,apo,12,0,0,
148,197,202,CLAMGM,apo,12,0.616039,0.5,
149,197,202,CLAMGM,apo,12,0.593749,1,
150,197,202,CLAMGM,apo,12,0.845504,3,
151,197,202,CLAMGM,apo,12,1.096114,10,
152,197,202,CLAMGM,apo,12,1.096114,30,1.258778984
153,197,202,CLAMGM,apo,12,1.258779,30.000002,
154,197,203,CLAMGMK,apo,12,0,0,
155,197,203,CLAMGMK,apo,12,0.721852,0.5,
156,197,203,CLAMGMK,apo,12,0.717907,1,
157,197,203,CLAMGMK,apo,12,0.909419,3,
158,197,203,CLAMGMK,apo,12,1.37518,10,
159,197,203,CLAMGMK,apo,12,1.37518,30,1.737312964
160,197,203,CLAMGMK,apo,12,1.737313,30.000002,
161,199,205,AMGMKRE,apo,12,0,0,
162,199,205,AMGMKRE,apo,12,1.8084,0.5,
163,199,205,AMGMKRE,apo,12,1.571055,1,
164,199,205,AMGMKRE,apo,12,1.808552,3,
165,199,205,AMGMKRE,apo,12,2.258521,10,
166,199,205,AMGMKRE,apo,12,2.258521,30,2.522872974
167,199,205,AMGMKRE,apo,12,2.522873,30.000002,
168,199,206,AMGMKREA,apo,14,0,0,
169,199,206,AMGMKREA,apo,14,1.995511,0.5,
170,199,206,AMGMKREA,apo,14,1.871845,1,
171,199,206,AMGMKREA,apo,14,2.091742,3,
172,199,206,AMGMKREA,apo,14,2.462758,10,
173,199,206,AMGMKREA,apo,14,2.462758,30,2.716564975
174,199,206,AMGMKREA,apo,14,2.716565,30.000002,
175,221,231,EVESTSSANED,apo,14,0,0,
176,221,231,EVESTSSANED,apo,14,5.217247,0.5,
177,221,231,EVESTSSANED,apo,14,4.618301,1,
178,221,231,EVESTSSANED,apo,14,4.599435,3,
179,221,231,EVESTSSANED,apo,14,4.914379,10,
180,221,231,EVESTSSANED,apo,14,4.914379,30,4.885800003
181,221,231,EVESTSSANED,apo,14,4.8858,30.000002,
182,237,242,ILEAEL,apo,14,0,0,
183,237,242,ILEAEL,apo,14,0.303663,0.5,
184,237,242,ILEAEL,apo,14,0.45105,1,
185,237,242,ILEAEL,apo,14,0.959659,3,
186,237,242,ILEAEL,apo,14,1.968062,10,
187,237,242,ILEAEL,apo,14,1.968062,30,2.588012938
188,237,242,ILEAEL,apo,14,2.588013,30.000002,
189,239,242,EAEL,apo,11,0,0,
190,239,242,EAEL,apo,11,0.176446,0.5,
191,239,242,EAEL,apo,11,0.281564,1,
192,239,242,EAEL,apo,11,0.516026,3,
193,239,242,EAEL,apo,11,0.986387,10,
194,239,242,EAEL,apo,11,0.986387,30,1.339912965
195,239,242,EAEL,apo,11,1.339913,30.000002,
196,242,249,LAVEPKTE,apo,11,0,0,
197,242,249,LAVEPKTE,apo,11,3.172263,0.5,
198,242,249,LAVEPKTE,apo,11,3.233063,1,
199,242,249,LAVEPKTE,apo,11,3.377729,3,
200,242,249,LAVEPKTE,apo,11,3.51715,10,
201,242,249,LAVEPKTE,apo,11,3.51715,30,3.584721993
202,242,249,LAVEPKTE,apo,11,3.584722,30.000002,
203,242,251,LAVEPKTETY,apo,11,0,0,
204,242,251,LAVEPKTETY,apo,11,4.22511,0.5,
205,242,251,LAVEPKTETY,apo,11,3.973418,1,
206,242,251,LAVEPKTETY,apo,11,4.190215,3,
207,242,251,LAVEPKTETY,apo,11,4.329414,10,
208,242,251,LAVEPKTETY,apo,11,4.329414,30,4.318557001
209,242,251,LAVEPKTETY,apo,11,4.318557,30.000002,
210,243,251,AVEPKTETY,apo,19,0,0,
211,243,251,AVEPKTETY,apo,19,4.157472,0.5,
212,243,251,AVEPKTETY,apo,19,3.779476,1,
213,243,251,AVEPKTETY,apo,19,3.820611,3,
214,243,251,AVEPKTETY,apo,19,3.976143,10,
215,243,251,AVEPKTETY,apo,19,3.976143,30,3.978758
216,243,251,AVEPKTETY,apo,19,3.978758,30.000002,
217,245,251,EPKTETY,apo,19,0,0,
218,245,251,EPKTETY,apo,19,3.304344,0.5,
219,245,251,EPKTETY,apo,19,3.18394,1,
220,245,251,EPKTETY,apo,19,3.119611,3,
221,245,251,EPKTETY,apo,19,3.289416,10,
222,245,251,EPKTETY,apo,19,3.289416,30,3.245541004
223,245,251,EPKTETY,apo,19,3.245541,30.000002,
224,252,257,VEANMG,apo,19,0,0,
225,252,257,VEANMG,apo,19,2.547997,0.5,
226,252,257,VEANMG,apo,19,2.322598,1,
227,252,257,VEANMG,apo,19,2.302244,3,
228,252,257,VEANMG,apo,19,2.402376,10,
229,252,257,VEANMG,apo,19,2.402376,30,2.384327002
230,252,257,VEANMG,apo,19,2.384327,30.000002,
231,252,269,VEANMGLNPSSPNDPVTN,apo,8,0,0,
232,252,269,VEANMGLNPSSPNDPVTN,apo,8,8.195643,0.5,
233,252,269,VEANMGLNPSSPNDPVTN,apo,8,7.39344,1,
234,252,269,VEANMGLNPSSPNDPVTN,apo,8,7.434455,3,
235,252,269,VEANMGLNPSSPNDPVTN,apo,8,7.746376,10,
236,252,269,VEANMGLNPSSPNDPVTN,apo,8,7.746376,30,7.762590998
237,252,269,VEANMGLNPSSPNDPVTN,apo,8,7.762591,30.000002,
238,254,269,ANMGLNPSSPNDPVTN,apo,8,0,0,
239,254,269,ANMGLNPSSPNDPVTN,apo,8,6.612367,0.5,
240,254,269,ANMGLNPSSPNDPVTN,apo,8,6.001871,1,
241,254,269,ANMGLNPSSPNDPVTN,apo,8,6.038766,3,
242,254,269,ANMGLNPSSPNDPVTN,apo,8,6.25365,10,
243,254,269,ANMGLNPSSPNDPVTN,apo,8,6.25365,30,6.300153995
244,254,269,ANMGLNPSSPNDPVTN,apo,8,6.300154,30.000002,
245,255,269,NMGLNPSSPNDPVTN,apo,8,0,0,
246,255,269,NMGLNPSSPNDPVTN,apo,8,6.017892,0.5,
247,255,269,NMGLNPSSPNDPVTN,apo,8,5.366585,1,
248,255,269,NMGLNPSSPNDPVTN,apo,8,5.453545,3,
249,255,269,NMGLNPSSPNDPVTN,apo,8,5.706865,10,
250,255,269,NMGLNPSSPNDPVTN,apo,8,5.706865,30,5.661670005
251,255,269,NMGLNPSSPNDPVTN,apo,8,5.66167,30.000002,
252,270,278,ICQAADKQL,apo,7,0,0,
253,270,278,ICQAADKQL,apo,7,4.60966,0.5,
254,270,278,ICQAADKQL,apo,7,4.142794,1,
255,270,278,ICQAADKQL,apo,7,4.151383,3,
256,270,278,ICQAADKQL,apo,7,4.359606,10,
257,270,278,ICQAADKQL,apo,7,4.359606,30,4.349131001
258,270,278,ICQAADKQL,apo,7,4.349131,30.000002,
259,272,278,QAADKQL,apo,7,0,0,
260,272,278,QAADKQL,apo,7,3.263187,0.5,
261,272,278,QAADKQL,apo,7,2.919874,1,
262,272,278,QAADKQL,apo,7,2.907365,3,
263,272,278,QAADKQL,apo,7,3.08634,10,
264,272,278,QAADKQL,apo,7,3.08634,30,3.116512997
265,272,278,QAADKQL,apo,7,3.116513,30.000002,
266,277,281,QLFTL,apo,7,0,0,
267,277,281,QLFTL,apo,7,2.272487,0.5,
268,277,281,QLFTL,apo,7,2.045196,1,
269,277,281,QLFTL,apo,7,2.076053,3,
270,277,281,QLFTL,apo,7,2.174978,10,
271,277,281,QLFTL,apo,7,2.174978,30,2.164017001
272,277,281,QLFTL,apo,7,2.164017,30.000002,
273,282,294,VEWAKRIPHFSEL,apo,5,0,0,
274,282,294,VEWAKRIPHFSEL,apo,5,0.585615,0.5,
275,282,294,VEWAKRIPHFSEL,apo,5,0.743022,1,
276,282,294,VEWAKRIPHFSEL,apo,5,0.963117,3,
277,282,294,VEWAKRIPHFSEL,apo,5,1.007208,10,
278,282,294,VEWAKRIPHFSEL,apo,5,1.007208,30,0.992502001
279,282,294,VEWAKRIPHFSEL,apo,5,0.992502,30.000002,
280,284,294,WAKRIPHFSEL,apo,5,0,0,
281,284,294,WAKRIPHFSEL,apo,5,0.593008,0.5,
282,284,294,WAKRIPHFSEL,apo,5,0.717209,1,
283,284,294,WAKRIPHFSEL,apo,5,0.897347,3,
284,284,294,WAKRIPHFSEL,apo,5,0.98089,10,
285,284,294,WAKRIPHFSEL,apo,5,0.98089,30,0.996072998
286,284,294,WAKRIPHFSEL,apo,5,0.996073,30.000002,
287,285,293,AKRIPHFSE,apo,5,0,0,
288,285,293,AKRIPHFSE,apo,5,0.608735,0.5,
289,285,293,AKRIPHFSE,apo,5,0.684176,1,
290,285,293,AKRIPHFSE,apo,5,0.88937,3,
291,285,293,AKRIPHFSE,apo,5,0.975005,10,
292,285,293,AKRIPHFSE,apo,5,0.975005,30,0.994805998
293,285,293,AKRIPHFSE,apo,5,0.994806,30.000002,
294,285,294,AKRIPHFSEL,apo,5,0,0,
295,285,294,AKRIPHFSEL,apo,5,0.486039,0.5,
296,285,294,AKRIPHFSEL,apo,5,0.589694,1,
297,285,294,AKRIPHFSEL,apo,5,0.880346,3,
298,285,294,AKRIPHFSEL,apo,5,0.95065,10,
299,285,294,AKRIPHFSEL,apo,5,0.95065,30,0.956694999
300,285,294,AKRIPHFSEL,apo,5,0.956695,30.000002,
301,285,298,AKRIPHFSELPLDD,apo,5,0,0,
302,285,298,AKRIPHFSELPLDD,apo,5,1.439152,0.5,
303,285,298,AKRIPHFSELPLDD,apo,5,1.533686,1,
304,285,298,AKRIPHFSELPLDD,apo,5,1.768632,3,
305,285,298,AKRIPHFSELPLDD,apo,5,1.807583,10,
306,285,298,AKRIPHFSELPLDD,apo,5,1.807583,30,1.830898998
307,285,298,AKRIPHFSELPLDD,apo,5,1.830899,30.000002,
308,288,294,IPHFSEL,apo,5,0,0,
309,288,294,IPHFSEL,apo,5,0.551952,0.5,
310,288,294,IPHFSEL,apo,5,0.672985,1,
311,288,294,IPHFSEL,apo,5,0.899822,3,
312,288,294,IPHFSEL,apo,5,0.973815,10,
313,288,294,IPHFSEL,apo,5,0.973815,30,0.976276
314,288,294,IPHFSEL,apo,5,0.976276,30.000002,
315,290,294,HFSEL,apo,8,0,0,
316,290,294,HFSEL,apo,8,0.163173,0.5,
317,290,294,HFSEL,apo,8,0.133078,1,
318,290,294,HFSEL,apo,8,0.137076,3,
319,290,294,HFSEL,apo,8,0.147027,10,
320,290,294,HFSEL,apo,8,0.147027,30,0.184581996
321,290,294,HFSEL,apo,8,0.184582,30.000002,
322,291,303,FSELPLDDQVILL,apo,8,0,0,
323,291,303,FSELPLDDQVILL,apo,8,5.554117,0.5,
324,291,303,FSELPLDDQVILL,apo,8,4.948688,1,
325,291,303,FSELPLDDQVILL,apo,8,5.081204,3,
326,291,303,FSELPLDDQVILL,apo,8,5.431097,10,
327,291,303,FSELPLDDQVILL,apo,8,5.431097,30,5.541431989
328,291,303,FSELPLDDQVILL,apo,8,5.541432,30.000002,
329,295,298,PLDD,apo,8,0,0,
330,295,298,PLDD,apo,8,0.429302,0.5,
331,295,298,PLDD,apo,8,0.492136,1,
332,295,298,PLDD,apo,8,0.589219,3,
333,295,298,PLDD,apo,8,0.633162,10,
334,295,298,PLDD,apo,8,0.633162,30,0.673947996
335,295,298,PLDD,apo,8,0.673948,30.000002,
336,303,307,LRAGW,apo,6,0,0,
337,303,307,LRAGW,apo,6,0.304083,0.5,
338,303,307,LRAGW,apo,6,0.349897,1,
339,303,307,LRAGW,apo,6,0.448937,3,
340,303,307,LRAGW,apo,6,0.497759,10,
341,303,307,LRAGW,apo,6,0.497759,30,0.59954599
342,303,307,LRAGW,apo,6,0.599546,30.000002,
343,303,310,LRAGWNEL,apo,6,0,0,
344,303,310,LRAGWNEL,apo,6,0.377379,0.5,
345,303,310,LRAGWNEL,apo,6,0.504294,1,
346,303,310,LRAGWNEL,apo,6,0.664302,3,
347,303,310,LRAGWNEL,apo,6,0.840918,10,
348,303,310,LRAGWNEL,apo,6,0.840918,30,1.185494966
349,303,310,LRAGWNEL,apo,6,1.185495,30.000002,
350,311,319,LIASFSHRS,apo,6,0,0,
351,311,319,LIASFSHRS,apo,6,0.521105,0.5,
352,311,319,LIASFSHRS,apo,6,0.733626,1,
353,311,319,LIASFSHRS,apo,6,0.948617,3,
354,311,319,LIASFSHRS,apo,6,1.045053,10,
355,311,319,LIASFSHRS,apo,6,1.045053,30,1.303538974
356,311,319,LIASFSHRS,apo,6,1.303539,30.000002,
357,311,323,LIASFSHRSIAVK,apo,5,0,0,
358,311,323,LIASFSHRSIAVK,apo,5,2.318466,0.5,
359,311,323,LIASFSHRSIAVK,apo,5,2.423868,1,
360,311,323,LIASFSHRSIAVK,apo,5,2.938549,3,
361,311,323,LIASFSHRSIAVK,apo,5,3.500161,10,
362,311,323,LIASFSHRSIAVK,apo,5,3.500161,30,3.865146964
363,311,323,LIASFSHRSIAVK,apo,5,3.865147,30.000002,
364,312,315,IASF,apo,5,0,0,
365,312,315,IASF,apo,5,0.199622,0.5,
366,312,315,IASF,apo,5,0.160597,1,
367,312,315,IASF,apo,5,0.219547,3,
368,312,315,IASF,apo,5,0.267739,10,
369,312,315,IASF,apo,5,0.267739,30,0.417171985
370,312,315,IASF,apo,5,0.417172,30.000002,
371,312,319,IASFSHRS,apo,5,0,0,
372,312,319,IASFSHRS,apo,5,0.528031,0.5,
373,312,319,IASFSHRS,apo,5,0.59314,1,
374,312,319,IASFSHRS,apo,5,0.674035,3,
375,312,319,IASFSHRS,apo,5,0.90697,10,
376,312,319,IASFSHRS,apo,5,0.90697,30,1.113654979
377,312,319,IASFSHRS,apo,5,1.113655,30.000002,
378,312,321,IASFSHRSIA,apo,11,0,0,
379,312,321,IASFSHRSIA,apo,11,1.251316,0.5,
380,312,321,IASFSHRSIA,apo,11,1.25046,1,
381,312,321,IASFSHRSIA,apo,11,1.492022,3,
382,312,321,IASFSHRSIA,apo,11,1.90208,10,
383,312,321,IASFSHRSIA,apo,11,1.90208,30,2.19904897
384,312,321,IASFSHRSIA,apo,11,2.199049,30.000002,
385,312,323,IASFSHRSIAVK,apo,11,0,0,
386,312,323,IASFSHRSIAVK,apo,11,2.203343,0.5,
387,312,323,IASFSHRSIAVK,apo,11,2.324841,1,
388,312,323,IASFSHRSIAVK,apo,11,2.796122,3,
389,312,323,IASFSHRSIAVK,apo,11,3.290409,10,
390,312,323,IASFSHRSIAVK,apo,11,3.290409,30,3.599945969
391,312,323,IASFSHRSIAVK,apo,11,3.599946,30.000002,
392,313,321,ASFSHRSIA,apo,11,0,0,
393,313,321,ASFSHRSIA,apo,11,0.902395,0.5,
394,313,321,ASFSHRSIA,apo,11,0.922387,1,
395,313,321,ASFSHRSIA,apo,11,1.04742,3,
396,313,321,ASFSHRSIA,apo,11,1.377529,10,
397,313,321,ASFSHRSIA,apo,11,1.377529,30,1.560505982
398,313,321,ASFSHRSIA,apo,11,1.560506,30.000002,
399,314,321,SFSHRSIA,apo,10,0,0,
400,314,321,SFSHRSIA,apo,10,0.81994,0.5,
401,314,321,SFSHRSIA,apo,10,0.891672,1,
402,314,321,SFSHRSIA,apo,10,1.062415,3,
403,314,321,SFSHRSIA,apo,10,1.29955,10,
404,314,321,SFSHRSIA,apo,10,1.29955,30,1.609113969
405,314,321,SFSHRSIA,apo,10,1.609114,30.000002,
406,322,327,VKDGIL,apo,10,0,0,
407,322,327,VKDGIL,apo,10,1.485704,0.5,
408,322,327,VKDGIL,apo,10,1.625594,1,
409,322,327,VKDGIL,apo,10,2.001681,3,
410,322,327,VKDGIL,apo,10,2.114489,10,
411,322,327,VKDGIL,apo,10,2.114489,30,2.109414001
412,322,327,VKDGIL,apo,10,2.109414,30.000002,
413,322,328,VKDGILL,apo,10,0,0,
414,322,328,VKDGILL,apo,10,1.412951,0.5,
415,322,328,VKDGILL,apo,10,1.601958,1,
416,322,328,VKDGILL,apo,10,2.026345,3,
417,322,328,VKDGILL,apo,10,2.3127,10,
418,322,328,VKDGILL,apo,10,2.3127,30,2.339119997
419,322,328,VKDGILL,apo,10,2.33912,30.000002,
420,324,328,DGILL,apo,4,0,0,
421,324,328,DGILL,apo,4,0.990521,0.5,
422,324,328,DGILL,apo,4,1.378935,1,
423,324,328,DGILL,apo,4,1.879014,3,
424,324,328,DGILL,apo,4,2.085189,10,
425,324,328,DGILL,apo,4,2.085189,30,2.097971999
426,324,328,DGILL,apo,4,2.097972,30.000002,
427,325,328,GILL,apo,4,0,0,
428,325,328,GILL,apo,4,0.037797,0.5,
429,325,328,GILL,apo,4,0.058744,1,
430,325,328,GILL,apo,4,0.058494,3,
431,325,328,GILL,apo,4,0.059605,10,
432,325,328,GILL,apo,4,0.059605,30,0.064896999
433,325,328,GILL,apo,4,0.064897,30.000002,
434,326,330,ILLAT,apo,4,0,0,
435,326,330,ILLAT,apo,4,0.33367,0.5,
436,326,330,ILLAT,apo,4,0.243059,1,
437,326,330,ILLAT,apo,4,0.299221,3,
438,326,330,ILLAT,apo,4,0.310713,10,
439,326,330,ILLAT,apo,4,0.310713,30,0.301889001
440,326,330,ILLAT,apo,4,0.301889,30.000002,
441,328,337,LATGLHVHRN,apo,5,0,0,
442,328,337,LATGLHVHRN,apo,5,2.462457,0.5,
443,328,337,LATGLHVHRN,apo,5,2.322592,1,
444,328,337,LATGLHVHRN,apo,5,2.344089,3,
445,328,337,LATGLHVHRN,apo,5,2.491362,10,
446,328,337,LATGLHVHRN,apo,5,2.491362,30,2.507766998
447,328,337,LATGLHVHRN,apo,5,2.507767,30.000002,
448,328,346,LATGLHVHRNSAHSAGVGA,apo,5,0,0,
449,328,346,LATGLHVHRNSAHSAGVGA,apo,5,4.891358,0.5,
450,328,346,LATGLHVHRNSAHSAGVGA,apo,5,4.451377,1,
451,328,346,LATGLHVHRNSAHSAGVGA,apo,5,4.523135,3,
452,328,346,LATGLHVHRNSAHSAGVGA,apo,5,4.692451,10,
453,328,346,LATGLHVHRNSAHSAGVGA,apo,5,4.692451,30,4.664953003
454,328,346,LATGLHVHRNSAHSAGVGA,apo,5,4.664953,30.000002,
455,328,348,LATGLHVHRNSAHSAGVGAIF,apo,5,0,0,
456,328,348,LATGLHVHRNSAHSAGVGAIF,apo,5,6.150336,0.5,
457,328,348,LATGLHVHRNSAHSAGVGAIF,apo,5,5.78365,1,
458,328,348,LATGLHVHRNSAHSAGVGAIF,apo,5,6.075898,3,
459,328,348,LATGLHVHRNSAHSAGVGAIF,apo,5,6.388413,10,
460,328,348,LATGLHVHRNSAHSAGVGAIF,apo,5,6.388413,30,6.437723995
461,328,348,LATGLHVHRNSAHSAGVGAIF,apo,5,6.437724,30.000002,
462,329,346,ATGLHVHRNSAHSAGVGA,apo,6,0,0,
463,329,346,ATGLHVHRNSAHSAGVGA,apo,6,4.205014,0.5,
464,329,346,ATGLHVHRNSAHSAGVGA,apo,6,3.849459,1,
465,329,346,ATGLHVHRNSAHSAGVGA,apo,6,3.89794,3,
466,329,346,ATGLHVHRNSAHSAGVGA,apo,6,4.103387,10,
467,329,346,ATGLHVHRNSAHSAGVGA,apo,6,4.103387,30,4.064091004
468,329,346,ATGLHVHRNSAHSAGVGA,apo,6,4.064091,30.000002,
469,329,348,ATGLHVHRNSAHSAGVGAIF,apo,6,0,0,
470,329,348,ATGLHVHRNSAHSAGVGAIF,apo,6,5.469874,0.5,
471,329,348,ATGLHVHRNSAHSAGVGAIF,apo,6,5.259814,1,
472,329,348,ATGLHVHRNSAHSAGVGAIF,apo,6,5.517586,3,
473,329,348,ATGLHVHRNSAHSAGVGAIF,apo,6,5.7582,10,
474,329,348,ATGLHVHRNSAHSAGVGAIF,apo,6,5.7582,30,5.726099003
475,329,348,ATGLHVHRNSAHSAGVGAIF,apo,6,5.726099,30.000002,
476,331,337,GLHVHRN,apo,6,0,0,
477,331,337,GLHVHRN,apo,6,1.429262,0.5,
478,331,337,GLHVHRN,apo,6,1.272136,1,
479,331,337,GLHVHRN,apo,6,1.344363,3,
480,331,337,GLHVHRN,apo,6,1.481231,10,
481,331,337,GLHVHRN,apo,6,1.481231,30,1.457277002
482,331,337,GLHVHRN,apo,6,1.457277,30.000002,
483,338,348,SAHSAGVGAIF,apo,6,0,0,
484,338,348,SAHSAGVGAIF,apo,6,4.320922,0.5,
485,338,348,SAHSAGVGAIF,apo,6,4.042673,1,
486,338,348,SAHSAGVGAIF,apo,6,4.234987,3,
487,338,348,SAHSAGVGAIF,apo,6,4.467475,10,
488,338,348,SAHSAGVGAIF,apo,6,4.467475,30,4.442139003
489,338,348,SAHSAGVGAIF,apo,6,4.442139,30.000002,
490,340,345,HSAGVG,apo,6,0,0,
491,340,345,HSAGVG,apo,6,0.774431,0.5,
492,340,345,HSAGVG,apo,6,0.660989,1,
493,340,345,HSAGVG,apo,6,0.669357,3,
494,340,345,HSAGVG,apo,6,0.717756,10,
495,340,345,HSAGVG,apo,6,0.717756,30,0.716114
496,340,345,HSAGVG,apo,6,0.716114,30.000002,
497,349,354,DRVLTE,apo,6,0,0,
498,349,354,DRVLTE,apo,6,0.64025,0.5,
499,349,354,DRVLTE,apo,6,0.87977,1,
500,349,354,DRVLTE,apo,6,1.333244,3,
501,349,354,DRVLTE,apo,6,1.928892,10,
502,349,354,DRVLTE,apo,6,1.928892,30,2.213605972
503,349,354,DRVLTE,apo,6,2.213606,30.000002,
504,349,355,DRVLTEL,apo,7,0,0,
505,349,355,DRVLTEL,apo,7,0.569091,0.5,
506,349,355,DRVLTEL,apo,7,0.780287,1,
507,349,355,DRVLTEL,apo,7,1.20995,3,
508,349,355,DRVLTEL,apo,7,1.841055,10,
509,349,355,DRVLTEL,apo,7,1.841055,30,2.354179949
510,349,355,DRVLTEL,apo,7,2.35418,30.000002,
511,350,364,RVLTELVSKMRDMQM,apo,7,0,0,
512,350,364,RVLTELVSKMRDMQM,apo,7,4.266865,0.5,
513,350,364,RVLTELVSKMRDMQM,apo,7,3.956317,1,
514,350,364,RVLTELVSKMRDMQM,apo,7,4.080172,3,
515,350,364,RVLTELVSKMRDMQM,apo,7,4.253287,10,
516,350,364,RVLTELVSKMRDMQM,apo,7,4.253287,30,4.300310995
517,350,364,RVLTELVSKMRDMQM,apo,7,4.300311,30.000002,
518,353,358,TELVSK,apo,7,0,0,
519,353,358,TELVSK,apo,7,0.514437,0.5,
520,353,358,TELVSK,apo,7,0.737268,1,
521,353,358,TELVSK,apo,7,1.191791,3,
522,353,358,TELVSK,apo,7,1.612421,10,
523,353,358,TELVSK,apo,7,1.612421,30,1.826822979
524,353,358,TELVSK,apo,7,1.826823,30.000002,
525,359,364,MRDMQM,apo,10,0,0,
526,359,364,MRDMQM,apo,10,0.908194,0.5,
527,359,364,MRDMQM,apo,10,1.199854,1,
528,359,364,MRDMQM,apo,10,1.699372,3,
529,359,364,MRDMQM,apo,10,2.048503,10,
530,359,364,MRDMQM,apo,10,2.048503,30,2.224712982
531,359,364,MRDMQM,apo,10,2.224713,30.000002,
532,359,365,MRDMQMD,apo,10,0,0,
533,359,365,MRDMQMD,apo,10,0.949003,0.5,
534,359,365,MRDMQMD,apo,10,1.234388,1,
535,359,365,MRDMQMD,apo,10,1.679537,3,
536,359,365,MRDMQMD,apo,10,1.981005,10,
537,359,365,MRDMQMD,apo,10,1.981005,30,2.149106983
538,359,365,MRDMQMD,apo,10,2.149107,30.000002,
539,365,371,DKTELGC,apo,10,0,0,
540,365,371,DKTELGC,apo,10,0.622241,0.5,
541,365,371,DKTELGC,apo,10,0.674438,1,
542,365,371,DKTELGC,apo,10,0.811515,3,
543,365,371,DKTELGC,apo,10,0.779434,10,
544,365,371,DKTELGC,apo,10,0.779434,30,0.777398
545,365,371,DKTELGC,apo,10,0.777398,30.000002,
546,365,372,DKTELGCL,apo,5,0,0,
547,365,372,DKTELGCL,apo,5,0.523352,0.5,
548,365,372,DKTELGCL,apo,5,0.739897,1,
549,365,372,DKTELGCL,apo,5,0.854524,3,
550,365,372,DKTELGCL,apo,5,0.78592,10,
551,365,372,DKTELGCL,apo,5,0.78592,30,0.830082996
552,365,372,DKTELGCL,apo,5,0.830083,30.000002,
553,366,372,KTELGCL,apo,5,0,0,
554,366,372,KTELGCL,apo,5,0.134214,0.5,
555,366,372,KTELGCL,apo,5,0.122433,1,
556,366,372,KTELGCL,apo,5,0.1259,3,
557,366,372,KTELGCL,apo,5,0.073743,10,
558,366,372,KTELGCL,apo,5,0.073743,30,0.096502998
559,366,372,KTELGCL,apo,5,0.096503,30.000002,
560,367,371,TELGC,apo,5,0,0,
561,367,371,TELGC,apo,5,0.187608,0.5,
562,367,371,TELGC,apo,5,0.277114,1,
563,367,371,TELGC,apo,5,0.260645,3,
564,367,371,TELGC,apo,5,0.27431,10,
565,367,371,TELGC,apo,5,0.27431,30,0.276278
566,367,371,TELGC,apo,5,0.276278,30.000002,
567,367,372,TELGCL,apo,3,0,0,
568,367,372,TELGCL,apo,3,0.221946,0.5,
569,367,372,TELGCL,apo,3,0.248792,1,
570,367,372,TELGCL,apo,3,0.255753,3,
571,367,372,TELGCL,apo,3,0.24269,10,
572,367,372,TELGCL,apo,3,0.24269,30,0.272465997
573,367,372,TELGCL,apo,3,0.272466,30.000002,
574,367,373,TELGCLR,apo,3,0,0,
575,367,373,TELGCLR,apo,3,0.469037,0.5,
576,367,373,TELGCLR,apo,3,0.447726,1,
577,367,373,TELGCLR,apo,3,0.543449,3,
578,367,373,TELGCLR,apo,3,0.497458,10,
579,367,373,TELGCLR,apo,3,0.497458,30,0.493533
580,367,373,TELGCLR,apo,3,0.493533,30.000002,
581,373,377,RAIVL,apo,3,0,0,
582,373,377,RAIVL,apo,3,0.027858,0.5,
583,373,377,RAIVL,apo,3,0.049647,1,
584,373,377,RAIVL,apo,3,0.048344,3,
585,373,377,RAIVL,apo,3,0.021919,10,
586,373,377,RAIVL,apo,3,0.021919,30,0.025719
587,373,377,RAIVL,apo,3,0.025719,30.000002,
588,375,383,IVLFNPDSK,apo,6,0,0,
589,375,383,IVLFNPDSK,apo,6,1.110618,0.5,
590,375,383,IVLFNPDSK,apo,6,1.191376,1,
591,375,383,IVLFNPDSK,apo,6,1.498302,3,
592,375,383,IVLFNPDSK,apo,6,1.786349,10,
593,375,383,IVLFNPDSK,apo,6,1.786349,30,1.869615992
594,375,383,IVLFNPDSK,apo,6,1.869616,30.000002,
595,375,393,IVLFNPDSKGLSNPAEVEA,apo,6,0,0,
596,375,393,IVLFNPDSKGLSNPAEVEA,apo,6,4.184401,0.5,
597,375,393,IVLFNPDSKGLSNPAEVEA,apo,6,4.255972,1,
598,375,393,IVLFNPDSKGLSNPAEVEA,apo,6,4.821045,3,
599,375,393,IVLFNPDSKGLSNPAEVEA,apo,6,5.20443,10,
600,375,393,IVLFNPDSKGLSNPAEVEA,apo,6,5.20443,30,5.335904987
601,375,393,IVLFNPDSKGLSNPAEVEA,apo,6,5.335905,30.000002,
602,378,385,FNPDSKGL,apo,6,0,0,
603,378,385,FNPDSKGL,apo,6,1.936672,0.5,
604,378,385,FNPDSKGL,apo,6,1.942682,1,
605,378,385,FNPDSKGL,apo,6,2.359692,3,
606,378,385,FNPDSKGL,apo,6,2.650799,10,
607,378,385,FNPDSKGL,apo,6,2.650799,30,2.74740899
608,378,385,FNPDSKGL,apo,6,2.747409,30.000002,
609,378,390,FNPDSKGLSNPAE,apo,8,0,0,
610,378,390,FNPDSKGLSNPAE,apo,8,3.774023,0.5,
611,378,390,FNPDSKGLSNPAE,apo,8,3.888133,1,
612,378,390,FNPDSKGLSNPAE,apo,8,4.277253,3,
613,378,390,FNPDSKGLSNPAE,apo,8,4.724605,10,
614,378,390,FNPDSKGLSNPAE,apo,8,4.724605,30,4.748104998
615,378,390,FNPDSKGLSNPAE,apo,8,4.748105,30.000002,
616,378,392,FNPDSKGLSNPAEVE,apo,8,0,0,
617,378,392,FNPDSKGLSNPAEVE,apo,8,3.788034,0.5,
618,378,392,FNPDSKGLSNPAEVE,apo,8,3.820724,1,
619,378,392,FNPDSKGLSNPAEVE,apo,8,4.357665,3,
620,378,392,FNPDSKGLSNPAEVE,apo,8,4.766389,10,
621,378,392,FNPDSKGLSNPAEVE,apo,8,4.766389,30,4.812571995
622,378,392,FNPDSKGLSNPAEVE,apo,8,4.812572,30.000002,
623,378,393,FNPDSKGLSNPAEVEA,apo,8,0,0,
624,378,393,FNPDSKGLSNPAEVEA,apo,8,4.03143,0.5,
625,378,393,FNPDSKGLSNPAEVEA,apo,8,4.141599,1,
626,378,393,FNPDSKGLSNPAEVEA,apo,8,4.695561,3,
627,378,393,FNPDSKGLSNPAEVEA,apo,8,5.060363,10,
628,378,393,FNPDSKGLSNPAEVEA,apo,8,5.060363,30,5.220858984
629,378,393,FNPDSKGLSNPAEVEA,apo,8,5.220859,30.000002,
630,394,399,LREKVY,apo,7,0,0,
631,394,399,LREKVY,apo,7,0.12473,0.5,
632,394,399,LREKVY,apo,7,0.110042,1,
633,394,399,LREKVY,apo,7,0.105695,3,
634,394,399,LREKVY,apo,7,0.113077,10,
635,394,399,LREKVY,apo,7,0.113077,30,0.107509001
636,394,399,LREKVY,apo,7,0.107509,30.000002,
637,398,402,VYASL,apo,7,0,0,
638,398,402,VYASL,apo,7,0.07101,0.5,
639,398,402,VYASL,apo,7,0.087081,1,
640,398,402,VYASL,apo,7,0.084549,3,
641,398,402,VYASL,apo,7,0.073615,10,
642,398,402,VYASL,apo,7,0.073615,30,0.120580995
643,398,402,VYASL,apo,7,0.120581,30.000002,
644,400,404,ASLEA,apo,7,0,0,
645,400,404,ASLEA,apo,7,0.082452,0.5,
646,400,404,ASLEA,apo,7,0.066262,1,
647,400,404,ASLEA,apo,7,0.067546,3,
648,400,404,ASLEA,apo,7,0.067631,10,
649,400,404,ASLEA,apo,7,0.067631,30,0.090711998
650,400,404,ASLEA,apo,7,0.090712,30.000002,
651,403,419,EAYCKHKYPEQPGRFAK,apo,5,0,0,
652,403,419,EAYCKHKYPEQPGRFAK,apo,5,1.918492,0.5,
653,403,419,EAYCKHKYPEQPGRFAK,apo,5,2.078613,1,
654,403,419,EAYCKHKYPEQPGRFAK,apo,5,2.476343,3,
655,403,419,EAYCKHKYPEQPGRFAK,apo,5,2.963101,10,
656,403,419,EAYCKHKYPEQPGRFAK,apo,5,2.963101,30,3.099063986
657,403,419,EAYCKHKYPEQPGRFAK,apo,5,3.099064,30.000002,
658,403,420,EAYCKHKYPEQPGRFAKL,apo,5,0,0,
659,403,420,EAYCKHKYPEQPGRFAKL,apo,5,1.702266,0.5,
660,403,420,EAYCKHKYPEQPGRFAKL,apo,5,1.893305,1,
661,403,420,EAYCKHKYPEQPGRFAKL,apo,5,2.264193,3,
662,403,420,EAYCKHKYPEQPGRFAKL,apo,5,2.658275,10,
663,403,420,EAYCKHKYPEQPGRFAKL,apo,5,2.658275,30,2.876059978
664,403,420,EAYCKHKYPEQPGRFAKL,apo,5,2.87606,30.000002,
665,405,417,YCKHKYPEQPGRF,apo,5,0,0,
666,405,417,YCKHKYPEQPGRF,apo,5,2.021252,0.5,
667,405,417,YCKHKYPEQPGRF,apo,5,2.181463,1,
668,405,417,YCKHKYPEQPGRF,apo,5,2.49828,3,
669,405,417,YCKHKYPEQPGRF,apo,5,2.88064,10,
670,405,417,YCKHKYPEQPGRF,apo,5,2.88064,30,3.165985971
671,405,417,YCKHKYPEQPGRF,apo,5,3.165986,30.000002,
672,405,419,YCKHKYPEQPGRFAK,apo,5,0,0,
673,405,419,YCKHKYPEQPGRFAK,apo,5,1.744748,0.5,
674,405,419,YCKHKYPEQPGRFAK,apo,5,1.876573,1,
675,405,419,YCKHKYPEQPGRFAK,apo,5,2.215873,3,
676,405,419,YCKHKYPEQPGRFAK,apo,5,2.652056,10,
677,405,419,YCKHKYPEQPGRFAK,apo,5,2.652056,30,2.795407986
678,405,419,YCKHKYPEQPGRFAK,apo,5,2.795408,30.000002,
679,411,420,PEQPGRFAKL,apo,5,0,0,
680,411,420,PEQPGRFAKL,apo,5,1.311414,0.5,
681,411,420,PEQPGRFAKL,apo,5,1.472773,1,
682,411,420,PEQPGRFAKL,apo,5,1.892121,3,
683,411,420,PEQPGRFAKL,apo,5,2.26466,10,
684,411,420,PEQPGRFAKL,apo,5,2.26466,30,2.381155988
685,411,420,PEQPGRFAKL,apo,5,2.381156,30.000002,
686,411,421,PEQPGRFAKLL,apo,5,0,0,
687,411,421,PEQPGRFAKLL,apo,5,1.307877,0.5,
688,411,421,PEQPGRFAKLL,apo,5,1.460938,1,
689,411,421,PEQPGRFAKLL,apo,5,1.752134,3,
690,411,421,PEQPGRFAKLL,apo,5,2.05074,10,
691,411,421,PEQPGRFAKLL,apo,5,2.05074,30,2.231589982
692,411,421,PEQPGRFAKLL,apo,5,2.23159,30.000002,
693,420,424,LLLRL,apo,14,0,0,
694,420,424,LLLRL,apo,14,0.302955,0.5,
695,420,424,LLLRL,apo,14,0.471702,1,
696,420,424,LLLRL,apo,14,0.749149,3,
697,420,424,LLLRL,apo,14,0.953043,10,
698,420,424,LLLRL,apo,14,0.953043,30,1.135322982
699,420,424,LLLRL,apo,14,1.135323,30.000002,
700,421,424,LLRL,apo,14,0,0,
701,421,424,LLRL,apo,14,0.265584,0.5,
702,421,424,LLRL,apo,14,0.441142,1,
703,421,424,LLRL,apo,14,0.703913,3,
704,421,424,LLRL,apo,14,0.857301,10,
705,421,424,LLRL,apo,14,0.857301,30,0.931097993
706,421,424,LLRL,apo,14,0.931098,30.000002,
707,421,427,LLRLPAL,apo,14,0,0,
708,421,427,LLRLPAL,apo,14,0.901408,0.5,
709,421,427,LLRLPAL,apo,14,1.083263,1,
710,421,427,LLRLPAL,apo,14,1.390716,3,
711,421,427,LLRLPAL,apo,14,1.61568,10,
712,421,427,LLRLPAL,apo,14,1.61568,30,1.803131981
713,421,427,LLRLPAL,apo,14,1.803132,30.000002,
714,421,431,LLRLPALRSIG,apo,12,0,0,
715,421,431,LLRLPALRSIG,apo,12,1.600127,0.5,
716,421,431,LLRLPALRSIG,apo,12,2.164791,1,
717,421,431,LLRLPALRSIG,apo,12,3.10661,3,
718,421,431,LLRLPALRSIG,apo,12,3.864879,10,
719,421,431,LLRLPALRSIG,apo,12,3.864879,30,4.290165957
720,421,431,LLRLPALRSIG,apo,12,4.290166,30.000002,
721,421,433,LLRLPALRSIGLK,apo,12,0,0,
722,421,433,LLRLPALRSIGLK,apo,12,2.235671,0.5,
723,421,433,LLRLPALRSIGLK,apo,12,2.924338,1,
724,421,433,LLRLPALRSIGLK,apo,12,4.13157,3,
725,421,433,LLRLPALRSIGLK,apo,12,5.082853,10,
726,421,433,LLRLPALRSIGLK,apo,12,5.082853,30,5.447415964
727,421,433,LLRLPALRSIGLK,apo,12,5.447416,30.000002,
728,421,435,LLRLPALRSIGLKCL,apo,12,0,0,
729,421,435,LLRLPALRSIGLKCL,apo,12,3.421444,0.5,
730,421,435,LLRLPALRSIGLKCL,apo,12,3.921531,1,
731,421,435,LLRLPALRSIGLKCL,apo,12,5.079988,3,
732,421,435,LLRLPALRSIGLKCL,apo,12,6.148178,10,
733,421,435,LLRLPALRSIGLKCL,apo,12,6.148178,30,6.394110975
734,421,435,LLRLPALRSIGLKCL,apo,12,6.394111,30.000002,
735,422,427,LRLPAL,apo,11,0,0,
736,422,427,LRLPAL,apo,11,0.707998,0.5,
737,422,427,LRLPAL,apo,11,0.766422,1,
738,422,427,LRLPAL,apo,11,0.82762,3,
739,422,427,LRLPAL,apo,11,0.924586,10,
740,422,427,LRLPAL,apo,11,0.924586,30,1.069482986
741,422,427,LRLPAL,apo,11,1.069483,30.000002,
742,422,428,LRLPALR,apo,11,0,0,
743,422,428,LRLPALR,apo,11,0.833436,0.5,
744,422,428,LRLPALR,apo,11,0.895194,1,
745,422,428,LRLPALR,apo,11,1.004507,3,
746,422,428,LRLPALR,apo,11,1.214828,10,
747,422,428,LRLPALR,apo,11,1.214828,30,1.51490397
748,422,428,LRLPALR,apo,11,1.514904,30.000002,
749,422,433,LRLPALRSIGLK,apo,11,0,0,
750,422,433,LRLPALRSIGLK,apo,11,2.088787,0.5,
751,422,433,LRLPALRSIGLK,apo,11,2.63729,1,
752,422,433,LRLPALRSIGLK,apo,11,3.620913,3,
753,422,433,LRLPALRSIGLK,apo,11,4.453357,10,
754,422,433,LRLPALRSIGLK,apo,11,4.453357,30,4.835575962
755,422,433,LRLPALRSIGLK,apo,11,4.835576,30.000002,
756,422,435,LRLPALRSIGLKCL,apo,8,0,0,
757,422,435,LRLPALRSIGLKCL,apo,8,3.21165,0.5,
758,422,435,LRLPALRSIGLKCL,apo,8,3.627891,1,
759,422,435,LRLPALRSIGLKCL,apo,8,4.712988,3,
760,422,435,LRLPALRSIGLKCL,apo,8,5.497884,10,
761,422,435,LRLPALRSIGLKCL,apo,8,5.497884,30,5.816225968
762,422,435,LRLPALRSIGLKCL,apo,8,5.816226,30.000002,
763,424,428,LPALR,apo,8,0,0,
764,424,428,LPALR,apo,8,0.636279,0.5,
765,424,428,LPALR,apo,8,0.794803,1,
766,424,428,LPALR,apo,8,0.978362,3,
767,424,428,LPALR,apo,8,1.191244,10,
768,424,428,LPALR,apo,8,1.191244,30,1.352042984
769,424,428,LPALR,apo,8,1.352043,30.000002,
770,427,430,LRSI,apo,8,0,0,
771,427,430,LRSI,apo,8,0.795483,0.5,
772,427,430,LRSI,apo,8,0.841136,1,
773,427,430,LRSI,apo,8,1.059733,3,
774,427,430,LRSI,apo,8,1.349852,10,
775,427,430,LRSI,apo,8,1.349852,30,1.407318994
776,427,430,LRSI,apo,8,1.407319,30.000002,
777,428,433,RSIGLK,apo,6,0,0,
778,428,433,RSIGLK,apo,6,1.165959,0.5,
779,428,433,RSIGLK,apo,6,1.570697,1,
780,428,433,RSIGLK,apo,6,2.288172,3,
781,428,433,RSIGLK,apo,6,2.847681,10,
782,428,433,RSIGLK,apo,6,2.847681,30,2.870532998
783,428,433,RSIGLK,apo,6,2.870533,30.000002,
784,428,435,RSIGLKCL,apo,6,0,0,
785,428,435,RSIGLKCL,apo,6,2.352738,0.5,
786,428,435,RSIGLKCL,apo,6,2.625849,1,
787,428,435,RSIGLKCL,apo,6,3.296385,3,
788,428,435,RSIGLKCL,apo,6,3.830279,10,
789,428,435,RSIGLKCL,apo,6,3.830279,30,3.876649995
790,428,435,RSIGLKCL,apo,6,3.87665,30.000002,
791,436,439,EHLF,apo,6,0,0,
792,436,439,EHLF,apo,6,0.946497,0.5,
793,436,439,EHLF,apo,6,0.923011,1,
794,436,439,EHLF,apo,6,0.924055,3,
795,436,439,EHLF,apo,6,0.968951,10,
796,436,439,EHLF,apo,6,0.968951,30,1.007708996
797,436,439,EHLF,apo,6,1.007709,30.000002,
798,436,440,EHLFF,apo,4,0,0,
799,436,440,EHLFF,apo,4,1.380092,0.5,
800,436,440,EHLFF,apo,4,1.241308,1,
801,436,440,EHLFF,apo,4,1.268965,3,
802,436,440,EHLFF,apo,4,1.313761,10,
803,436,440,EHLFF,apo,4,1.313761,30,1.352264996
804,436,440,EHLFF,apo,4,1.352265,30.000002,
805,439,442,FFFK,apo,4,0,0,
806,439,442,FFFK,apo,4,1.131402,0.5,
807,439,442,FFFK,apo,4,0.937382,1,
808,439,442,FFFK,apo,4,0.95872,3,
809,439,442,FFFK,apo,4,1.016846,10,
810,439,442,FFFK,apo,4,1.016846,30,0.931152009
811,439,442,FFFK,apo,4,0.931152,30.000002,
812,439,443,FFFKL,apo,4,0,0,
813,439,443,FFFKL,apo,4,2.284161,0.5,
814,439,443,FFFKL,apo,4,2.027555,1,
815,439,443,FFFKL,apo,4,2.059818,3,
816,439,443,FFFKL,apo,4,2.16992,10,
817,439,443,FFFKL,apo,4,2.16992,30,2.152269002
818,439,443,FFFKL,apo,4,2.152269,30.000002,
819,440,443,FFKL,apo,11,0,0,
820,440,443,FFKL,apo,11,1.581384,0.5,
821,440,443,FFKL,apo,11,1.432019,1,
822,440,443,FFKL,apo,11,1.445214,3,
823,440,443,FFKL,apo,11,1.500362,10,
824,440,443,FFKL,apo,11,1.500362,30,1.506988999
825,440,443,FFKL,apo,11,1.506989,30.000002,
826,441,450,FKLIGDTPID,apo,11,0,0,
827,441,450,FKLIGDTPID,apo,11,4.077041,0.5,
828,441,450,FKLIGDTPID,apo,11,3.629266,1,
829,441,450,FKLIGDTPID,apo,11,3.693878,3,
830,441,450,FKLIGDTPID,apo,11,3.849427,10,
831,441,450,FKLIGDTPID,apo,11,3.849427,30,3.855137999
832,441,450,FKLIGDTPID,apo,11,3.855138,30.000002,
833,443,450,LIGDTPID,apo,11,0,0,
834,443,450,LIGDTPID,apo,11,2.690502,0.5,
835,443,450,LIGDTPID,apo,11,2.410165,1,
836,443,450,LIGDTPID,apo,11,2.3961,3,
837,443,450,LIGDTPID,apo,11,2.5342,10,
838,443,450,LIGDTPID,apo,11,2.5342,30,2.492684004
839,443,450,LIGDTPID,apo,11,2.492684,30.000002,
840,443,451,LIGDTPIDT,apo,9,0,0,
841,443,451,LIGDTPIDT,apo,9,3.333701,0.5,
842,443,451,LIGDTPIDT,apo,9,2.904933,1,
843,443,451,LIGDTPIDT,apo,9,2.932245,3,
844,443,451,LIGDTPIDT,apo,9,3.098399,10,
845,443,451,LIGDTPIDT,apo,9,3.098399,30,3.230088987
846,443,451,LIGDTPIDT,apo,9,3.230089,30.000002,
847,443,452,LIGDTPIDTF,apo,9,0,0,
848,443,452,LIGDTPIDTF,apo,9,3.958967,0.5,
849,443,452,LIGDTPIDTF,apo,9,3.573841,1,
850,443,452,LIGDTPIDTF,apo,9,3.534533,3,
851,443,452,LIGDTPIDTF,apo,9,3.753469,10,
852,443,452,LIGDTPIDTF,apo,9,3.753469,30,3.770128998
853,443,452,LIGDTPIDTF,apo,9,3.770129,30.000002,
854,444,450,IGDTPID,apo,9,0,0,
855,444,450,IGDTPID,apo,9,2.351243,0.5,
856,444,450,IGDTPID,apo,9,2.123353,1,
857,444,450,IGDTPID,apo,9,2.135802,3,
858,444,450,IGDTPID,apo,9,2.222947,10,
859,444,450,IGDTPID,apo,9,2.222947,30,2.216780001
860,444,450,IGDTPID,apo,9,2.21678,30.000002,
861,444,451,IGDTPIDT,apo,7,0,0,
862,444,451,IGDTPIDT,apo,7,2.896213,0.5,
863,444,451,IGDTPIDT,apo,7,2.684436,1,
864,444,451,IGDTPIDT,apo,7,2.710726,3,
865,444,451,IGDTPIDT,apo,7,2.831963,10,
866,444,451,IGDTPIDT,apo,7,2.831963,30,2.831247
867,444,451,IGDTPIDT,apo,7,2.831247,30.000002,
868,444,452,IGDTPIDTF,apo,7,0,0,
869,444,452,IGDTPIDTF,apo,7,2.875049,0.5,
870,444,452,IGDTPIDTF,apo,7,2.55494,1,
871,444,452,IGDTPIDTF,apo,7,2.576241,3,
872,444,452,IGDTPIDTF,apo,7,2.648015,10,
873,444,452,IGDTPIDTF,apo,7,2.648015,30,2.690754996
874,444,452,IGDTPIDTF,apo,7,2.690755,30.000002,
875,452,456,FLMEM,apo,7,0,0,
876,452,456,FLMEM,apo,7,1.756881,0.5,
877,452,456,FLMEM,apo,7,1.854227,1,
878,452,456,FLMEM,apo,7,2.028366,3,
879,452,456,FLMEM,apo,7,2.130392,10,
880,452,456,FLMEM,apo,7,2.130392,30,2.142027999
881,452,456,FLMEM,apo,7,2.142028,30.000002,
882,453,456,LMEM,apo,8,0,0,
883,453,456,LMEM,apo,8,0.947524,0.5,
884,453,456,LMEM,apo,8,1.102141,1,
885,453,456,LMEM,apo,8,1.315098,3,
886,453,456,LMEM,apo,8,1.351823,10,
887,453,456,LMEM,apo,8,1.351823,30,1.317519003
888,453,456,LMEM,apo,8,1.317519,30.000002,